number,value,datetime_start,datetime_complete,duration,params_daily_horizon,params_weight_fertilizer,params_weight_fertilizer_anomaly,params_weight_fruit_biomass,params_weight_height,params_weight_irrigation,params_weight_leaf_area,params_weight_water_anomaly,user_attrs_fruit_biomass,user_attrs_height,user_attrs_leaf_area,user_attrs_total_fertilizer,user_attrs_total_irrigation,state
91,1027.0990756404638,2026-01-06 17:35:28.769775,2026-01-06 17:35:40.523158,0 days 00:00:11.753383,3,0.0009670078798979885,0.007810305173623424,1075.0290159934561,761.0262426019591,0.4641360665536866,454.64590485377136,0.006421113597407508,0.2268769384183766,2.753761510820899,0.5955263045460981,334.9057940129053,0.6454755767654077,COMPLETE
97,1022.5050939868839,2026-01-06 17:36:40.199245,2026-01-06 17:36:55.682696,0 days 00:00:15.483451,4,0.000644788058878596,0.009504423080899759,163.89114999086837,640.953660457658,0.21612552995134449,485.87384177236726,0.004338706210534147,0.2232614385703473,2.712877469902146,0.5760915896749991,307.2802613994893,0.5743151892875256,COMPLETE
78,1020.4329387997562,2026-01-06 17:32:40.477138,2026-01-06 17:32:55.913830,0 days 00:00:15.436692,5,0.001704490727382388,0.00795149618760285,2991.3171684505883,777.3556992785591,1.0008301425858537,337.62305105978453,0.006744918475927956,0.2269635881504609,2.785057838448334,0.5978753018565722,347.7401904232581,1.0313828973844248,COMPLETE
92,1017.8333682073737,2026-01-06 17:35:40.524271,2026-01-06 17:35:51.935999,0 days 00:00:11.411728,3,0.0009784024915276445,0.007935611268544451,855.8287586029203,763.8468477946706,0.4870087442830602,469.08633351942325,0.007225945053585042,0.2244796551834995,2.70042992149091,0.5876572298321694,327.07604537528744,0.5688785824353825,COMPLETE
96,1016.8851188492995,2026-01-06 17:36:25.079133,2026-01-06 17:36:40.198390,0 days 00:00:15.119257,4,0.0006355522944518069,0.006720586862737065,181.88171931108764,625.3984011735803,1.1938540158954938,487.21474292500636,0.003348057005328142,0.22266046835959893,2.6935593859033164,0.5734511930700478,311.3895990245556,0.16366828325742835,COMPLETE
85,1015.4375781250651,2026-01-06 17:34:09.651232,2026-01-06 17:34:20.890725,0 days 00:00:11.239493,3,0.0009516297473242893,0.004591696303663471,1343.6582512474672,782.8971446207729,0.4836932355653569,260.3617252655713,0.007475866322230187,0.22619436977061314,2.741719041643276,0.5960254418753527,348.39310972314365,0.6598172224343554,COMPLETE
84,1012.1666293593385,2026-01-06 17:33:58.023179,2026-01-06 17:34:09.650072,0 days 00:00:11.626893,3,0.000982552518193295,0.005052437111451136,1565.4959811898848,794.16132084715,0.4868400373564601,382.45346856895327,0.006790238815168858,0.226049390263746,2.7464096283286845,0.599515489277159,353.88341114033693,0.7444550301287958,COMPLETE
74,1002.01139522372,2026-01-06 17:31:26.980890,2026-01-06 17:31:43.697498,0 days 00:00:16.716608,5,0.0017279507574777977,0.009732498629868132,3356.4033976314086,891.5531659007715,9.869248932463888,539.0638722325756,0.004766735343756925,0.22574088166016462,2.841112417934765,0.6016917504077876,376.33671771711124,0.13372222554868668,COMPLETE
13,1001.6476839607762,2026-01-06 17:11:54.674960,2026-01-06 17:12:11.143978,0 days 00:00:16.469018,4,0.000993502390906369,0.014421346497969485,2365.1018383670626,416.2790938052734,4.268407710065496,757.9956271576182,0.0020319809838424984,0.22684257835779298,2.740296825430073,0.599103484245189,378.05168865044106,0.19784545140004864,COMPLETE
93,988.74805407836,2026-01-06 17:35:51.937159,2026-01-06 17:36:02.817108,0 days 00:00:10.879949,3,0.0009516606386420271,0.00849514297057319,869.0000192741071,685.170426222832,0.442686174772673,457.3641713880886,0.009179625944806473,0.21983794960244907,2.6327755998289017,0.5714626157041716,331.0400891347921,0.6419076470921342,COMPLETE
77,987.0850081714719,2026-01-06 17:32:22.175904,2026-01-06 17:32:40.475984,0 days 00:00:18.300080,5,0.0015575862744461114,0.011739908425202887,3210.5864558259123,793.9218182488881,0.9578386315525868,453.98123086270766,0.00692132681404251,0.22334570605159523,2.8398227639637303,0.6063729708658808,381.5585686404744,1.1452040438852866,COMPLETE
81,984.6104295942455,2026-01-06 17:33:23.074519,2026-01-06 17:33:34.133580,0 days 00:00:11.059061,3,0.0009025877775209018,0.005036508702399935,2074.277994237814,689.2202916856829,0.9407285002541349,311.82294903504567,0.006814369787858439,0.22497646277263894,2.722989661244181,0.5976725698646335,389.80864588972565,0.49828091607435554,COMPLETE
83,982.3556792859341,2026-01-06 17:33:45.728734,2026-01-06 17:33:58.022024,0 days 00:00:12.293290,3,0.0010880694370799244,0.004718243381787897,1601.160239907792,780.7817832313006,0.48497908089002123,388.4527549187451,0.006898284740488536,0.22090688143978426,2.6860581535365164,0.5733594572927049,352.29912122564315,0.8263006901353684,COMPLETE
79,981.0371869895405,2026-01-06 17:32:55.915123,2026-01-06 17:33:12.090257,0 days 00:00:16.175134,4,0.0016256231183514214,0.00479163367709804,2207.8007486691313,755.688826990246,0.9134491153272247,349.72918430173024,0.006854344177799493,0.21862249644350545,2.617087954666391,0.5671908536084511,331.862671436465,0.8066769306050541,COMPLETE
80,979.7332163625879,2026-01-06 17:33:12.091540,2026-01-06 17:33:23.073215,0 days 00:00:10.981675,3,0.0008825364494414665,0.004954194956017598,2185.7190102628747,735.8518935325915,0.9632604315740824,337.6049024609021,0.006548035589971558,0.22481508847639514,2.723111201638095,0.596335015604814,396.1471443891585,0.490250557397812,COMPLETE
75,976.9600945867907,2026-01-06 17:31:43.698773,2026-01-06 17:31:59.793054,0 days 00:00:16.094281,5,0.0016260278220585813,0.009727372346591542,3346.59488650614,400.65416410687516,4.900621787255378,361.79359018714035,0.005377885483577435,0.22291194231234562,2.6954210992966914,0.58429141625882,381.70403166870517,0.2970831147964249,COMPLETE
46,947.2515315381241,2026-01-06 17:22:40.932435,2026-01-06 17:22:56.820917,0 days 00:00:15.888482,5,0.0017694482194768528,0.1360815250547012,3660.6574568539927,289.2607759986657,2.245673790546744,897.723418499762,5.306625475246232,0.21777142260399168,2.677271284281821,0.568383958727745,384.6237172624917,0.7896913633988483,COMPLETE
87,942.4909549054646,2026-01-06 17:34:32.549701,2026-01-06 17:34:43.626195,0 days 00:00:11.076494,3,0.0011532256340730605,0.006835859774157838,856.7845824959725,851.9227292482221,0.20596275122211127,281.64111144995934,0.003716100742904561,0.21228781236524683,2.531672269362235,0.5486223783211338,336.1573987039715,1.1757540411835823,COMPLETE
90,942.4168995934988,2026-01-06 17:35:09.147100,2026-01-06 17:35:28.768351,0 days 00:00:19.621251,4,0.0007688492923540039,0.004116973022279703,473.37653474683293,906.9817852696033,0.17448419451594024,386.3096789350162,0.004171099495102352,0.21225292326417627,2.658340972763861,0.5615128604473103,347.94255246409443,1.1195403810192486,COMPLETE
51,940.5654821615706,2026-01-06 17:24:03.665781,2026-01-06 17:24:23.050918,0 days 00:00:19.385137,6,0.0019657285056471257,0.02748494017495721,4207.945101996173,349.5747054102675,1.9077460579815808,885.9968147258235,6.1532847426522554,0.21979074656407924,2.684347867781346,0.5843879028560756,415.0460639948781,1.130315621065003,COMPLETE
64,914.1517240374742,2026-01-06 17:27:45.338855,2026-01-06 17:28:02.671081,0 days 00:00:17.332226,6,0.002676368575651633,0.019915724434445194,4380.367040020456,284.3878219778968,6.099368780221722,836.2045629273499,0.0017744644121190157,0.20932588387009846,2.498551684413205,0.5425341905654926,359.3575028172411,0.39855619036044626,COMPLETE
42,903.3338446546122,2026-01-06 17:21:39.801638,2026-01-06 17:21:55.296237,0 days 00:00:15.494599,5,0.002289003336168584,0.269414018076521,4376.854714319286,297.45091051450015,9.059621574844808,997.2043794806985,8.374896831595061,0.20882219548143316,2.4853255924418582,0.5416213684908129,372.70220952551955,0.2603792750431707,COMPLETE
72,887.1541255365844,2026-01-06 17:30:45.750702,2026-01-06 17:31:07.909533,0 days 00:00:22.158831,7,0.0028939322137633413,0.01134934707915579,3524.794464876565,263.8017758122684,3.03736772000641,693.0416351214645,0.0027450250055008596,0.20099021808166978,2.344791612369466,0.5128332937171609,322.68256267722535,0.7260580125753902,COMPLETE
41,883.5263577006822,2026-01-06 17:21:23.678639,2026-01-06 17:21:39.800479,0 days 00:00:16.121840,5,0.0021021589716252766,0.42806160137329075,4383.061286129189,197.90457366512342,9.321315858777757,817.9015633347863,4.529981804212613,0.20704047188291996,2.4714701457568564,0.5395869586274312,390.5584219519716,0.25676115309433806,COMPLETE
66,880.8046083482025,2026-01-06 17:28:26.168462,2026-01-06 17:28:44.844371,0 days 00:00:18.675909,6,0.0027544275264369932,0.041140434661085516,3886.903994571223,283.8264415376676,9.474880472992272,714.4503592857011,0.008895638212281318,0.20124229957306636,2.333614479289181,0.5153202149409442,336.6366568158755,0.2495352272097564,COMPLETE
98,876.671482188661,2026-01-06 17:36:55.683814,2026-01-06 17:37:11.670367,0 days 00:00:15.986553,4,0.000425270182076864,0.006563771982067894,311.41169587550826,606.8173258421252,0.199160827361672,487.0717686930046,0.004585660702380813,0.20404590355218824,2.6107848047787523,0.5657530477787311,395.0802366110198,0.8839483895470154,COMPLETE
73,868.27707950063,2026-01-06 17:31:07.910790,2026-01-06 17:31:26.979673,0 days 00:00:19.068883,6,0.0010951553473231778,0.008552980937641622,3654.4973371147858,266.41581032272745,3.143950803412503,682.2638285295114,0.0029311731356966818,0.21400088534925346,2.746002604534976,0.5906025672301357,498.58620842808256,0.49228572095435913,COMPLETE
63,865.0977848302861,2026-01-06 17:27:27.094221,2026-01-06 17:27:45.337564,0 days 00:00:18.243343,7,0.0034190359476508046,0.02224487788390373,4423.419562398158,173.04091958806234,6.172849382933324,849.3399128750717,0.0020129267537251088,0.19708906773286505,2.2725270305059033,0.5029945464849425,323.6133921002816,0.46610869667988564,COMPLETE
62,862.8217909870401,2026-01-06 17:27:08.788629,2026-01-06 17:27:27.093019,0 days 00:00:18.304390,6,0.003538683796612569,0.02171577888802008,4837.407354228936,335.0207728456161,5.66680778092014,869.9501927657996,0.0020123439045921935,0.1975626182438339,2.276635816809419,0.5032127208664023,330.9036240303662,0.5150118089909863,COMPLETE
94,862.4340092228128,2026-01-06 17:36:02.818330,2026-01-06 17:36:13.948307,0 days 00:00:11.129977,3,0.0013112836742965501,0.007710275799837526,850.0244111859352,684.1225111380365,0.3296439099696061,447.67320860794246,0.009275609557573701,0.19540528781235994,2.2305973560059766,0.493189715363739,308.12842895182484,1.0176812145907008,COMPLETE
70,856.3183423433464,2026-01-06 17:29:53.611751,2026-01-06 17:30:29.122779,0 days 00:00:35.511028,13,0.009738715339800513,0.07757978773110143,5649.828157818513,319.5870264706667,4.321417240447006,581.086227277894,0.014498745787169408,0.18660088894042345,2.07299377567274,0.46981711252671143,237.2910702525382,0.9621788241341633,COMPLETE
61,843.9122175162552,2026-01-06 17:26:46.007250,2026-01-06 17:27:08.787387,0 days 00:00:22.780137,7,0.0037351297776404037,0.02846888905326849,4853.373814731412,191.62115332417645,1.9899559834158067,886.9676645103076,0.006018410055372505,0.19334674871297033,2.2721121801179915,0.4928304247238044,323.85363117137075,1.5585761684944948,COMPLETE
44,842.4273684627294,2026-01-06 17:22:10.124945,2026-01-06 17:22:25.413828,0 days 00:00:15.288883,4,0.0021039906645419996,0.37238085583066527,3606.6257483813515,368.0815158253614,2.4480585016096135,999.7510040625356,6.469059185873394,0.1960159547540019,2.2504785661795537,0.49715817813597774,348.71234709418064,0.6950035961357945,COMPLETE
36,841.604241181363,2026-01-06 17:19:35.375237,2026-01-06 17:20:02.157111,0 days 00:00:26.781874,8,0.001987406676730671,0.04322105940560543,6204.5446246362935,196.06863883885123,2.065555796718169,885.1217464051716,0.0045493796331106465,0.2105432525659351,2.6658199641856304,0.5746721701810623,503.582676979532,1.4858422035204768,COMPLETE
33,831.3310494155506,2026-01-06 17:18:40.203905,2026-01-06 17:18:56.322103,0 days 00:00:16.118198,6,0.001071713833806053,0.006163203379869198,4654.923604113323,109.44040482163012,2.6337922752922656,763.5863377761216,0.7452079180879208,0.21268668105862473,2.6490515949690763,0.5751722604729296,537.2649407051636,0.811424763978212,COMPLETE
69,831.0185614333064,2026-01-06 17:29:37.494846,2026-01-06 17:29:53.610502,0 days 00:00:16.115656,5,0.0024677866338631573,0.03824526344992956,3119.9230572246347,298.2173861392876,7.882394072090057,748.2355489047067,0.008829342472897145,0.18921062435320307,2.1037116499063955,0.474809669258055,303.30104525531016,0.22793089444615405,COMPLETE
45,809.2523920961211,2026-01-06 17:22:25.415283,2026-01-06 17:22:40.931351,0 days 00:00:15.516068,4,0.002425725230660784,0.31427080830311377,2790.0734513240786,379.92587373106545,5.340359171267041,999.1407767152514,5.464812004703079,0.1835657109735789,1.999703767933398,0.45640278419812363,285.2952937936784,0.2799709136259733,COMPLETE
40,802.9691336136425,2026-01-06 17:21:08.695192,2026-01-06 17:21:23.677389,0 days 00:00:14.982197,5,0.002826200669453312,0.3852839184745753,4202.868805294276,200.64783506556756,9.170826966607272,820.8051602077234,3.546279416258289,0.18571992202224752,2.058277044837648,0.4666526336279571,318.0805439287245,0.2765391062252708,COMPLETE
86,797.766723295633,2026-01-06 17:34:20.892144,2026-01-06 17:34:32.548252,0 days 00:00:11.656108,3,0.000498957269599673,0.0033018625449744675,1388.0844392819113,790.7618914283273,0.43058906538465586,234.18900149293177,0.019495741071934317,0.20269432757874684,2.700646212139383,0.5506511514090643,513.2682091357,0.9944844991489223,COMPLETE
11,789.7688364680637,2026-01-06 17:11:03.742582,2026-01-06 17:11:31.014901,0 days 00:00:27.272319,8,0.007742116473996248,1.2130221181165162,7631.7719813072845,128.3983034789187,3.53875886477924,716.1123393507651,0.17583640270008521,0.1783447337064147,1.9925031317736377,0.4448689225276054,270.6830951700363,1.5251180232960178,COMPLETE
71,789.278311569793,2026-01-06 17:30:29.124054,2026-01-06 17:30:45.749229,0 days 00:00:16.625175,6,0.004292002388575015,0.017022476969576917,4402.278599998135,224.04529843318548,6.080070976138099,838.8759729809964,0.0017384643062361592,0.17733154858339967,1.9127121134947478,0.43891410250493396,260.9384999959805,0.4711483198401507,COMPLETE
29,787.2709628915425,2026-01-06 17:17:22.365151,2026-01-06 17:17:42.830454,0 days 00:00:20.465303,7,0.0011383648199802534,0.00111158839993466,6081.169640061873,107.4800912282813,3.1399816944623713,630.1372781615444,0.04761194682136476,0.20846496294243455,2.67032707737016,0.5792918954967435,580.7432706508899,0.9154796312000646,COMPLETE
59,785.8899351230459,2026-01-06 17:26:11.830119,2026-01-06 17:26:26.982099,0 days 00:00:15.151980,4,0.0016466238770064198,0.12799913884131037,1148.0858331280522,232.43271642991047,0.5509605157135491,808.0775735309406,1.259571956877091,0.17412489848062482,1.8688736200475953,0.4310647068634532,235.24919688724373,1.30617245213759,COMPLETE
34,783.2359332329655,2026-01-06 17:18:56.323364,2026-01-06 17:19:14.631115,0 days 00:00:18.307751,6,0.0008740026026417134,0.006937862809977129,4679.581103657449,93.24898430458218,0.8115111559179231,762.9925750449352,0.6746606216546949,0.20695905273018225,2.6781507201482815,0.5734986417032167,569.5654324004547,2.5280795469239115,COMPLETE
49,781.8160189091104,2026-01-06 17:23:34.367705,2026-01-06 17:23:49.978055,0 days 00:00:15.610350,5,0.003771883158998968,0.5065045065678493,2884.056916722604,383.5797021102459,4.5680600044488235,830.7944743848038,5.651615126609824,0.17271351975260987,1.8192924616176038,0.42430936403814773,229.31063811056916,0.4320808074659873,COMPLETE
24,747.4872255833957,2026-01-06 17:16:18.650249,2026-01-06 17:16:29.937448,0 days 00:00:11.287199,3,0.031645776556134535,0.0015341250557183888,7031.908600310528,153.73264968222898,3.712938047824021,648.2269484154045,1.1668796565450918,0.1426884420421045,1.4569339525637164,0.34840705228015695,20.434532018166355,0.41487171238950055,COMPLETE
22,747.2258058313164,2026-01-06 17:15:22.321921,2026-01-06 17:15:49.987028,0 days 00:00:27.665107,11,0.030432913503801663,9.349708364859442,5253.744845995452,287.6656507007584,2.254039754601065,415.5044885079393,0.12915629316911417,0.15243771224089636,1.5622521557897413,0.3741211498782733,101.23406874917336,2.039584052574825,COMPLETE
67,747.1612682972183,2026-01-06 17:28:44.845537,2026-01-06 17:29:01.969118,0 days 00:00:17.123581,6,0.0066478863231219775,0.06065853295506033,3970.188010659556,279.9918651628841,9.61616281903568,716.1979879978364,0.0013756591550013384,0.16098133848724858,1.6326785477231267,0.38993150275573024,178.49034765808318,0.2958183858831678,COMPLETE
60,746.1374834902272,2026-01-06 17:26:26.983406,2026-01-06 17:26:46.005902,0 days 00:00:19.022496,5,0.8928930195295226,0.07081613377197554,5629.118985950222,460.8080231713546,3.1717745556439327,755.4209378684897,9.487232277417638,0.14048661036420873,1.4470382691461448,0.34655904102011814,2.854542000629422,1.2158885407778401,COMPLETE
10,746.0959233701035,2026-01-06 17:10:38.901687,2026-01-06 17:11:03.741140,0 days 00:00:24.839453,10,0.031130959561221232,0.8287522363768158,3178.724984985056,337.5890446041227,2.8340904295147746,72.9227667831634,0.01998634077852888,0.14629493423250112,1.485212069196002,0.3548380460345556,50.8162752670092,0.9939716349361322,COMPLETE
15,744.878066701814,2026-01-06 17:12:37.933419,2026-01-06 17:13:11.153331,0 days 00:00:33.219912,13,0.38403004190988527,1.8709365688887358,2356.5581091652225,324.8234402221452,1.6973078532467012,118.95140528239999,0.05110120656497164,0.14049636228879106,1.451553045355553,0.3475958380611934,5.284053808243816,1.3118991078226943,COMPLETE
47,744.871857227933,2026-01-06 17:22:56.822189,2026-01-06 17:23:13.551566,0 days 00:00:16.729377,5,0.0054265535421252785,0.11841977432493314,3624.8028772251027,462.6010773799409,1.285451975296624,994.8318182362217,5.357769914387482,0.16405967204416946,1.738079362894543,0.4013362319316182,209.48622983565383,1.8446029080683202,COMPLETE
56,744.300177243348,2026-01-06 17:25:31.013789,2026-01-06 17:25:41.946972,0 days 00:00:10.933183,3,0.005826182638927936,0.24527964875026786,2067.775508281526,411.6613711989924,4.19476177735206,860.1746078162272,1.8170384667305974,0.1485615320675121,1.4879358959343196,0.3567089898877194,73.63096628680302,0.17970817027235397,COMPLETE
43,744.1336359109486,2026-01-06 17:21:55.297423,2026-01-06 17:22:10.123757,0 days 00:00:14.826334,5,0.0008888868194572419,0.14780056216287984,4673.73040146591,320.1317517362534,7.291241812096143,909.1721240020574,9.745508115774989,0.20626676684755643,2.785128172432393,0.5811411648244951,644.3128703365496,0.28510532321808724,COMPLETE
14,742.4222433431989,2026-01-06 17:12:11.145206,2026-01-06 17:12:37.932200,0 days 00:00:26.786994,9,0.17079750342958216,3.7173717478250508,8056.353561301233,637.0697189453192,5.233480488540088,872.7459842858406,0.005575453980775369,0.14200055526030106,1.4589661157432352,0.34911034570969907,21.116542297648742,1.3186044864914772,COMPLETE
53,734.2939512615077,2026-01-06 17:24:43.138846,2026-01-06 17:24:59.353874,0 days 00:00:16.215028,5,0.007907780698363833,0.025932405250114504,3813.299675596434,346.97165203933605,9.058089407699471,961.2216071388891,4.4160671420912685,0.15477475294390103,1.5311883714821257,0.3733177306706572,142.8677588317026,0.29390025612604287,COMPLETE
12,732.3862025657832,2026-01-06 17:11:31.016096,2026-01-06 17:11:54.673718,0 days 00:00:23.657622,9,0.005130551760589831,0.018089390092767135,411.14893829866907,35.164935476654236,0.12329098365270515,116.81251272337141,0.35127047262708466,0.1424903558426741,1.498199040164448,0.3591899294325091,40.746449734180295,3.1701810155375916,COMPLETE
48,731.7613906902866,2026-01-06 17:23:13.552652,2026-01-06 17:23:34.366421,0 days 00:00:20.813769,4,0.0004762726221455056,0.2018205078354258,1883.995463814409,289.23715447031225,6.635576795649908,937.3442159969336,3.1217044527157833,0.20206736521269097,2.7268881661279107,0.5545484470837728,621.8580931864453,0.14325861359951436,COMPLETE
57,731.2869610883847,2026-01-06 17:25:41.948133,2026-01-06 17:26:00.186757,0 days 00:00:18.238624,6,0.014532486349870049,2.228265743569325,3077.267661203841,267.5763562644846,1.7130010126198127,931.7190015060485,7.673575352798994,0.14681406376906614,1.4926516465934778,0.3573872428150022,78.1164732374443,1.5765864760829744,COMPLETE
32,730.5957108810173,2026-01-06 17:18:25.727804,2026-01-06 17:18:40.202862,0 days 00:00:14.475058,4,0.00419056309580808,0.0023072143022004046,6608.026797944568,260.4309382806505,5.747012471537667,667.4630494649532,0.0011273159558030468,0.16938149422714904,1.7833898439267155,0.4152859018327258,283.01194057321874,0.54386017465535,COMPLETE
38,719.0698441243151,2026-01-06 17:20:24.036144,2026-01-06 17:20:41.742643,0 days 00:00:17.706499,6,0.005356915080283583,0.0284988605350645,2347.149260267643,22.54875378879882,1.6722502660407652,849.5977602229175,0.003898477833419684,0.15024454018032526,1.4923286880313638,0.36148376961064005,125.63872420057957,1.1633487831809108,COMPLETE
20,717.1281561555446,2026-01-06 17:14:43.862257,2026-01-06 17:14:55.506523,0 days 00:00:11.644266,3,0.0029838831454152602,0.07054215397636959,4580.811446076092,237.72066159206884,1.0689248683118626,645.0332506602268,0.1345666731516031,0.15475356123870596,1.5538367312149197,0.3736490078008584,169.5941640403325,1.0565984528197843,COMPLETE
89,704.9435175506803,2026-01-06 17:34:58.048712,2026-01-06 17:35:09.146061,0 days 00:00:11.097349,3,0.00037530576358603125,0.005586739308028771,1392.9912341533188,779.1691360718598,0.5822343032866749,187.5643129911195,0.025159132259382568,0.1918521505410838,2.6310376991494695,0.549084330109369,582.310614024103,0.6996428950445267,COMPLETE
88,700.4326877591011,2026-01-06 17:34:43.627323,2026-01-06 17:34:58.047637,0 days 00:00:14.420314,4,0.0005603745226639214,0.0024671667572142802,1713.2699500538697,674.5913810880577,0.29865943650678334,429.34263078670216,0.007579677517233836,0.18995334567296435,2.6432816302699913,0.5629445199576296,576.2824261875942,2.2851098283737845,COMPLETE
28,698.8854010827318,2026-01-06 17:17:07.157276,2026-01-06 17:17:22.364082,0 days 00:00:15.206806,4,0.024075906634351836,0.0029076425158698236,8967.76455970878,181.9071341124723,0.698925518826243,558.3133471742367,0.2687019274195851,0.13928420106512857,1.4661387645076775,0.3529061148224684,60.57083465977124,5.464236310295104,COMPLETE
65,688.1867068511796,2026-01-06 17:28:02.672230,2026-01-06 17:28:26.167370,0 days 00:00:23.495140,7,0.0008765424797641972,0.014202921433023524,4347.534123100126,165.0845041749594,6.856859269985863,820.8344701454719,0.0025580292959556036,0.20373057459918334,2.7671104290401938,0.5788293145812761,714.9967619076866,0.35175297762391877,COMPLETE
50,674.9975149858865,2026-01-06 17:23:49.979297,2026-01-06 17:24:03.664564,0 days 00:00:13.685267,4,0.0007185540773599365,0.43971190710793195,3312.76202562821,546.5336106229586,2.314028339056197,899.0673575364009,2.436162309903331,0.19755981055533428,2.7104247645604294,0.5540977122262165,679.1112505260429,0.5826045253061016,COMPLETE
26,657.6810209083942,2026-01-06 17:16:41.303573,2026-01-06 17:16:52.448548,0 days 00:00:11.144975,3,0.003095853886751271,0.0032587913406358217,8624.5273052747,139.18968615418552,0.37216622600247007,583.7313491133691,0.6993081563977372,0.1519773280673225,1.6504052399864522,0.36889721531474845,237.01387838112518,5.084326178688388,COMPLETE
1,647.4485230861594,2026-01-06 17:07:06.970897,2026-01-06 17:07:24.722775,0 days 00:00:17.751878,5,0.06796578090758151,0.005337032762603957,8341.182143924176,30.378649352844423,0.2537815508265665,970.2107536403744,0.0070689749506246055,0.1298093472955499,1.459446730368548,0.35236715148806186,27.097542115499508,20.202377326476725,COMPLETE
82,574.9540612297293,2026-01-06 17:33:34.134850,2026-01-06 17:33:45.727592,0 days 00:00:11.592742,3,0.00033318970889153907,0.001998435648734975,2193.77724166055,727.6407441405792,0.8997938387360122,321.7428542971495,0.015970705915663738,0.1827877137939195,2.621425410708977,0.552991440523823,729.3175778880591,0.6466607086902395,COMPLETE
3,562.0193938908113,2026-01-06 17:07:44.569204,2026-01-06 17:08:05.313181,0 days 00:00:20.743977,5,0.13826232179369857,0.26926469100861794,5964.90423173422,207.67704433677613,0.06672367170464207,519.0920940294754,0.0015339162591163618,0.11667379254797124,1.4563697417139805,0.35142169821312574,11.281919903699512,38.390245101300245,COMPLETE
68,555.3072757134241,2026-01-06 17:29:01.970238,2026-01-06 17:29:37.493277,0 days 00:00:35.523039,14,0.0014101969701799477,0.03442046525358386,3954.513165912387,241.90808064571664,3.7937046063993285,785.4898604990602,0.011069144274922204,0.18400951067382107,2.770780059654021,0.5843321570071571,789.0087567410553,0.8461929952506154,COMPLETE
21,548.9585796592473,2026-01-06 17:14:55.507713,2026-01-06 17:15:22.320611,0 days 00:00:26.812898,11,0.0016524795376205072,0.7042025175533445,3904.0631327118645,529.908905910367,7.537933313450104,18.616097363437113,0.0572854884100258,0.17951821438514806,2.6460260042453383,0.5715636990667032,756.6353390494837,0.4102408131033157,COMPLETE
17,532.601441954182,2026-01-06 17:13:32.283974,2026-01-06 17:13:49.698185,0 days 00:00:17.414211,6,0.06487477066058678,0.09749762207436122,9628.228219926901,369.99330635550103,0.1188946976953047,972.0642618937511,0.010165510266418737,0.11488270905654016,1.4672403917559143,0.35038104422867766,42.682744457073454,39.55237323570069,COMPLETE
0,514.5207892310285,2026-01-06 17:06:32.540041,2026-01-06 17:07:06.969447,0 days 00:00:34.429406,13,0.6351221010640696,0.0017073967431528124,1644.5845403801216,734.6740023932911,0.03148911647956861,602.6718993550662,0.004207053950287938,0.1075292006627445,1.4515792285636564,0.3362100757659548,4.300663402086828,42.216992839355775,COMPLETE
58,511.8334403051182,2026-01-06 17:26:00.188134,2026-01-06 17:26:11.828954,0 days 00:00:11.640820,3,0.0004873501541258103,0.7730073899536358,5123.0163541300935,360.4509880640359,0.07459859419380806,997.0852772484341,4.166834684761959,0.19035876492513404,2.735480652962749,0.5933859396596384,848.7360267076556,18.729471546873082,COMPLETE
99,393.82178023545646,2026-01-06 17:37:11.671655,2026-01-06 17:37:26.265415,0 days 00:00:14.593760,4,0.00027790363583580683,0.008211639038514691,107.92465352387359,668.4386151976914,0.2536375195901395,545.4530415370368,0.0033473928251897605,0.15790691754703481,2.5039475503224513,0.5416670571471597,833.5579613898229,0.5779980517111776,COMPLETE
54,390.279844450112,2026-01-06 17:24:59.355123,2026-01-06 17:25:12.780971,0 days 00:00:13.425848,4,0.0019595875149489928,1.0260606867471327,2498.2086265547605,306.5232785428579,0.02204608985157689,898.3429726672773,7.6685118431303065,0.11542626134501865,2.0508474526094775,0.34161451236212814,294.38558907640316,43.920523920749346,COMPLETE
2,363.68386401273887,2026-01-06 17:07:24.725101,2026-01-06 17:07:44.568089,0 days 00:00:19.842988,7,0.012561043700013555,0.01474275315991467,6157.343657751557,437.62556845569463,0.016480446427978974,298.3168487960615,0.003613894271216527,0.09822255956757518,1.5829938030424249,0.31972202246982195,164.61908292475886,48.237713542332656,COMPLETE
8,357.29067887089457,2026-01-06 17:10:04.930960,2026-01-06 17:10:23.062684,0 days 00:00:18.131724,5,0.014817820606039088,1.2273800987852967,838.0513724297311,149.51498272501502,0.013296521457299506,804.1750109464992,8.862326508576253,0.08324598791314505,1.4953618121233758,0.2516234133367751,30.442650570848976,50.44943859191227,COMPLETE
25,346.1467601564236,2026-01-06 17:16:29.938639,2026-01-06 17:16:41.302301,0 days 00:00:11.363662,3,0.00015316118506951954,0.0012940409109291765,7078.778117754954,128.54863470829008,9.938114474420384,692.2642647550136,1.625222459995457,0.16914267743725978,2.6185369068921163,0.5495664875048412,1003.2221742361535,0.18266300657456125,COMPLETE
30,344.7525753150139,2026-01-06 17:17:42.831721,2026-01-06 17:18:04.140212,0 days 00:00:21.308491,7,0.001240531971990151,0.19336894021154752,5966.193195662279,826.3859032667609,1.340702076669976,858.1762822626147,0.06177265545718613,0.16752448206251253,2.549810441577662,0.5541716143712826,980.2377993891059,3.627811791649892,COMPLETE
37,334.3450285276697,2026-01-06 17:20:02.158272,2026-01-06 17:20:24.034955,0 days 00:00:21.876683,8,0.002101577569880008,0.04766916451540554,3458.6340223870807,213.82249291758316,0.049081894180930605,925.8752030635325,0.0031931356437346152,0.13918030261851339,2.6493482280816325,0.4098073826186605,623.3714694036902,41.54650557835912,COMPLETE
27,315.06976929713574,2026-01-06 17:16:52.449648,2026-01-06 17:17:07.156175,0 days 00:00:14.706527,4,0.00038939622379203733,0.05358742134412068,7247.260257550957,486.8398064610807,4.752326750484889,686.3789037080028,1.99279795711758,0.1635642314296394,2.6001230575575898,0.5612710829870661,1014.7942084603962,0.6925032134056652,COMPLETE
16,260.7516751312579,2026-01-06 17:13:11.154437,2026-01-06 17:13:32.282604,0 days 00:00:21.128167,6,0.01104051190316225,5.910698619088545,1286.6671366034598,423.2368931172912,0.001066125968943389,229.88673236602295,0.022410971619109515,0.07178413606727523,1.5427152220570253,0.22501231526801235,66.11302314103983,60.233507357068476,COMPLETE
9,255.41012113863732,2026-01-06 17:10:23.063854,2026-01-06 17:10:38.900231,0 days 00:00:15.836377,4,0.18274508859816008,0.02715581955282941,7735.576432190863,709.788770409141,0.0010521761868451127,731.7170963605774,0.0019777828512462727,0.06528300171704304,1.4562860207528812,0.2012723189053729,7.904514430934228,62.2447119663083,COMPLETE
4,244.3224792406302,2026-01-06 17:08:05.314341,2026-01-06 17:08:38.078992,0 days 00:00:32.764651,8,0.6245139574743068,0.5456725485601477,3115.67631481637,965.9757127438138,0.0018205657658407262,810.3133746352966,0.002458603276328005,0.06314904409106471,1.4510264169961073,0.19279118634573844,4.165884279789686,63.184471838007184,COMPLETE
76,188.1202939989821,2026-01-06 17:31:59.794416,2026-01-06 17:32:22.174724,0 days 00:00:22.380308,7,0.000712055662374137,0.004026057743593693,2615.856973903115,899.119621273406,1.457314511554342,476.1893585235632,0.005065348968979631,0.14645496896594717,2.337033991975688,0.4946849665894247,1056.3355364301674,1.5838780336177467,COMPLETE
5,180.4450389776461,2026-01-06 17:08:38.080155,2026-01-06 17:09:07.279295,0 days 00:00:29.199140,9,0.009565499215943823,0.017654048052495083,2661.9218178401675,44.04463590406621,0.003077180271250686,910.2271980579942,0.4467752817973907,0.06123297519100716,1.5140534362051095,0.18615916436564608,91.57858183669855,64.41427099019782,COMPLETE
95,179.75008629602962,2026-01-06 17:36:13.949913,2026-01-06 17:36:25.077912,0 days 00:00:11.127999,3,0.00018844195484057845,0.012218457042994317,1065.5320082897902,829.6786859959585,0.715350823205043,531.9111133058614,0.011806325871212966,0.14615518308848105,2.526577467077379,0.5507047001017737,1102.1308622397676,0.38192545104172115,COMPLETE
31,160.54573190996712,2026-01-06 17:18:04.141631,2026-01-06 17:18:25.726682,0 days 00:00:21.585051,8,0.0002485042395761021,0.001148377953925831,7453.0527691416855,94.53151528066081,3.5377215193361247,621.879521406514,0.029802752235041814,0.14434764791220225,2.485943121727744,0.5368323889738548,1108.18286041749,1.9019989464218559,COMPLETE
35,124.54765593222453,2026-01-06 17:19:14.632350,2026-01-06 17:19:35.374018,0 days 00:00:20.741668,7,0.0003169924679300656,0.005086500149536632,1652.7276530394747,407.52509438562237,0.3890852381287091,727.9099342024199,0.25054492318186183,0.13968716852602783,2.2669581655509976,0.4747012167706513,1092.9272909816023,3.703592372935166,COMPLETE
55,45.745509731252355,2026-01-06 17:25:12.782370,2026-01-06 17:25:31.012629,0 days 00:00:18.230259,5,0.0002262315899360122,0.014228074149324067,4268.663031655692,580.1017218722293,1.0242015318089281,959.4303893627916,2.8327108084826556,0.1299568375097868,2.293586211192663,0.48213989509106153,1159.2365565361167,2.363383155222253,COMPLETE
19,42.20931836978053,2026-01-06 17:14:05.728945,2026-01-06 17:14:43.861051,0 days 00:00:38.132106,11,0.00907425628898386,0.00892380714337978,6754.141919318197,985.7939495694947,0.003798214508453258,249.6347187963854,1.1129571947046013,0.06513957879501614,2.4619450161257714,0.18569534805499982,392.0553227881318,66.51620723617766,COMPLETE
52,11.67829290564913,2026-01-06 17:24:23.052014,2026-01-06 17:24:43.137713,0 days 00:00:20.085699,6,0.0014663602487947772,0.09035463340861953,4173.595186653209,445.82007785586705,0.0068499053323881,791.2571644929112,6.98227326982213,0.0764575211360541,2.8075090131135925,0.2147913481315474,554.6034514899479,66.23705612111104,COMPLETE
7,-34.46099034443682,2026-01-06 17:09:45.255385,2026-01-06 17:10:04.929681,0 days 00:00:19.674296,7,0.0006080390190296605,2.0651425578959257,3947.905167925872,54.775016021432684,0.002259279742015696,332.0770274556317,0.01217295809836997,0.09964300101996987,2.7482349377194346,0.27450925027193485,837.5960504873274,59.398040756364985,COMPLETE
39,-39.14229865588072,2026-01-06 17:20:41.743883,2026-01-06 17:21:08.693794,0 days 00:00:26.949911,10,0.0006352740740395762,0.010891357178363946,5491.684936123053,514.3731916292982,0.2663565527185669,952.7595731441613,0.0010870918734000178,0.12213807315516426,2.109201963712646,0.43752613587726125,1154.4534310576691,20.856252735253335,COMPLETE
23,-248.62270715766624,2026-01-06 17:15:49.988194,2026-01-06 17:16:18.649105,0 days 00:00:28.660911,11,0.0013529238361283426,9.941450502972573,5315.270692502775,245.64859967489792,0.6377498741418539,401.9896334516908,0.17689600836617214,0.09637924933442514,1.2313061007159232,0.2889960901722853,1249.6510891804182,7.727235425590047,COMPLETE
18,-276.8819830913849,2026-01-06 17:13:49.699246,2026-01-06 17:14:05.727688,0 days 00:00:16.028442,5,0.0001404584234402471,4.295992790539128,609.6396373748946,613.4686906400979,0.013783578294796388,507.6522329965729,0.01301924671436158,0.09201310315751943,1.8357503447418033,0.3577421693553205,1253.8096632564827,28.83349369011154,COMPLETE
6,-504.9656956000672,2026-01-06 17:09:07.280400,2026-01-06 17:09:45.254246,0 days 00:00:37.973846,14,0.0005488047000766049,0.24637685958997463,9401.039521485473,969.888781486913,0.1537592023548176,777.3814951275034,3.7958531426706403,0.06888780781012106,1.1537586432911617,0.2476869719065606,1331.256481337019,43.87960614463871,COMPLETE
