Hourly Precipitation (in),Hourly Radiation (W/m2),Temperature (C)
0.03375,1178,25.1
0.03375,1937,25.3
0.03375,1815,25.2
0.03375,1621,25
0.03375,1132,24.4
0.03375,1041,23.9
0.03375,691,23
0.03375,113,21.6
0.03375,0,20.9
0.03375,0,19.9
0.03375,0,18.5
0.03375,0,17.2
0.03375,0,16.2
0.03375,0,15.3
0.03375,0,14.7
0.03375,0,14.3
0.03375,0,14.6
0.03375,446,16.6
0.03375,902,18.9
0.03375,1113,21.6
0.03375,1324,24.5
0.03375,1311,26.1
0.03375,1450,26.6
0,1607,26.8
0,1716,26.9
0,1284,27
0,561,27.2
0,981,27.1
0,469,26.5
0,174,25.9
0,66,23.4
0,14,22.3
0,0,21.9
0,0,21.7
0,0,21.3
0,0,20.8
0,0,20.5
0,0,19.8
0,0,18.1
0,0,16.3
0,0,15.5
0,22,16.1
0,40,17.5
0,194,19
0,1010,20.2
0,1645,21.6
0,1839,23.2
0,1019,24.5
0,938,25.3
0,1873,25.6
0,1741,25.5
0,1575,25.1
0,882,24.3
0,1001,23.8
0,112,20.9
0,10,18.9
0,0,17.7
0,0,16.8
0,0,15.9
0,0,15.2
0,0,14.4
0,0,13.7
0,0,13.1
0,0,12.7
0,0,13.1
0,433,14.8
0,917,17.1
0,1272,19.4
0,1550,21.3
0,1759,22.6
0,1894,23.5
0,1965,24.2
0,1973,24.8
0,1911,25.3
0,1782,25.4
0,1174,25.2
0,1303,24.6
0,889,24.3
0,608,21.6
0,18,20.1
0,0,19.4
0,0,19
0,0,18.5
0,0,18.1
0,0,18.3
0,0,18.5
0,0,18.8
0,0,18.9
0,0,19
0,44,20
0,846,21.7
0,1200,23.7
0,1133,25.5
0,1409,26.7
0,1546,27.7
0.004166667,1648,28.5
0.004166667,1746,29.1
0.004166667,1682,29.4
0.004166667,1737,29.5
0.004166667,1548,29.4
0.004166667,656,28.8
0.004166667,531,28.3
0.004166667,524,26.4
0.004166667,16,25.6
0.004166667,0,25.2
0.004166667,0,24
0.004166667,0,22.8
0.004166667,0,22.2
0.004166667,0,21.2
0.004166667,0,20
0.004166667,0,18.9
0.004166667,0,18.3
0.004166667,0,18.2
0.004166667,8,18.4
0.004166667,58,19.2
0.004166667,106,21.2
0.004166667,946,24.1
0.004166667,904,26.4
0.004166667,809,27.8
0,1890,28.5
0,1646,28.6
0,1436,28.3
0,372,27.8
0,714,27.4
0,270,26.7
0,594,26.3
0,514,22.7
0,58,19.7
0,0,17.1
0,0,15.6
0,0,14.8
0,0,14.2
0,0,13.7
0,0,13.2
0,0,12.7
0,0,12.5
0,0,13.2
0,500,14.9
0,962,17.4
0,1305,20.2
0,1577,22.6
0,1784,24.2
0,1936,25.2
0.24125,2030,25.7
0.24125,2041,25.8
0.24125,1987,25.8
0.24125,1865,25.6
0.24125,1674,25.2
0.24125,1425,24.4
0.24125,1121,23.9
0.24125,523,20.4
0.24125,18,18.2
0.24125,0,17.2
0.24125,0,16.5
0.24125,0,15.8
0.24125,0,15.3
0.24125,0,14.9
0.24125,0,14.7
0.24125,0,14.7
0.24125,0,14.9
0.24125,0,15.2
0.24125,50,16.1
0.24125,176,17.5
0.24125,355,18.8
0.24125,232,19.5
0.24125,240,19.9
0.24125,425,20.2
0.005416667,487,20.4
0.005416667,714,21.3
0.005416667,505,22.3
0.005416667,624,22.5
0.005416667,246,22.2
0.005416667,543,21.7
0.005416667,755,21.3
0.005416667,6,19.9
0.005416667,18,19.2
0.005416667,0,18.7
0.005416667,0,18.4
0.005416667,0,18.2
0.005416667,0,18
0.005416667,0,17.7
0.005416667,0,17.4
0.005416667,0,17
0.005416667,0,16.8
0.005416667,0,16.9
0.005416667,10,17.3
0.005416667,50,18.1
0.005416667,234,19.2
0.005416667,722,20.9
0.005416667,759,23.6
0.005416667,986,26.2
0.0475,945,27.4
0.0475,872,27.7
0.0475,1334,27.5
0.0475,1660,26.9
0.0475,647,26.3
0.0475,244,25.5
0.0475,864,25
0.0475,22,22.8
0.0475,24,21.6
0.0475,0,20.7
0.0475,0,19.8
0.0475,0,18.8
0.0475,0,17.7
0.0475,0,16.6
0.0475,0,15.5
0.0475,0,14.7
0.0475,0,14.2
0.0475,0,14.7
0.0475,265,16.4
0.0475,987,18.6
0.0475,1323,21.4
0.0475,1594,23.8
0.0475,1808,25.1
0.0475,1954,25.8
0,2033,26.4
0,2046,26.8
0,1991,27
0,1867,26.9
0,1679,26.5
0,1433,25.8
0,1122,25.3
0,716,22.2
0,155,20.3
0,0,19.6
0,0,18.9
0,0,18.1
0,0,17.4
0,0,16.9
0,0,16.7
0,0,16.6
0,0,16.5
0,0,16.7
0,82,17.2
0,263,18.1
0,570,19.3
0,603,20.9
0,505,22.5
0,218,23.9
0.017083333,224,24.9
0.017083333,186,25.4
0.017083333,216,25.8
0.017083333,340,26
0.017083333,1096,26.1
0.017083333,1042,25.8
0.017083333,755,25.6
0.017083333,255,24.1
0.017083333,20,23.2
0.017083333,0,22.9
0.017083333,0,22.9
0.017083333,0,22.9
0.017083333,0,22.8
0.017083333,0,22.4
0.017083333,0,22.1
0.017083333,0,21.8
0.017083333,0,21.5
0.017083333,0,21.2
0.017083333,18,21.5
0.017083333,56,22.3
0.017083333,62,23.7
0.017083333,1074,25.5
0.017083333,1519,27
0.017083333,1779,28.1
0,1861,28.5
0,1700,28.5
0,1413,28.3
0,1427,28.1
0,1148,28
0,542,27.7
0,297,27.5
0,70,26.6
0,18,25.9
0,0,25.1
0,0,24.4
0,0,23.7
0,0,23.3
0,0,23
0,0,22.8
0,0,22.6
0,0,22.3
0,0,22.2
0,64,22.7
0,170,23.5
0,58,24.4
0,240,25.2
0,713,25.9
0,813,26.3
0.0075,1108,26.6
0.0075,1279,26.7
0.0075,1308,26.7
0.0075,1034,26.5
0.0075,1370,26.3
0.0075,803,25.9
0.0075,503,25.7
0.0075,151,24.4
0.0075,85,23.4
0.0075,0,23
0.0075,0,22.7
0.0075,0,22.2
0.0075,0,21.7
0.0075,0,21.1
0.0075,0,20.6
0.0075,0,20
0.0075,0,19.5
0.0075,0,19.1
0.0075,6,18.9
0.0075,10,19.2
0.0075,38,20
0.0075,148,21.2
0.0075,379,22.5
0.0075,562,23.7
0.00125,1219,24.7
0.00125,1195,25.4
0.00125,1326,25.7
0.00125,903,25.6
0.00125,522,25
0.00125,812,23.6
0.00125,86,22.8
0.00125,657,20.4
0.00125,143,19.1
0.00125,0,18.3
0.00125,0,17.9
0.00125,0,17.5
0.00125,0,17.3
0.00125,0,17.1
0.00125,0,17
0.00125,0,16.9
0.00125,0,17
0.00125,0,17.3
0.00125,16,17.9
0.00125,96,18.6
0.00125,82,19.7
0.00125,222,21.1
0.00125,116,22.7
0.00125,1178,24.2
0,1319,25.5
0,915,26.5
0,1534,27
0,1559,27.2
0,1025,27.1
0,823,26.3
0,319,25.9
0,652,23.5
0,26,22
0,0,21.1
0,0,20.5
0,0,20.1
0,0,19.7
0,0,19.1
0,0,18.6
0,0,18.1
0,0,17.7
0,0,18.1
0,56,19.4
0,180,20.7
0,236,21.4
0,258,21.9
0,632,22.4
0,660,22.9
0.002083333,459,23.4
0.002083333,700,23.8
0.002083333,1462,24.3
0.002083333,1524,24.7
0.002083333,1653,24.7
0.002083333,1430,24.2
0.002083333,1134,23.8
0.002083333,485,20.8
0.002083333,202,18.8
0.002083333,0,17.6
0.002083333,0,16.9
0.002083333,0,16.2
0.002083333,0,15.6
0.002083333,0,15.1
0.002083333,0,14.6
0.002083333,0,14.2
0.002083333,0,13.9
0.002083333,0,14.5
0.002083333,512,16.4
0.002083333,962,18.5
0.002083333,1294,21.1
0.002083333,1559,23.4
0.002083333,1769,24.8
0.002083333,1915,26
0,1994,27
0,2006,27.7
0,1950,28
0,1825,28
0,1327,27.8
0,1066,27.2
0,985,26.7
0,428,24
0,30,22.4
0,0,21.5
0,0,20.8
0,0,20
0,0,19.2
0,0,18.5
0,0,17.9
0,0,17.5
0,0,17.4
0,0,17.7
0,89,18.9
0,62,20.9
0,118,23.5
0,1453,25.8
0,1201,27.4
0,1819,28.5
0,1408,29.4
0,1936,29.9
0,1886,30.2
0,1766,30.2
0,1579,29.9
0,1334,29.3
0,1030,29
0,642,27.5
0,144,26.7
0,0,26.1
0,0,25.5
0,0,24.8
0,0,24.2
0,0,23.7
0,0,23.3
0,0,23
0,0,22.8
0,0,22.8
0,66,23.1
0,188,23.8
0,1194,25
0,362,26.4
0,110,27.8
0,220,28.8
0,1381,29.5
0,1934,29.9
0,1880,29.9
0,1751,29.6
0,1023,29.2
0,256,28.7
0,22,28.4
0,58,27
0,18,26
0,0,24.7
0,0,23
0,0,21
0,0,19.3
0,0,18.2
0,0,17.6
0,0,17.4
0,0,17.1
0,0,17.2
0,548,18.4
0,971,20.1
0,1291,22.1
0,1552,24.5
0,1762,26.1
0,1523,27
0,1650,27.7
0,1535,28.3
0,1349,28.6
0,1213,28.8
0,1227,28.7
0,804,28.2
0,793,27.9
0,619,24.4
0,121,22.5
0,0,21.6
0,0,20.9
0,0,20.4
0,0,20
0,0,19.6
0,0,19.4
0,0,19.3
0,0,19.4
0,0,19.8
0,40,20.7
0,186,22.1
0,178,23.5
0,310,24.6
0,609,25.4
0,1153,26.1
0,1265,26.9
0,964,27.5
0,668,28
0,1078,28.1
0,459,28
0,327,27.6
0,118,27.3
0,290,25.3
0,28,23.7
0,0,22.8
0,0,22.3
0,0,21.9
0,0,21.6
0,0,21.4
0,0,21.3
0,0,21
0,0,20.8
0,0,20.9
0,72,21.5
0,382,22.6
0,519,24.3
0,515,26.1
0,148,27.3
0,1327,28.3
0,1395,29.3
0,1518,29.7
0,1102,29.6
0,1240,29.4
0,355,29
0,290,28.5
0,408,28.2
0,602,26.4
0,131,25.1
0,0,24.3
0,0,23.9
0,0,23.6
0,0,23.2
0,0,22.5
0,0,21.8
0,0,21.2
0,0,21
0,0,21.6
0,20,23
0,285,24.3
0,302,25.7
0,1339,27.1
0,1491,28.5
0,1821,29.6
0,1652,30.4
0,1926,30.9
0,1866,31.2
0,1750,31.3
0,1575,31.2
0,1330,30.7
0,1022,30.3
0,639,28.4
0,143,27.3
0,0,26.7
0,0,26.2
0,0,25.8
0,0,25.5
0,0,25.2
0,0,24.9
0,0,24.4
0,0,23.8
0,0,23.5
0,34,24
0,32,24.9
0,206,26
0,512,27.3
0,454,28.4
0,638,29
0,1789,29.3
0,1929,29.3
0,1884,29
0,1779,28.4
0,1349,27.4
0,1413,26.3
0,821,25.7
0,496,23
0,248,21
0,0,19.8
0,0,19.2
0,0,18.7
0,0,18.4
0,0,18.2
0,0,18
0,0,17.5
0,0,16.8
0,0,16.6
0,537,17.5
0,977,19.3
0,1304,21.5
0,1567,23.1
0,1775,24.1
0,1921,25.1
0.0475,2004,25.9
0.0475,2016,26.6
0.0475,1960,27
0.0475,1838,27.2
0.0475,1656,27
0.0475,1419,26.5
0.0475,1122,26.2
0.0475,748,24.4
0.0475,233,22.4
0.0475,0,21
0.0475,0,20
0.0475,0,19.1
0.0475,0,18.4
0.0475,0,17.9
0.0475,0,17.5
0.0475,0,17.2
0.0475,0,17.1
0.0475,0,17.7
0.0475,461,19.3
0.0475,902,21.3
0.0475,1237,23.8
0.0475,1499,25.8
0.0475,1703,26.9
0.0475,1846,27.7
0.011666667,1928,28.4
0.011666667,1956,28.9
0.011666667,1905,29.1
0.011666667,1788,29
0.011666667,1614,28.8
0.011666667,1380,28.3
0.011666667,1082,27.9
0.011666667,699,26
0.011666667,186,24.8
0.011666667,0,24.3
0.011666667,0,23.9
0.011666667,0,23.3
0.011666667,0,22.9
0.011666667,0,22.7
0.011666667,0,22.7
0.011666667,0,22.6
0.011666667,0,22.4
0.011666667,0,22.7
0.011666667,30,23.5
0.011666667,32,24.6
0.011666667,542,25.8
0.011666667,1304,27
0.011666667,1655,28.3
0.011666667,1816,29.5
0.002083333,1909,30.4
0.002083333,1940,30.9
0.002083333,1895,31
0.002083333,1783,30.9
0.002083333,1608,30.6
0.002083333,1373,30.1
0.002083333,1081,29.8
0.002083333,704,27.9
0.002083333,196,26.8
0.002083333,0,26.3
0.002083333,0,25.9
0.002083333,0,25.5
0.002083333,0,25.1
0.002083333,0,24.8
0.002083333,0,24.5
0.002083333,0,24.2
0.002083333,0,23.8
0.002083333,0,23.6
0.002083333,26,23.8
0.002083333,92,24.6
0.002083333,648,25.6
0.002083333,1049,26.7
0.002083333,1636,27.6
0.002083333,1804,28.1
0,1711,28.4
0,1285,28.5
0,1190,28.3
0,952,27.7
0,1557,26.8
0,1340,25.8
0,1078,25.4
0,761,23
0,259,21.3
0,0,20.5
0,0,20.1
0,0,19.7
0,0,19.3
0,0,18.9
0,0,18.4
0,0,18
0,0,17.5
0,0,17.5
0,508,18.4
0,956,20.1
0,1295,22.2
0,1567,23.7
0,1784,24.5
0,1935,25.1
0,2018,25.5
0,2032,25.8
0,1980,25.7
0,1863,25.5
0,1690,24.9
0,1459,24.1
0,1171,23.5
0,806,21.1
0,277,19.4
0,0,18.4
0,0,17.7
0,0,17
0,0,16.4
0,0,15.8
0,0,15.3
0,0,14.8
0,0,14.3
0,0,14.7
0,525,16.3
0,965,18.4
0,1293,20.7
0,1559,22.1
0,1759,23
0,1906,23.8
0,1993,24.3
0,2010,24.7
0,1962,25
0,1848,24.9
0,1676,24.5
0,1446,23.9
0,1157,23.5
0,793,20.7
0,272,18.3
0,0,17
0,0,16.2
0,0,15.5
0,0,14.8
0,0,14.2
0,0,13.6
0,0,13.1
0,0,12.7
0,0,13.3
0,511,15.1
0,964,17.2
0,1296,19.9
0,1563,22.3
0,1773,23.5
0,1920,24.4
0,2007,25.1
0,2026,25.6
0,1978,26
0,1865,26.1
0,1690,25.8
0,1462,25.3
0,1169,25
0,113,23.9
0,29,23.1
0,0,22.6
0,0,22.3
0,0,22.1
0,0,21.9
0,0,21.8
0,0,21.7
0,0,21.6
0,0,21.5
0,0,21.6
0,22,22.1
0,56,22.9
0,92,23.8
0,861,24.9
0,1254,25.8
0,1033,26.6
0,1056,27.3
0,1440,27.8
0,1359,28.1
0,1113,28.1
0,994,27.7
0,757,27.1
0,753,26.8
0,353,25.2
0,53,24
0,0,23.3
0,0,22.9
0,0,22.5
0,0,22.2
0,0,21.9
0,0,21.7
0,0,21.5
0,0,21.3
0,0,21.6
0,174,22.8
0,682,24.3
0,1069,25.8
0,1381,27.1
0,1597,28
0,1232,28.6
0.0125,1769,28.9
0.0125,1535,29.1
0.0125,1590,29.2
0.0125,1494,28.9
0.0125,1482,28.6
0.0125,1301,28.1
0.0125,989,27.8
0.0125,601,25.9
0.0125,122,24.7
0.0125,0,24
0.0125,0,23.5
0.0125,0,23.1
0.0125,0,22.6
0.0125,0,22.1
0.0125,0,21.7
0.0125,0,21.2
0.0125,0,20.8
0.0125,0,21
0.0125,195,22
0.0125,522,23.4
0.0125,413,25.5
0.0125,1264,27.6
0.0125,1698,28.8
0.0125,1842,29.5
0,1944,30
0,1898,30.2
0,1556,30.3
0,1303,30
0,1264,29.5
0,1164,28.7
0,736,28.3
0,574,26
0,96,24.5
0,0,23.6
0,0,23
0,0,22.7
0,0,22.7
0,0,22.8
0,0,22.7
0,0,22
0,0,21.2
0,0,21.1
0,343,22.3
0,810,24.1
0,1172,26.3
0,1462,28.3
0,1687,29.2
0,1845,29.8
0.031666667,1935,30.2
0.031666667,1937,30.5
0.031666667,1899,30.7
0.031666667,1777,30.6
0.031666667,1596,30.3
0.031666667,1350,29.8
0.031666667,1041,29.6
0.031666667,652,27.2
0.031666667,148,25.3
0.031666667,0,24.4
0.031666667,0,23.9
0.031666667,0,23.5
0.031666667,0,23.1
0.031666667,0,22.6
0.031666667,0,22.3
0.031666667,0,22.1
0.031666667,0,22
0.031666667,0,22.3
0.031666667,367,23.2
0.031666667,836,24.6
0.031666667,1192,26.7
0.031666667,1479,28.6
0.031666667,1698,29.5
0.031666667,1691,30.2
0.037083333,1919,30.6
0.037083333,1943,30.9
0.037083333,1892,31
0.037083333,1771,30.8
0.037083333,1589,30.5
0.037083333,1346,30.2
0.037083333,1039,30
0.037083333,651,28
0.037083333,150,26.4
0.037083333,0,25.5
0.037083333,0,24.6
0.037083333,0,23.9
0.037083333,0,23.2
0.037083333,0,22.7
0.037083333,0,22.3
0.037083333,0,22
0.037083333,0,21.8
0.037083333,0,22.1
0.037083333,334,23.3
0.037083333,789,24.7
0.037083333,1141,26.5
0.037083333,1421,28.4
0.037083333,1644,29.3
0.037083333,1233,29.9
0.04125,1837,30.5
0.04125,1733,31
0.04125,1862,31.3
0.04125,1745,31.4
0.04125,1565,31.2
0.04125,1311,31
0.04125,996,30.9
0.04125,593,28.7
0.04125,113,27
0.04125,0,26
0.04125,0,25.2
0.04125,0,24.5
0.04125,0,23.9
0.04125,0,23.4
0.04125,0,23
0.04125,0,22.7
0.04125,0,22.4
0.04125,0,22.8
0.04125,232,24
0.04125,708,25.7
0.04125,1090,27.8
0.04125,1377,29.3
0.04125,1520,30.2
0.04125,868,30.8
0.003333333,750,31.3
0.003333333,1888,31.5
0.003333333,1848,31.7
0.003333333,1732,31.7
0.003333333,1551,31.7
0.003333333,1307,31.6
0.003333333,993,31.5
0.003333333,595,29
0.003333333,116,27
0.003333333,0,26.1
0.003333333,0,25.6
0.003333333,0,25.1
0.003333333,0,24.6
0.003333333,0,24
0.003333333,0,23.5
0.003333333,0,23
0.003333333,0,22.5
0.003333333,0,22.7
0.003333333,314,23.7
0.003333333,788,25.5
0.003333333,1154,28.1
0.003333333,1440,30.4
0.003333333,1659,31.7
0.003333333,1813,32.4
0.023333333,1851,32.9
0.023333333,1924,33
0.023333333,1854,33
0.023333333,1595,32.7
0.023333333,1584,32.3
0.023333333,1353,31.8
0.023333333,1054,31.5
0.023333333,678,29
0.023333333,161,27.3
0.023333333,0,26.4
0.023333333,0,25.9
0.023333333,0,25.4
0.023333333,0,24.9
0.023333333,0,24.5
0.023333333,0,24.1
0.023333333,0,23.8
0.023333333,0,23.3
0.023333333,0,23.3
0.023333333,75,24
0.023333333,778,25.4
0.023333333,175,27
0.023333333,390,28.2
0.023333333,502,29.1
0.023333333,918,29.6
0.00125,664,29.7
0.00125,640,29.3
0.00125,210,28.8
0.00125,410,28.4
0.00125,336,28.1
0.00125,1316,27.6
0.00125,1019,27.3
0.00125,669,25.1
0.00125,173,23.5
0.00125,0,22.4
0.00125,0,21.5
0.00125,0,21
0.00125,0,20.6
0.00125,0,20.2
0.00125,0,19.8
0.00125,0,19.6
0.00125,0,19.4
0.00125,0,19.5
0.00125,429,20.6
0.00125,898,22.5
0.00125,1240,25.2
0.00125,1517,27.5
0.00125,1728,29
0.00125,1882,30.2
0,1970,31.1
0,1986,31.8
0,1932,32.2
0,1648,32.3
0,1629,32.1
0,1323,31.8
0,1098,31.7
0,409,28
0,82,25.7
0,0,24.3
0,0,23.4
0,0,22.6
0,0,21.9
0,0,21.2
0,0,20.6
0,0,20.1
0,0,19.6
0,0,19.9
0,190,21.1
0,800,22.9
0,1143,25
0,1422,26.8
0,1643,28.2
0,1798,29.5
0.00125,1898,30.4
0.00125,1931,31
0.00125,1883,31.4
0.00125,1774,31.4
0.00125,1603,31.1
0.00125,1176,30.4
0.00125,603,30
0.00125,160,27
0.00125,179,24.9
0.00125,0,23.5
0.00125,0,22.3
0.00125,0,21
0.00125,0,20
0.00125,0,19.3
0.00125,0,18.9
0.00125,0,18.5
0.00125,0,18.3
0.00125,0,18.4
0.00125,391,19.5
0.00125,872,21.6
0.00125,1224,23.8
0.00125,1505,25.7
0.00125,1721,27
0.00125,1876,27.9
0,1963,28.6
0,1983,29
0,1937,29.3
0,1561,29.2
0,1555,28.9
0,1279,28.4
0,1095,28.1
0,725,25.6
0,178,23.3
0,0,22.1
0,0,21.3
0,0,20.9
0,0,20.3
0,0,19.7
0,0,19.1
0,0,18.8
0,0,18.5
0,0,18.9
0,403,20.4
0,878,22.7
0,1215,25.3
0,1475,27.3
0,1680,28.3
0,1811,29.1
0,1912,29.7
0,1934,30.1
0,1889,30.3
0,1777,30.3
0,1604,29.9
0,1363,29.3
0,1059,28.9
0,667,26.6
0,38,25
0,0,23.8
0,0,23.1
0,0,22.5
0,0,22
0,0,21.5
0,0,21
0,0,20.5
0,0,20.2
0,0,20.2
0,77,21
0,344,22.8
0,467,25.2
0,720,27.6
0,571,29.3
0,799,30.3
0,767,30.6
0,1724,30.3
0,1651,29.7
0,699,29.3
0,116,29
0,484,28.6
0,731,28.3
0,56,26.7
0,8,25.8
0,0,24.8
0,0,23.3
0,0,21.6
0,0,20.4
0,0,19.4
0,0,18.7
0,0,18.1
0,0,17.8
0,0,17.9
0,10,18
0,16,18.3
0,50,18.6
0,297,19.2
0,272,20
0,198,21
0.0125,441,21.7
0.0125,958,22.4
0.0125,998,23.4
0.0125,744,24.1
0.0125,581,24.1
0.0125,1305,23.7
0.0125,995,23.4
0.0125,640,21.3
0.0125,128,19.7
0.0125,0,18.7
0.0125,0,17.9
0.0125,0,17.3
0.0125,0,17
0.0125,0,16.7
0.0125,0,16.3
0.0125,0,15.7
0.0125,0,14.9
0.0125,0,15
0.0125,390,16.8
0.0125,699,19.3
0.0125,1115,21.8
0.0125,1214,23.7
0.0125,1359,25.1
0.0125,1691,26.3
0,1964,27.4
0,1829,28.2
0,1894,28.7
0,1837,28.9
0,1492,28.7
0,1291,28.1
0,1014,27.8
0,646,24.6
0,148,22.5
0,0,21.6
0,0,21.2
0,0,20.8
0,0,20.4
0,0,20
0,0,19.6
0,0,19.3
0,0,19.1
0,0,19.6
0,274,21.1
0,685,22.9
0,1113,24.9
0,1401,26.6
0,1516,27.5
0,1626,28.3
0.002083333,1778,29
0.002083333,1878,29.5
0.002083333,1868,30.2
0.002083333,1705,30.7
0.002083333,1569,30.6
0.002083333,863,30.4
0.002083333,1016,30.2
0.002083333,342,28.7
0.002083333,97,27.4
0.002083333,0,26.5
0.002083333,0,25.9
0.002083333,0,25.3
0.002083333,0,24.8
0.002083333,0,24.2
0.002083333,0,23.8
0.002083333,0,23.4
0.002083333,0,23.3
0.002083333,0,23.4
0.002083333,56,24.2
0.002083333,48,25.6
0.002083333,18,27.3
0.002083333,656,28.8
0.002083333,1586,30.2
0.002083333,1771,31.2
0,1871,31.9
0,1881,32.1
0,1390,32.1
0,1037,31.8
0,1086,31.3
0,1244,30.6
0,813,30.3
0,467,29
0,67,28.1
0,0,27.4
0,0,26.8
0,0,26.2
0,0,25.8
0,0,25.4
0,0,25
0,0,24.5
0,0,23.7
0,0,23
0,53,22.8
0,190,23.4
0,552,24.7
0,515,26.3
0,1712,27.6
0,1451,28.6
0,1554,29.3
0,1569,29.8
0,1071,30.1
0,501,30.2
0,1056,30.1
0,1283,29.8
0,1031,29.6
0,645,26.2
0,102,24.1
0,0,23.2
0,0,22.7
0,0,22.2
0,0,21.7
0,0,21.4
0,0,21
0,0,20.6
0,0,20.5
0,0,20.4
0,41,20.6
0,32,20.8
0,50,20.9
0,74,21.5
0,311,22.8
0,447,24.1
0,365,24.8
0,423,25.3
0,330,25.6
0,609,25.5
0,1553,25.1
0,1312,24.6
0,1002,24.3
0,607,22.5
0,87,21.1
0,0,20.3
0,0,19.8
0,0,19.4
0,0,19
0,0,18.7
0,0,18.4
0,0,18.3
0,0,17.9
0,0,18.2
0,30,19.6
0,82,21.5
0,613,23.4
0,693,24.9
0,701,25.8
0,383,26.5
0,387,27.4
0,563,28.2
0,1361,28.6
0,1593,28.7
0,1565,28.4
0,1328,27.9
0,1025,27.5
0,640,25.1
0,98,23.5
0,0,22.7
0,0,22
0,0,21.3
0,0,20.6
0,0,19.9
0,0,19
0,0,18.2
0,0,17.4
0,0,17.1
0,115,17.8
0,701,19.5
0,1206,22
0,1515,24.2
0,1729,25.5
0,1883,26.4
0.008333333,1970,27.3
0.008333333,1989,27.9
0.008333333,1939,28.4
0.008333333,1821,28.6
0.008333333,1639,28.5
0.008333333,1398,28.1
0.008333333,1096,27.8
0.008333333,695,24.5
0.008333333,126,22.1
0.008333333,0,20.9
0.008333333,0,20
0.008333333,0,19.2
0.008333333,0,18.5
0.008333333,0,18
0.008333333,0,17.5
0.008333333,0,17.2
0.008333333,0,17
0.008333333,0,17
0.008333333,317,18
0.008333333,828,20.2
0.008333333,1191,23
0.008333333,1468,25.2
0.008333333,1675,26.6
0.008333333,1730,27.4
0,1658,27.7
0,1437,28
0,1378,28.1
0,1360,28.4
0,1556,28.5
0,1299,27.9
0,975,27.5
0,558,25.3
0,64,24.3
0,0,23.8
0,0,23.2
0,0,22.5
0,0,21.9
0,0,21.3
0,0,20.8
0,0,20.3
0,0,19.9
0,0,19.9
0,265,20.7
0,766,22.6
0,1133,25.2
0,1420,27.7
0,1640,29.6
0,1798,30.9
0.005416667,1888,31.5
0.005416667,1908,31.7
0.005416667,1862,31.6
0.005416667,1419,31.4
0.005416667,1237,31.2
0.005416667,1225,30.8
0.005416667,1012,30.5
0.005416667,640,28.3
0.005416667,97,27
0.005416667,0,26.2
0.005416667,0,25.5
0.005416667,0,24.8
0.005416667,0,24.3
0.005416667,0,23.9
0.005416667,0,23.5
0.005416667,0,23.2
0.005416667,0,22.7
0.005416667,0,22.5
0.005416667,38,23.2
0.005416667,319,25.1
0.005416667,571,27.7
0.005416667,776,30.2
0.005416667,1235,32.1
0.005416667,1367,33.1
0,1817,33.6
0,1737,33.8
0,1731,33.7
0,1584,33.3
0,1416,32.7
0,1240,32
0,817,31.5
0,299,29.4
0,12,28
0,0,27.1
0,0,26.4
0,0,25.8
0,0,25.3
0,0,24.9
0,0,24.7
0,0,24.5
0,0,24.3
0,0,24.1
0,185,24.6
0,746,26.2
0,1117,28.3
0,1252,30.2
0,1000,31.3
0,490,31.9
0,523,31.9
0,124,31.5
0,461,30.8
0,307,29.9
0,274,29
0,168,28.1
0,84,27.6
0,136,26.3
0,10,25.6
0,0,25.2
0,0,24.8
0,0,24.4
0,0,23.9
0,0,23.1
0,0,22.2
0,0,21.3
0,0,20.7
0,0,20.2
0,26,20.2
0,126,20.7
0,190,22
0,538,24.1
0,1401,26.2
0,1803,27.9
0,1957,29
0,1986,29.8
0,1943,30.3
0,1834,30.5
0,1659,30.3
0,1423,29.8
0,1121,29.6
0,724,26.2
0,107,24.1
0,0,23
0,0,22.2
0,0,21.7
0,0,21.3
0,0,20.7
0,0,19.8
0,0,19
0,0,18.2
0,0,18.1
0,315,19.6
0,837,22
0,1201,24.6
0,1483,27.1
0,1699,28.5
0,1854,29.4
0,1942,30.1
0,1963,30.5
0,1915,30.7
0,1800,30.7
0,1621,30.4
0,1383,29.6
0,1078,29.1
0,503,25.9
0,12,24.1
0,0,23.4
0,0,22.9
0,0,22.5
0,0,22.1
0,0,21.7
0,0,21.5
0,0,21.2
0,0,20.8
0,0,20.7
0,247,21.8
0,773,23.9
0,1020,26.5
0,1432,28.7
0,1462,29.7
0,1199,30
0,1387,30
0,1615,30.1
0,1514,30.2
0,995,30.2
0,276,29.9
0,341,29.3
0,368,28.9
0,123,26.5
0,8,25.1
0,0,24.2
0,0,23.4
0,0,22.6
0,0,21.9
0,0,21.3
0,0,20.8
0,0,20.3
0,0,19.9
0,0,19.7
0,167,20.1
0,733,21.6
0,712,23.9
0,1128,26
0,1265,27.3
0,1478,28
0,1425,28.3
0,1580,28.4
0,1215,28.4
0,1408,27.9
0,1380,27.2
0,854,26.3
0,668,25.9
0,245,24.5
0,8,23.7
0,0,23.1
0,0,22.5
0,0,22
0,0,21.5
0,0,21
0,0,20.6
0,0,20.3
0,0,19.9
0,0,19.6
0,32,19.7
0,258,20.5
0,811,21.9
0,927,23.7
0,1279,25
0,1302,25.9
0,1309,26.4
0,1427,26.6
0,1117,26.8
0,1482,27
0,1549,26.9
0,1309,26.4
0,883,26.1
0,54,20.9
0,13,20.1
0,0,19.7
0,0,19.4
0,0,19.3
0,0,19.1
0,0,18.9
0,0,18.5
0,0,18.2
0,0,17.9
0,0,17.8
0,81,18.4
0,492,19.5
0,868,21.1
0,1384,23.1
0,1629,24.5
0,1801,25.4
0,1888,26
0,1665,26.5
0,1469,26.7
0,1268,26.5
0,1196,26.1
0,1274,25.5
0,646,25.2
0,480,22.5
0,37,21.3
0,0,20.7
0,0,20.3
0,0,19.8
0,0,19.3
0,0,18.8
0,0,18.3
0,0,17.9
0,0,17.5
0,0,17.3
0,226,18.2
0,774,19.8
0,1153,21.8
0,1444,23.8
0,1673,24.8
0,1472,25.3
0,1932,25.7
0,1712,26.1
0,1563,26.5
0,1066,26.6
0,1211,26.3
0,1235,25.6
0,663,25.1
0,266,22.1
0,4,20.8
0,0,20.2
0,0,19.7
0,0,19.3
0,0,18.9
0,0,18.6
0,0,18.3
0,0,18.1
0,0,17.9
0,0,17.8
0,16,18.8
0,93,20.4
0,318,22.5
0,711,24.8
0,1558,26.2
0,1781,27
0,1538,27.5
0,1629,27.9
0,1684,28.1
0,1742,28
0,1560,27.7
0,1306,27.2
0,981,26.9
0,556,24
0,33,22.4
0,0,21.9
0,0,21.6
0,0,21.2
0,0,20.7
0,0,20.3
0,0,20
0,0,19.8
0,0,19.6
0,0,19.4
0,164,20.1
0,680,21.5
0,1092,23.6
0,1394,26
0,1625,27.5
0,1791,28.3
0.003333333,1886,28.9
0.003333333,1908,29.3
0.003333333,1859,29.5
0.003333333,1740,29.5
0.003333333,1553,29.2
0.003333333,1304,28.9
0.003333333,984,28.7
0.003333333,569,25.9
0.003333333,20,24.1
0.003333333,0,23
0.003333333,0,22.1
0.003333333,0,21.5
0.003333333,0,21
0.003333333,0,20.6
0.003333333,0,20.3
0.003333333,0,20
0.003333333,0,19.6
0.003333333,0,19.5
0.003333333,73,20.4
0.003333333,638,21.9
0.003333333,876,23.8
0.003333333,1139,25.9
0.003333333,1074,27.4
0.003333333,1294,28.1
0,1339,28.5
0,1510,28.8
0,968,29.2
0,1670,28.8
0,1482,27.7
0,934,26.6
0,790,26.1
0,297,24.6
0,2,23.9
0,0,23.4
0,0,23.1
0,0,22.8
0,0,22.5
0,0,22.3
0,0,22.1
0,0,21.8
0,0,21.2
0,0,20.6
0,163,20.4
0,741,21.1
0,1140,22.3
0,1444,23.8
0,1680,25.2
0,1768,26.4
0,1906,27.2
0,1930,27.7
0,1894,27.9
0,1774,27.9
0,1586,27.6
0,1334,27.2
0,1006,26.8
0,580,24.5
0,21,24
0,0,24.1
0,0,23.6
0,0,22.6
0,0,21.6
0,0,20.5
0,0,19.9
0,0,19.8
0,0,19.5
0,0,18.8
0,49,19.6
0,351,21.4
0,414,22.6
0,1248,23.8
0,1605,25.1
0,1803,26.6
0,1897,28
0,1917,28.8
0,1836,29.2
0,1674,29.3
0,1498,29.1
0,1103,28.6
0,958,28.3
0,546,25.3
0,17,23.8
0,0,23.2
0,0,22.6
0,0,22.1
0,0,21.6
0,0,21.3
0,0,21
0,0,20.7
0,0,20.2
0,0,19.9
0,18,20.4
0,261,21.7
0,300,23
0,791,23.5
0,272,23.3
0,1705,23.3
0.044583333,1556,23.7
0.044583333,1781,24.4
0.044583333,1820,25.2
0.044583333,1701,25.7
0.044583333,1511,25.7
0.044583333,1253,25.2
0.044583333,860,24.9
0.044583333,498,22.4
0.044583333,0,20.9
0.044583333,0,19.9
0.044583333,0,19
0.044583333,0,18.1
0.044583333,0,17.4
0.044583333,0,16.6
0.044583333,0,16
0.044583333,0,15.5
0.044583333,0,15.1
0.044583333,0,14.8
0.044583333,191,15.9
0.044583333,784,17.9
0.044583333,1169,20.3
0.044583333,1456,22.9
0.044583333,1676,24.6
0.044583333,1834,25.6
0,1924,26.4
0,1942,27
0,1884,27.4
0,1753,27.6
0,1557,27.5
0,1292,27.1
0,951,26.8
0,440,23
0,0,21.1
0,0,20.4
0,0,19.9
0,0,19.5
0,0,19.1
0,0,18.6
0,0,18.3
0,0,18.3
0,0,18.4
0,0,18.6
0,14,19.1
0,219,20.2
0,549,22.1
0,726,24.3
0,1171,26.1
0,1357,27.5
0,1418,28.5
0,1384,29.1
0,1236,29.1
0,920,28.7
0,405,28.2
0,1094,27.6
0,820,27.2
0,362,25.5
0,0,24.8
0,0,24.4
0,0,24
0,0,23.7
0,0,23.4
0,0,23
0,0,22.7
0,0,22.6
0,0,22.6
0,0,22.6
0,12,23.1
0,18,23.9
0,42,24.8
0,42,25.7
0,62,26.3
0,90,26.9
0,310,27.1
0,543,27
0,755,26.9
0,945,26.8
0,831,26.9
0,877,26.7
0,867,26.4
0,460,24.4
0,0,23.3
0,0,22.8
0,0,22.3
0,0,21.9
0,0,21.5
0,0,21.1
0,0,20.8
0,0,20.5
0,0,20.4
0,0,20.5
0,4,21
0,28,21.6
0,306,22.5
0,162,23.7
0,311,25.1
0,333,26.4
0,230,27.7
0,264,28.6
0,1788,28.9
0,515,28.9
0,679,28.5
0,1146,27.8
0,263,27.3
0,133,25.2
0,0,24
0,0,23.1
0,0,22.1
0,0,21.2
0,0,20.4
0,0,19.9
0,0,19.5
0,0,19.4
0,0,19.4
0,0,19.7
0,96,20.8
0,667,22.5
0,1090,24.3
0,1410,25.9
0,1652,27
0,1818,27.8
0,1915,28.4
0,1937,28.8
0,1883,29
0,1754,28.9
0,1556,28.7
0,1293,28
0,689,27.6
0,217,24.4
0,0,23
0,0,21.9
0,0,20.6
0,0,19.6
0,0,19
0,0,18.5
0,0,18
0,0,17.5
0,0,16.9
0,0,16.4
0,104,16.8
0,732,18.2
0,1139,19.7
0,1438,21.1
0,1661,22.3
0,1630,23.3
0,672,24.2
0,791,24.8
0,643,25.1
0,1114,25
0,550,24.7
0,1023,24.1
0,673,23.8
0,189,21.2
0,0,19.7
0,0,19
0,0,18.4
0,0,17.9
0,0,17.6
0,0,17.2
0,0,16.9
0,0,16.7
0,0,16.7
0,0,16.6
0,47,17.3
0,641,19.2
0,991,21.2
0,1082,22.6
0,781,24
0,864,25.1
0,1142,25.6
0,940,25.3
0,552,24.9
0,319,24.7
0,366,24.5
0,1012,23.8
0,775,23.2
0,293,21.4
0,0,20.9
0,0,20.7
0,0,20.4
0,0,20.2
0,0,20
0,0,19.8
0,0,19.5
0,0,19.2
0,0,19
0,0,18.9
0,43,19.6
0,546,20.9
0,899,22.4
0,1172,23.3
0,1212,24
0,494,25.1
0.050833333,602,25.8
0.050833333,990,26
0.050833333,1826,26
0.050833333,1051,25.9
0.050833333,1506,25.6
0.050833333,838,25.2
0.050833333,667,24.9
0.050833333,267,22.1
0.050833333,0,21.1
0.050833333,0,20.9
0.050833333,0,20.8
0.050833333,0,20.3
0.050833333,0,19.5
0.050833333,0,18.8
0.050833333,0,18.4
0.050833333,0,18.3
0.050833333,0,17.9
0.050833333,0,17.6
0.050833333,6,17.7
0.050833333,86,18.6
0.050833333,233,19.8
0.050833333,803,21.3
0.050833333,1191,22.6
0.050833333,1118,23.9
0,980,25.1
0,1156,26
0,1756,26.4
0,1383,26.6
0,378,26.9
0,834,26.8
0,749,26.6
0,140,24.2
0,0,23.5
0,0,23.3
0,0,22.9
0,0,22.2
0,0,21.6
0,0,21.1
0,0,21.1
0,0,21.4
0,0,21.9
0,0,22.4
0,4,22.6
0,30,22.8
0,14,23.3
0,76,24
0,926,24.8
0,1344,25.9
0,1792,27
0,1823,27.9
0,1698,28.3
0,412,28.1
0,382,27.3
0,710,26.1
0,673,25.4
0,306,22.7
0,0,21.3
0,0,20.4
0,0,19.7
0,0,19.1
0,0,18.6
0,0,18.1
0,0,17.7
0,0,17.3
0,0,16.9
0,0,16.6
0,55,17
0,615,18.2
0,959,20.2
0,1370,23
0,1437,25
0,1734,26.1
0.00625,1870,26.9
0.00625,1887,27.5
0.00625,1830,27.9
0.00625,1690,28
0.00625,1419,27.8
0.00625,1220,27.1
0.00625,862,26.7
0.00625,349,23.4
0.00625,0,22.1
0.00625,0,21.7
0.00625,0,21.5
0.00625,0,21.4
0.00625,0,21.2
0.00625,0,21
0.00625,0,20.8
0.00625,0,20.7
0.00625,0,20.6
0.00625,0,20.6
0.00625,2,21
0.00625,14,21.7
0.00625,52,22.8
0.00625,746,24
0.00625,1319,25.2
0.00625,1344,26.5
0.136666667,1645,27.6
0.136666667,1602,28.3
0.136666667,1808,28.7
0.136666667,1546,29.1
0.136666667,1422,29.2
0.136666667,1235,29
0.136666667,882,28.8
0.136666667,376,26.5
0.136666667,0,25.9
0.136666667,0,25.5
0.136666667,0,24.7
0.136666667,0,23.6
0.136666667,0,22.7
0.136666667,0,22
0.136666667,0,21.5
0.136666667,0,21
0.136666667,0,20.6
0.136666667,0,20.3
0.136666667,2,20.5
0.136666667,30,20.9
0.136666667,24,21.1
0.136666667,42,21.6
0.136666667,36,22.1
0.136666667,166,22.5
0.002083333,514,22.5
0.002083333,395,22.6
0.002083333,687,22.9
0.002083333,354,22.7
0.002083333,184,22
0.002083333,228,21.2
0.002083333,129,20.7
0.002083333,38,19.2
0.002083333,0,18.7
0.002083333,0,18.6
0.002083333,0,18.4
0.002083333,0,18
0.002083333,0,17.4
0.002083333,0,16.7
0.002083333,0,15.8
0.002083333,0,15
0.002083333,0,14.4
0.002083333,0,14
0.002083333,49,14.9
0.002083333,605,16.7
0.002083333,1094,18.8
0.002083333,1404,21.2
0.002083333,1632,22.9
0.002083333,1787,24
0.00125,1878,24.7
0.00125,1898,25.2
0.00125,1840,25.4
0.00125,1709,25.3
0.00125,1506,25
0.00125,1147,24.3
0.00125,877,23.9
0.00125,180,20.5
0.00125,0,19.3
0.00125,0,18.7
0.00125,0,18.3
0.00125,0,17.9
0.00125,0,17.3
0.00125,0,16.6
0.00125,0,16.1
0.00125,0,15.6
0.00125,0,15.2
0.00125,0,14.8
0.00125,38,15.4
0.00125,603,17.1
0.00125,1060,19.4
0.00125,1375,21.6
0.00125,1611,23
0.00125,1776,23.9
0,1875,24.6
0,1897,25.1
0,1842,25.2
0,1714,25.1
0,1512,24.8
0,1240,24
0,875,23.5
0,242,20.5
0,0,19.3
0,0,18.9
0,0,18.3
0,0,17.6
0,0,16.9
0,0,16.3
0,0,15.8
0,0,15.3
0,0,14.9
0,0,14.5
0,4,14.7
0,300,15.7
0,754,17.6
0,1155,19.7
0,1546,21.3
0,1464,22.4
0,1748,23
0,1765,23.5
0,1739,23.7
0,1158,23.5
0,705,22.9
0,745,21.9
0,583,21.4
0,102,19.8
0,0,19.2
0,0,18.6
0,0,18.1
0,0,17.6
0,0,17.1
0,0,16.8
0,0,16.5
0,0,16.3
0,0,16.1
0,0,15.8
0,2,15.9
0,79,16.5
0,258,17.7
0,450,19
0,442,20.5
0,576,21.8
0.00125,696,22.4
0.00125,1035,22.2
0.00125,563,21.8
0.00125,422,21.5
0.00125,250,21.2
0.00125,108,20.7
0.00125,66,20.4
0.00125,18,19.5
0.00125,0,19.1
0.00125,0,18.5
0.00125,0,17.9
0.00125,0,17.5
0.00125,0,17
0.00125,0,16.4
0.00125,0,16
0.00125,0,15.7
0.00125,0,15.5
0.00125,0,15.5
0.00125,8,16.1
0.00125,435,17.3
0.00125,120,19.1
0.00125,421,21.1
0.00125,100,22.9
0.00125,315,24.4
0,662,25.4
0,458,25.8
0,250,25.4
0,446,24.5
0,288,23.7
0,994,23.2
0,753,23
0,264,20.9
0,0,19.9
0,0,19.1
0,0,18.4
0,0,17.8
0,0,17.6
0,0,17.4
0,0,16.8
0,0,16.1
0,0,15.4
0,0,14.8
0,20,15
0,625,16.5
0,1072,18.9
0,1397,21.2
0,1635,22.7
0,1802,23.6
0,1899,24.1
0,1921,24.5
0,1870,24.5
0,1656,24.2
0,1215,23.5
0,1274,22.4
0,899,21.7
0,335,18
0,0,16.8
0,0,16.1
0,0,15.3
0,0,14.4
0,0,13.8
0,0,13.3
0,0,12.9
0,0,12.5
0,0,12.2
0,0,11.8
0,19,12.2
0,640,13.9
0,1090,16.6
0,1411,19.9
0,1648,22.2
0,1810,23.3
0.121666667,1899,24.1
0.121666667,1913,24.7
0.121666667,1856,25
0.121666667,1721,25
0.121666667,1517,24.8
0.121666667,1239,24
0.121666667,873,23.5
0.121666667,313,20.6
0.121666667,0,20.2
0.121666667,0,19.5
0.121666667,0,18.2
0.121666667,0,17.2
0.121666667,0,17
0.121666667,0,17.5
0.121666667,0,18
0.121666667,0,18.4
0.121666667,0,18.4
0.121666667,0,18.4
0.121666667,0,18.9
0.121666667,69,20.4
0.121666667,46,22.6
0.121666667,1127,24.8
0.121666667,1526,26.6
0.121666667,1711,27.8
0.009583333,1824,28.7
0.009583333,1850,29.1
0.009583333,1789,29
0.009583333,1658,28.4
0.009583333,1456,27.4
0.009583333,1185,25.8
0.009583333,637,24.8
0.009583333,184,20.4
0.009583333,0,18.8
0.009583333,0,17.9
0.009583333,0,17.3
0.009583333,0,16.9
0.009583333,0,16.6
0.009583333,0,16
0.009583333,0,15.1
0.009583333,0,14.3
0.009583333,0,13.9
0.009583333,0,13.7
0.009583333,0,13.9
0.009583333,115,14.8
0.009583333,215,16.4
0.009583333,555,18.6
0.009583333,933,20.4
0.009583333,1383,21.6
0.00125,1715,22.5
0.00125,1862,23.2
0.00125,1710,23.3
0.00125,1672,23.2
0.00125,1464,22.8
0.00125,1181,21.9
0.00125,804,21.4
0.00125,204,17.9
0.00125,0,16.8
0.00125,0,16.4
0.00125,0,16
0.00125,0,15.6
0.00125,0,15.1
0.00125,0,14.7
0.00125,0,14.5
0.00125,0,14.4
0.00125,0,14.2
0.00125,0,14
0.00125,0,14.3
0.00125,28,15.1
0.00125,70,16.4
0.00125,176,18.2
0.00125,359,19.6
0.00125,288,20.8
0,202,21.8
0,301,22.6
0,311,23
0,562,23
0,682,22.7
0,150,21.8
0,695,21.2
0,128,21.6
0,0,20.1
0,0,18.8
0,0,17.6
0,0,16.6
0,0,15.8
0,0,15.1
0,0,14.5
0,0,13.7
0,0,12.9
0,0,12.1
0,0,12
0,425,13.5
0,909,16.2
0,1270,19.2
0,1539,21.7
0,1723,23.6
0,1826,25
0,1545,26
0,1749,26.5
0,1595,26.5
0,1358,26
0,1036,24.7
0,614,23.8
0,28,19.9
0,0,19
0,0,18.4
0,0,17.5
0,0,16.7
0,0,15.9
0,0,15.3
0,0,14.9
0,0,14.5
0,0,14.3
0,0,14.2
0,0,14.6
0,295,16
0,748,18.9
0,807,22.4
0,767,25.4
0,1199,27.6
0.059166667,1652,29.1
0.059166667,1452,30.1
0.059166667,1269,30.4
0.059166667,964,30.2
0.059166667,899,29.6
0.059166667,856,28.3
0.059166667,462,27.5
0.059166667,62,22.9
0.059166667,0,20.8
0.059166667,0,19.3
0.059166667,0,18.2
0.059166667,0,17.3
0.059166667,0,16.6
0.059166667,0,16
0.059166667,0,15.5
0.059166667,0,15.2
0.059166667,0,15
0.059166667,0,14.9
0.059166667,0,15.5
0.059166667,436,17.8
0.059166667,906,20.9
0.059166667,1251,24.7
0.059166667,1508,27.9
0.059166667,1687,29.6
0,1605,30.8
0,1623,31.7
0,1683,32.2
0,1217,32.2
0,1249,31.6
0,899,30
0,473,28.8
0,48,25
0,0,23.9
0,0,23
0,0,22.1
0,0,21.5
0,0,21.1
0,0,20.9
0,0,20.8
0,0,20.6
0,0,20.3
0,0,19.7
0,0,19.4
0,198,19.9
0,625,21.6
0,712,23.8
0,1113,25.6
0,1141,26.7
0,1238,26.7
0,1235,25.6
0,1097,24.6
0,1008,24
0,352,23.6
0,452,22.7
0,266,22.1
0,21,19.9
0,0,19.4
0,0,18.7
0,0,17.7
0,0,16.4
0,0,15.1
0,0,14
0,0,13.1
0,0,12.5
0,0,11.9
0,0,11.4
0,0,11.5
0,499,12.9
0,968,15.8
0,1315,18.4
0,1574,19.9
0,1755,20.9
0,1859,21.7
0,1887,22.2
0,1832,22.3
0,1700,22.1
0,1483,21.4
0,691,20.4
0,433,19.7
0,177,15.9
0,0,14.1
0,0,13.1
0,0,12.3
0,0,11.6
0,0,11.1
0,0,10.6
0,0,10.3
0,0,9.9
0,0,9.4
0,0,8.7
0,0,8.9
0,592,10.6
0,1057,13.8
0,1381,17
0,1617,19
0,1784,20.3
0,1526,21.4
0,815,22
0,908,22.3
0,1123,22.2
0,737,21.7
0,960,20.6
0,363,19.9
0,8,15.6
0,0,14.5
0,0,14.2
0,0,14
0,0,13.8
0,0,13.1
0,0,11.8
0,0,10.5
0,0,9.7
0,0,9.2
0,0,8.7
0,0,9.2
0,569,11.1
0,1034,14.3
0,1355,18.1
0,1590,21
0,1757,22.8
0,1842,24.2
0,1858,25.2
0,1792,25.9
0,1655,26
0,1435,25.6
0,1142,24.4
0,743,23.4
0,0,18.6
0,0,17.2
0,0,16.2
0,0,15.5
0,0,15.2
0,0,14.9
0,0,14.4
0,0,13.8
0,0,13.2
0,0,12.6
0,0,12
0,0,12.3
0,522,14.1
0,998,17
0,1331,21.2
0,1573,25.5
0,1738,28.4
0,1831,29.8
0,1843,30.7
0,1775,31.1
0,1631,31.1
0,1409,30.6
0,1103,29
0,686,27.9
0,0,22.6
0,0,21.5
0,0,20.6
0,0,19.5
0,0,18.5
0,0,17.7
0,0,17.1
0,0,16.6
0,0,16.1
0,0,15.6
0,0,15
0,0,14.8
0,87,15.8
0,543,18.2
0,1212,21.5
0,1478,24.9
0,1655,27.9
0,1531,30
0,1748,31.2
0,1675,31.8
0,1509,31.7
0,1012,30.9
0,800,29.1
0,423,27.9
0,0,24.8
0,0,24
0,0,23.1
0,0,22
0,0,21
0,0,20.1
0,0,19.4
0,0,18.8
0,0,18.2
0,0,17.7
0,0,17.4
0,0,17.4
0,224,17.9
0,692,19.1
0,1080,21
0,1368,23.4
0,1567,26
0,1682,27.9
0,1718,29.2
0,1661,29.9
0,1219,29.8
0,1122,29.2
0,932,27.8
0,462,26.8
0,0,22.5
0,0,21.4
0,0,20.2
0,0,19.1
0,0,18.1
0,0,17.2
0,0,16.5
0,0,15.8
0,0,15.1
0,0,14.4
0,0,13.8
0,0,13.9
0,351,15.2
0,843,18
0,1206,22.2
0,1450,25.8
0,1634,27.8
0.079583333,1735,29.1
0.079583333,1746,29.9
0.079583333,1681,30.2
0.079583333,1536,30.1
0.079583333,1317,29.5
0.079583333,1006,28
0.079583333,573,27
0.079583333,0,22.4
0.079583333,0,20.8
0.079583333,0,19.6
0.079583333,0,18.7
0.079583333,0,18.1
0.079583333,0,17.9
0.079583333,0,17.8
0.079583333,0,17.6
0.079583333,0,17.2
0.079583333,0,16.6
0.079583333,0,16
0.079583333,0,15.9
0.079583333,386,17.3
0.079583333,889,20.2
0.079583333,1238,23.9
0.079583333,1492,26.9
0.079583333,1663,28.6
0,1524,29.8
0,1743,30.7
0,1668,31.2
0,1296,31.2
0,1035,30.6
0,925,28.9
0,338,27.7
0,0,23.1
0,0,21.8
0,0,20.8
0,0,19.9
0,0,19.1
0,0,18.4
0,0,17.8
0,0,17.3
0,0,17
0,0,16.9
0,0,17
0,0,17.1
0,322,18.1
0,815,20.8
0,1174,24.4
0,1383,27.3
0,1565,29.1
0,1661,30.6
0,1694,31.7
0,1619,32.3
0,1464,32.4
0,1207,31.8
0,882,30.3
0,447,29.2
0,0,25
0,0,23.2
0,0,21.8
0,0,20.9
0,0,20.2
0,0,19.5
0,0,18.8
0,0,18.2
0,0,17.6
0,0,17.1
0,0,16.8
0,0,17.2
0,118,18.8
0,745,21.5
0,1109,25.3
0,1382,28.8
0,1576,31
0,1680,32.5
0,1694,33.6
0,1620,34.1
0,1464,34
0,1226,33.3
0,899,31.5
0,460,30.3
0,0,25.9
0,0,24.8
0,0,23.7
0,0,22.8
0,0,22.1
0,0,21.7
0,0,21.5
0,0,21.3
0,0,20.8
0,0,20.2
0,0,19.6
0,0,19.4
0,115,20.4
0,503,22.6
0,742,26.3
0,383,30
0,1225,32.4
0,1250,34
0,1711,34.9
0,1466,35
0,1486,34.6
0,1259,33.7
0,897,32.2
0,225,31.3
0,0,27.6
0,0,26.2
0,0,25.3
0,0,24.6
0,0,23.9
0,0,23.2
0,0,22.5
0,0,21.9
0,0,21.4
0,0,21.1
0,0,20.8
0,0,20.9
0,52,21.7
0,250,24
0,44,27.1
0,146,29.5
0,206,31
0,881,31.6
0,1361,31.6
0,1209,31
0,30,30.5
0,341,30
0,42,29.2
0,187,28.5
0,0,25.8
0,0,24.5
0,0,22.8
0,0,20.9
0,0,19
0,0,17.2
0,0,15.8
0,0,14.8
0,0,14.3
0,0,13.9
0,0,13.3
0,0,12.8
0,213,13.1
0,494,14.5
0,975,16.6
0,1079,18.8
0,1348,20.7
0.031666667,1458,22.2
0.031666667,1413,23.3
0.031666667,1719,24
0.031666667,1560,24.3
0.031666667,1330,23.9
0.031666667,1014,22.7
0.031666667,552,21.8
0.031666667,0,17.7
0.031666667,0,17.1
0.031666667,0,16.4
0.031666667,0,15.5
0.031666667,0,14.8
0.031666667,0,14.3
0.031666667,0,13.8
0.031666667,0,13.5
0.031666667,0,13.2
0.031666667,0,12.9
0.031666667,0,12.8
0.031666667,0,12.7
0.031666667,44,13.5
0.031666667,303,15.8
0.031666667,718,18.5
0.031666667,464,20.4
0.031666667,911,21.6
0.13125,1050,22.7
0.13125,973,23.5
0.13125,282,23.8
0.13125,302,23.2
0.13125,296,22.3
0.13125,124,21.3
0.13125,309,20.8
0.13125,0,19.2
0.13125,0,18.6
0.13125,0,18.2
0.13125,0,17.9
0.13125,0,17.7
0.13125,0,17.5
0.13125,0,17.3
0.13125,0,17.3
0.13125,0,17.2
0.13125,0,17.2
0.13125,0,17.2
0.13125,0,17.5
0.13125,269,18.3
0.13125,789,20
0.13125,1152,22.2
0.13125,606,24.8
0.13125,1124,27.1
0,1695,28.7
0,1274,29.6
0,1648,30
0,900,30.1
0,793,29.7
0,950,28.6
0,476,27.8
0,0,25.1
0,0,24
0,0,23.2
0,0,22.8
0,0,22.4
0,0,22
0,0,21.7
0,0,21.4
0,0,21.1
0,0,20.9
0,0,20.6
0,0,20.7
0,287,22
0,802,24.5
0,1152,27.1
0,1394,28.8
0,1001,30
0,1094,30.9
0,573,31.3
0,1155,31.2
0,576,30.7
0,182,29.6
0,850,28
0,86,27
0,0,23.7
0,0,22.3
0,0,21.3
0,0,20.4
0,0,19.7
0,0,19.1
0,0,18.6
0,0,18.2
0,0,17.9
0,0,17.9
0,0,18
0,0,18.3
0,26,19.3
0,118,21.8
0,976,24.9
0,949,27.4
0,879,28.6
0.00125,956,29.1
0.00125,1682,29.4
0.00125,1603,29.4
0.00125,1440,29.3
0.00125,1207,29
0.00125,887,28.4
0.00125,420,28
0.00125,0,26.6
0.00125,0,26
0.00125,0,25.6
0.00125,0,25.1
0.00125,0,24.5
0.00125,0,24.3
0.00125,0,24.1
0.00125,0,23.9
0.00125,0,23.7
0.00125,0,23.3
0.00125,0,23
0.00125,0,22.8
0.00125,305,23.1
0.00125,833,24.3
0.00125,1185,26.1
0.00125,1434,28
0.00125,1607,29.6
0.004166667,1696,30.9
0.004166667,1712,31.9
0.004166667,1641,32.4
0.004166667,1493,32.5
0.004166667,1265,32.1
0.004166667,950,31
0.004166667,484,30.2
0.004166667,0,27.5
0.004166667,0,26.6
0.004166667,0,25.8
0.004166667,0,25.1
0.004166667,0,24.2
0.004166667,0,23.3
0.004166667,0,22.6
0.004166667,0,22.1
0.004166667,0,21.9
0.004166667,0,21.5
0.004166667,0,21
0.004166667,0,20.9
0.004166667,338,21.8
0.004166667,856,24.2
0.004166667,1013,27.7
0.004166667,1441,30.7
0.004166667,1605,32
0.002083333,1698,32.8
0.002083333,1709,33.3
0.002083333,1640,33.5
0.002083333,1496,33.2
0.002083333,1275,32.5
0.002083333,958,31
0.002083333,483,29.9
0.002083333,0,26.3
0.002083333,0,25.5
0.002083333,0,24.8
0.002083333,0,24
0.002083333,0,23.2
0.002083333,0,22.6
0.002083333,0,22.1
0.002083333,0,21.6
0.002083333,0,21
0.002083333,0,20.5
0.002083333,0,20.1
0.002083333,0,19.9
0.002083333,280,20.9
0.002083333,809,23.2
0.002083333,1162,26.7
0.002083333,1410,29.8
0.002083333,1577,31.6
0.023333333,1665,32.5
0.023333333,1660,33
0.023333333,1332,33
0.023333333,1045,32.7
0.023333333,1209,32
0.023333333,882,30.4
0.023333333,397,29.2
0.023333333,0,25.7
0.023333333,0,24.9
0.023333333,0,24.2
0.023333333,0,23.4
0.023333333,0,22.7
0.023333333,0,21.9
0.023333333,0,21.1
0.023333333,0,20.4
0.023333333,0,19.8
0.023333333,0,19.5
0.023333333,0,19.5
0.023333333,0,19.7
0.023333333,46,20.6
0.023333333,687,22.3
0.023333333,1073,24.4
0.023333333,1349,26.8
0.023333333,1530,28.7
0,1621,29.7
0,1285,29.9
0,985,29.6
0,996,29
0,467,27.9
0,86,26.4
0,48,25.4
0,0,23.3
0,0,22.5
0,0,21.8
0,0,21.2
0,0,20.7
0,0,20.2
0,0,19.8
0,0,19.4
0,0,19
0,0,18.6
0,0,18.1
0,0,17.5
0,18,17.1
0,26,17.2
0,279,17.7
0,483,18.6
0,521,20
0,593,21.5
0,422,22.4
0,550,22.6
0,527,22.2
0,540,21.2
0,174,19.9
0,100,19.2
0,0,17.1
0,0,16.4
0,0,15.8
0,0,15.2
0,0,14.8
0,0,14.5
0,0,14.1
0,0,13.7
0,0,12.9
0,0,11.9
0,0,11.1
0,0,10.7
0,50,11.8
0,314,14.2
0,728,16.4
0,962,18
0,1090,19.3
0,1208,20.5
0,1237,21.6
0,1223,22.3
0,917,22.5
0,844,22
0,677,20.4
0,156,19.1
0,0,16
0,0,15.5
0,0,15
0,0,14.2
0,0,13.5
0,0,12.8
0,0,12.2
0,0,11.7
0,0,11.3
0,0,11.1
0,0,10.9
0,0,10.8
0,343,11.9
0,905,14.6
0,1256,18.1
0,1502,21.4
0,1665,23.3
0,1755,24.4
0,1763,25.2
0,1690,25.6
0,1543,25.6
0,1313,25.1
0,991,23.2
0,481,21.8
0,0,18.3
0,0,17
0,0,16.1
0,0,15.4
0,0,14.8
0,0,14.3
0,0,13.8
0,0,13.2
0,0,12.5
0,0,11.9
0,0,11.4
0,0,11
0,339,11.9
0,901,14.4
0,1251,17.7
0,1496,20.4
0,1662,21.9
0,1748,23
0,1761,23.6
0,1688,23.8
0,1541,23.5
0,1299,22.8
0,973,20.9
0,450,19.5
0,0,15.6
0,0,14.7
0,0,14.1
0,0,13.5
0,0,12.8
0,0,12
0,0,11.2
0,0,10.6
0,0,10.1
0,0,9.7
0,0,9.4
0,0,9.3
0,80,10
0,489,12.4
0,851,15.8
0,685,18.7
0,1628,20.6
0,1253,21.9