0,1178,25.1
0.31496063,1937,25.3
0.31496063,1815,25.2
0.31496063,1621,25
0.31496063,1132,24.4
0.31496063,1041,23.9
0.31496063,691,23
0.31496063,113,21.6
0.31496063,0,20.9
0.31496063,0,19.9
0.31496063,0,18.5
0.31496063,0,17.2
0.31496063,0,16.2
0.31496063,0,15.3
0.31496063,0,14.7
0.31496063,0,14.3
0.31496063,0,14.6
0.31496063,446,16.6
0.31496063,902,18.9
0.31496063,1113,21.6
0.31496063,1324,24.5
0.31496063,1311,26.1
0.31496063,1450,26.6
0.31496063,1607,26.8
0.31496063,1716,26.9
0,1284,27
0,561,27.2
0,981,27.1
0,469,26.5
0,174,25.9
0,66,23.4
0,14,22.3
0,0,21.9
0,0,21.7
0,0,21.3
0,0,20.8
0,0,20.5
0,0,19.8
0,0,18.1
0,0,16.3
0,0,15.5
0,22,16.1
0,40,17.5
0,194,19
0,1010,20.2
0,1645,21.6
0,1839,23.2
0,1019,24.5
0,938,25.3
9.68503937,1873,25.6
9.68503937,1741,25.5
9.68503937,1575,25.1
9.68503937,882,24.3
9.68503937,1001,23.8
9.68503937,112,20.9
9.68503937,10,18.9
9.68503937,0,17.7
9.68503937,0,16.8
9.68503937,0,15.9
9.68503937,0,15.2
9.68503937,0,14.4
9.68503937,0,13.7
9.68503937,0,13.1
9.68503937,0,12.7
9.68503937,0,13.1
9.68503937,433,14.8
9.68503937,917,17.1
9.68503937,1272,19.4
9.68503937,1550,21.3
9.68503937,1759,22.6
9.68503937,1894,23.5
9.68503937,1965,24.2
9.68503937,1973,24.8
0.118110236,1911,25.3
0.118110236,1782,25.4
0.118110236,1174,25.2
0.118110236,1303,24.6
0.118110236,889,24.3
0.118110236,608,21.6
0.118110236,18,20.1
0.118110236,0,19.4
0.118110236,0,19
0.118110236,0,18.5
0.118110236,0,18.1
0.118110236,0,18.3
0.118110236,0,18.5
0.118110236,0,18.8
0.118110236,0,18.9
0.118110236,0,19
0.118110236,44,20
0.118110236,846,21.7
0.118110236,1200,23.7
0.118110236,1133,25.5
0.118110236,1409,26.7
0.118110236,1546,27.7
0.118110236,1648,28.5
0.118110236,1746,29.1
0,1682,29.4
0,1737,29.5
0,1548,29.4
0,656,28.8
0,531,28.3
0,524,26.4
0,16,25.6
0,0,25.2
0,0,24
0,0,22.8
0,0,22.2
0,0,21.2
0,0,20
0,0,18.9
0,0,18.3
0,0,18.2
0,8,18.4
0,58,19.2
0,106,21.2
0,946,24.1
0,904,26.4
0,809,27.8
0,1890,28.5
0,1646,28.6
0.31496063,1436,28.3
0.31496063,372,27.8
0.31496063,714,27.4
0.31496063,270,26.7
0.31496063,594,26.3
0.31496063,514,22.7
0.31496063,58,19.7
0.31496063,0,17.1
0.31496063,0,15.6
0.31496063,0,14.8
0.31496063,0,14.2
0.31496063,0,13.7
0.31496063,0,13.2
0.31496063,0,12.7
0.31496063,0,12.5
0.31496063,0,13.2
0.31496063,500,14.9
0.31496063,962,17.4
0.31496063,1305,20.2
0.31496063,1577,22.6
0.31496063,1784,24.2
0.31496063,1936,25.2
0.31496063,2030,25.7
0.31496063,2041,25.8
0,1987,25.8
0,1865,25.6
0,1674,25.2
0,1425,24.4
0,1121,23.9
0,523,20.4
0,18,18.2
0,0,17.2
0,0,16.5
0,0,15.8
0,0,15.3
0,0,14.9
0,0,14.7
0,0,14.7
0,0,14.9
0,0,15.2
0,50,16.1
0,176,17.5
0,355,18.8
0,232,19.5
0,240,19.9
0,425,20.2
0,487,20.4
0,714,21.3
0.31496063,505,22.3
0.31496063,624,22.5
0.31496063,246,22.2
0.31496063,543,21.7
0.31496063,755,21.3
0.31496063,6,19.9
0.31496063,18,19.2
0.31496063,0,18.7
0.31496063,0,18.4
0.31496063,0,18.2
0.31496063,0,18
0.31496063,0,17.7
0.31496063,0,17.4
0.31496063,0,17
0.31496063,0,16.8
0.31496063,0,16.9
0.31496063,10,17.3
0.31496063,50,18.1
0.31496063,234,19.2
0.31496063,722,20.9
0.31496063,759,23.6
0.31496063,986,26.2
0.31496063,945,27.4
0.31496063,872,27.7
0,1334,27.5
0,1660,26.9
0,647,26.3
0,244,25.5
0,864,25
0,22,22.8
0,24,21.6
0,0,20.7
0,0,19.8
0,0,18.8
0,0,17.7
0,0,16.6
0,0,15.5
0,0,14.7
0,0,14.2
0,0,14.7
0,265,16.4
0,987,18.6
0,1323,21.4
0,1594,23.8
0,1808,25.1
0,1954,25.8
0,2033,26.4
0,2046,26.8
0,1991,27
0,1867,26.9
0,1679,26.5
0,1433,25.8
0,1122,25.3
0,716,22.2
0,155,20.3
0,0,19.6
0,0,18.9
0,0,18.1
0,0,17.4
0,0,16.9
0,0,16.7
0,0,16.6
0,0,16.5
0,0,16.7
0,82,17.2
0,263,18.1
0,570,19.3
0,603,20.9
0,505,22.5
0,218,23.9
0,224,24.9
0,186,25.4
0,216,25.8
0,340,26
0,1096,26.1
0,1042,25.8
0,755,25.6
0,255,24.1
0,20,23.2
0,0,22.9
0,0,22.9
0,0,22.9
0,0,22.8
0,0,22.4
0,0,22.1
0,0,21.8
0,0,21.5
0,0,21.2
0,18,21.5
0,56,22.3
0,62,23.7
0,1074,25.5
0,1519,27
0,1779,28.1
0,1861,28.5
0,1700,28.5
0,1413,28.3
0,1427,28.1
0,1148,28
0,542,27.7
0,297,27.5
0,70,26.6
0,18,25.9
0,0,25.1
0,0,24.4
0,0,23.7
0,0,23.3
0,0,23
0,0,22.8
0,0,22.6
0,0,22.3
0,0,22.2
0,64,22.7
0,170,23.5
0,58,24.4
0,240,25.2
0,713,25.9
0,813,26.3
0,1108,26.6
0,1279,26.7
0,1308,26.7
0,1034,26.5
0,1370,26.3
0,803,25.9
0,503,25.7
0,151,24.4
0,85,23.4
0,0,23
0,0,22.7
0,0,22.2
0,0,21.7
0,0,21.1
0,0,20.6
0,0,20
0,0,19.5
0,0,19.1
0,6,18.9
0,10,19.2
0,38,20
0,148,21.2
0,379,22.5
0,562,23.7
0,1219,24.7
0,1195,25.4
0,1326,25.7
0,903,25.6
0,522,25
0,812,23.6
0,86,22.8
0,657,20.4
0,143,19.1
0,0,18.3
0,0,17.9
0,0,17.5
0,0,17.3
0,0,17.1
0,0,17
0,0,16.9
0,0,17
0,0,17.3
0,16,17.9
0,96,18.6
0,82,19.7
0,222,21.1
0,116,22.7
0,1178,24.2
0,1319,25.5
0,915,26.5
0.708661417,1534,27
0.708661417,1559,27.2
0.708661417,1025,27.1
0.708661417,823,26.3
0.708661417,319,25.9
0.708661417,652,23.5
0.708661417,26,22
0.708661417,0,21.1
0.708661417,0,20.5
0.708661417,0,20.1
0.708661417,0,19.7
0.708661417,0,19.1
0.708661417,0,18.6
0.708661417,0,18.1
0.708661417,0,17.7
0.708661417,0,18.1
0.708661417,56,19.4
0.708661417,180,20.7
0.708661417,236,21.4
0.708661417,258,21.9
0.708661417,632,22.4
0.708661417,660,22.9
0.708661417,459,23.4
0.708661417,700,23.8
0.118110236,1462,24.3
0.118110236,1524,24.7
0.118110236,1653,24.7
0.118110236,1430,24.2
0.118110236,1134,23.8
0.118110236,485,20.8
0.118110236,202,18.8
0.118110236,0,17.6
0.118110236,0,16.9
0.118110236,0,16.2
0.118110236,0,15.6
0.118110236,0,15.1
0.118110236,0,14.6
0.118110236,0,14.2
0.118110236,0,13.9
0.118110236,0,14.5
0.118110236,512,16.4
0.118110236,962,18.5
0.118110236,1294,21.1
0.118110236,1559,23.4
0.118110236,1769,24.8
0.118110236,1915,26
0.118110236,1994,27
0.118110236,2006,27.7
0,1950,28
0,1825,28
0,1327,27.8
0,1066,27.2
0,985,26.7
0,428,24
0,30,22.4
0,0,21.5
0,0,20.8
0,0,20
0,0,19.2
0,0,18.5
0,0,17.9
0,0,17.5
0,0,17.4
0,0,17.7
0,89,18.9
0,62,20.9
0,118,23.5
0,1453,25.8
0,1201,27.4
0,1819,28.5
0,1408,29.4
0,1936,29.9
2.598425197,1886,30.2
2.598425197,1766,30.2
2.598425197,1579,29.9
2.598425197,1334,29.3
2.598425197,1030,29
2.598425197,642,27.5
2.598425197,144,26.7
2.598425197,0,26.1
2.598425197,0,25.5
2.598425197,0,24.8
2.598425197,0,24.2
2.598425197,0,23.7
2.598425197,0,23.3
2.598425197,0,23
2.598425197,0,22.8
2.598425197,0,22.8
2.598425197,66,23.1
2.598425197,188,23.8
2.598425197,1194,25
2.598425197,362,26.4
2.598425197,110,27.8
2.598425197,220,28.8
2.598425197,1381,29.5
2.598425197,1934,29.9
0,1880,29.9
0,1751,29.6
0,1023,29.2
0,256,28.7
0,22,28.4
0,58,27
0,18,26
0,0,24.7
0,0,23
0,0,21
0,0,19.3
0,0,18.2
0,0,17.6
0,0,17.4
0,0,17.1
0,0,17.2
0,548,18.4
0,971,20.1
0,1291,22.1
0,1552,24.5
0,1762,26.1
0,1523,27
0,1650,27.7
0,1535,28.3
0,1349,28.6
0,1213,28.8
0,1227,28.7
0,804,28.2
0,793,27.9
0,619,24.4
0,121,22.5
0,0,21.6
0,0,20.9
0,0,20.4
0,0,20
0,0,19.6
0,0,19.4
0,0,19.3
0,0,19.4
0,0,19.8
0,40,20.7
0,186,22.1
0,178,23.5
0,310,24.6
0,609,25.4
0,1153,26.1
0,1265,26.9
0,964,27.5
0,668,28
0,1078,28.1
0,459,28
0,327,27.6
0,118,27.3
0,290,25.3
0,28,23.7
0,0,22.8
0,0,22.3
0,0,21.9
0,0,21.6
0,0,21.4
0,0,21.3
0,0,21
0,0,20.8
0,0,20.9
0,72,21.5
0,382,22.6
0,519,24.3
0,515,26.1
0,148,27.3
0,1327,28.3
0,1395,29.3
0,1518,29.7
0,1102,29.6
0,1240,29.4
0,355,29
0,290,28.5
0,408,28.2
0,602,26.4
0,131,25.1
0,0,24.3
0,0,23.9
0,0,23.6
0,0,23.2
0,0,22.5
0,0,21.8
0,0,21.2
0,0,21
0,0,21.6
0,20,23
0,285,24.3
0,302,25.7
0,1339,27.1
0,1491,28.5
0,1821,29.6
0,1652,30.4
0,1926,30.9
0,1866,31.2
0,1750,31.3
0,1575,31.2
0,1330,30.7
0,1022,30.3
0,639,28.4
0,143,27.3
0,0,26.7
0,0,26.2
0,0,25.8
0,0,25.5
0,0,25.2
0,0,24.9
0,0,24.4
0,0,23.8
0,0,23.5
0,34,24
0,32,24.9
0,206,26
0,512,27.3
0,454,28.4
0,638,29
0,1789,29.3
0,1929,29.3
0,1884,29
0,1779,28.4
0,1349,27.4
0,1413,26.3
0,821,25.7
0,496,23
0,248,21
0,0,19.8
0,0,19.2
0,0,18.7
0,0,18.4
0,0,18.2
0,0,18
0,0,17.5
0,0,16.8
0,0,16.6
0,537,17.5
0,977,19.3
0,1304,21.5
0,1567,23.1
0,1775,24.1
0,1921,25.1
0,2004,25.9
0,2016,26.6
9.212598425,1960,27
9.212598425,1838,27.2
9.212598425,1656,27
9.212598425,1419,26.5
9.212598425,1122,26.2
9.212598425,748,24.4
9.212598425,233,22.4
9.212598425,0,21
9.212598425,0,20
9.212598425,0,19.1
9.212598425,0,18.4
9.212598425,0,17.9
9.212598425,0,17.5
9.212598425,0,17.2
9.212598425,0,17.1
9.212598425,0,17.7
9.212598425,461,19.3
9.212598425,902,21.3
9.212598425,1237,23.8
9.212598425,1499,25.8
9.212598425,1703,26.9
9.212598425,1846,27.7
9.212598425,1928,28.4
9.212598425,1956,28.9
2.913385827,1905,29.1
2.913385827,1788,29
2.913385827,1614,28.8
2.913385827,1380,28.3
2.913385827,1082,27.9
2.913385827,699,26
2.913385827,186,24.8
2.913385827,0,24.3
2.913385827,0,23.9
2.913385827,0,23.3
2.913385827,0,22.9
2.913385827,0,22.7
2.913385827,0,22.7
2.913385827,0,22.6
2.913385827,0,22.4
2.913385827,0,22.7
2.913385827,30,23.5
2.913385827,32,24.6
2.913385827,542,25.8
2.913385827,1304,27
2.913385827,1655,28.3
2.913385827,1816,29.5
2.913385827,1909,30.4
2.913385827,1940,30.9
0,1895,31
0,1783,30.9
0,1608,30.6
0,1373,30.1
0,1081,29.8
0,704,27.9
0,196,26.8
0,0,26.3
0,0,25.9
0,0,25.5
0,0,25.1
0,0,24.8
0,0,24.5
0,0,24.2
0,0,23.8
0,0,23.6
0,26,23.8
0,92,24.6
0,648,25.6
0,1049,26.7
0,1636,27.6
0,1804,28.1
0,1711,28.4
0,1285,28.5
0,1190,28.3
0,952,27.7
0,1557,26.8
0,1340,25.8
0,1078,25.4
0,761,23
0,259,21.3
0,0,20.5
0,0,20.1
0,0,19.7
0,0,19.3
0,0,18.9
0,0,18.4
0,0,18
0,0,17.5
0,0,17.5
0,508,18.4
0,956,20.1
0,1295,22.2
0,1567,23.7
0,1784,24.5
0,1935,25.1
0,2018,25.5
0,2032,25.8
0,1980,25.7
0,1863,25.5
0,1690,24.9
0,1459,24.1
0,1171,23.5
0,806,21.1
0,277,19.4
0,0,18.4
0,0,17.7
0,0,17
0,0,16.4
0,0,15.8
0,0,15.3
0,0,14.8
0,0,14.3
0,0,14.7
0,525,16.3
0,965,18.4
0,1293,20.7
0,1559,22.1
0,1759,23
0,1906,23.8
0,1993,24.3
0,2010,24.7
0.118110236,1962,25
0.118110236,1848,24.9
0.118110236,1676,24.5
0.118110236,1446,23.9
0.118110236,1157,23.5
0.118110236,793,20.7
0.118110236,272,18.3
0.118110236,0,17
0.118110236,0,16.2
0.118110236,0,15.5
0.118110236,0,14.8
0.118110236,0,14.2
0.118110236,0,13.6
0.118110236,0,13.1
0.118110236,0,12.7
0.118110236,0,13.3
0.118110236,511,15.1
0.118110236,964,17.2
0.118110236,1296,19.9
0.118110236,1563,22.3
0.118110236,1773,23.5
0.118110236,1920,24.4
0.118110236,2007,25.1
0.118110236,2026,25.6
3.188976378,1978,26
3.188976378,1865,26.1
3.188976378,1690,25.8
3.188976378,1462,25.3
3.188976378,1169,25
3.188976378,113,23.9
3.188976378,29,23.1
3.188976378,0,22.6
3.188976378,0,22.3
3.188976378,0,22.1
3.188976378,0,21.9
3.188976378,0,21.8
3.188976378,0,21.7
3.188976378,0,21.6
3.188976378,0,21.5
3.188976378,0,21.6
3.188976378,22,22.1
3.188976378,56,22.9
3.188976378,92,23.8
3.188976378,861,24.9
3.188976378,1254,25.8
3.188976378,1033,26.6
3.188976378,1056,27.3
3.188976378,1440,27.8
0,1359,28.1
0,1113,28.1
0,994,27.7
0,757,27.1
0,753,26.8
0,353,25.2
0,53,24
0,0,23.3
0,0,22.9
0,0,22.5
0,0,22.2
0,0,21.9
0,0,21.7
0,0,21.5
0,0,21.3
0,0,21.6
0,174,22.8
0,682,24.3
0,1069,25.8
0,1381,27.1
0,1597,28
0,1232,28.6
0,1769,28.9
0,1535,29.1
0,1590,29.2
0,1494,28.9
0,1482,28.6
0,1301,28.1
0,989,27.8
0,601,25.9
0,122,24.7
0,0,24
0,0,23.5
0,0,23.1
0,0,22.6
0,0,22.1
0,0,21.7
0,0,21.2
0,0,20.8
0,0,21
0,195,22
0,522,23.4
0,413,25.5
0,1264,27.6
0,1698,28.8
0,1842,29.5
0,1944,30
0,1898,30.2
0,1556,30.3
0,1303,30
0,1264,29.5
0,1164,28.7
0,736,28.3
0,574,26
0,96,24.5
0,0,23.6
0,0,23
0,0,22.7
0,0,22.7
0,0,22.8
0,0,22.7
0,0,22
0,0,21.2
0,0,21.1
0,343,22.3
0,810,24.1
0,1172,26.3
0,1462,28.3
0,1687,29.2
0,1845,29.8
0,1935,30.2
0,1937,30.5
0.393700787,1899,30.7
0.393700787,1777,30.6
0.393700787,1596,30.3
0.393700787,1350,29.8
0.393700787,1041,29.6
0.393700787,652,27.2
0.393700787,148,25.3
0.393700787,0,24.4
0.393700787,0,23.9
0.393700787,0,23.5
0.393700787,0,23.1
0.393700787,0,22.6
0.393700787,0,22.3
0.393700787,0,22.1
0.393700787,0,22
0.393700787,0,22.3
0.393700787,367,23.2
0.393700787,836,24.6
0.393700787,1192,26.7
0.393700787,1479,28.6
0.393700787,1698,29.5
0.393700787,1691,30.2
0.393700787,1919,30.6
0.393700787,1943,30.9
0,1892,31
0,1771,30.8
0,1589,30.5
0,1346,30.2
0,1039,30
0,651,28
0,150,26.4
0,0,25.5
0,0,24.6
0,0,23.9
0,0,23.2
0,0,22.7
0,0,22.3
0,0,22
0,0,21.8
0,0,22.1
0,334,23.3
0,789,24.7
0,1141,26.5
0,1421,28.4
0,1644,29.3
0,1233,29.9
0,1837,30.5
0,1733,31
22.79527559,1862,31.3
22.79527559,1745,31.4
22.79527559,1565,31.2
22.79527559,1311,31
22.79527559,996,30.9
22.79527559,593,28.7
22.79527559,113,27
22.79527559,0,26
22.79527559,0,25.2
22.79527559,0,24.5
22.79527559,0,23.9
22.79527559,0,23.4
22.79527559,0,23
22.79527559,0,22.7
22.79527559,0,22.4
22.79527559,0,22.8
22.79527559,232,24
22.79527559,708,25.7
22.79527559,1090,27.8
22.79527559,1377,29.3
22.79527559,1520,30.2
22.79527559,868,30.8
22.79527559,750,31.3
22.79527559,1888,31.5
0.511811024,1848,31.7
0.511811024,1732,31.7
0.511811024,1551,31.7
0.511811024,1307,31.6
0.511811024,993,31.5
0.511811024,595,29
0.511811024,116,27
0.511811024,0,26.1
0.511811024,0,25.6
0.511811024,0,25.1
0.511811024,0,24.6
0.511811024,0,24
0.511811024,0,23.5
0.511811024,0,23
0.511811024,0,22.5
0.511811024,0,22.7
0.511811024,314,23.7
0.511811024,788,25.5
0.511811024,1154,28.1
0.511811024,1440,30.4
0.511811024,1659,31.7
0.511811024,1813,32.4
0.511811024,1851,32.9
0.511811024,1924,33
4.488188976,1854,33
4.488188976,1595,32.7
4.488188976,1584,32.3
4.488188976,1353,31.8
4.488188976,1054,31.5
4.488188976,678,29
4.488188976,161,27.3
4.488188976,0,26.4
4.488188976,0,25.9
4.488188976,0,25.4
4.488188976,0,24.9
4.488188976,0,24.5
4.488188976,0,24.1
4.488188976,0,23.8
4.488188976,0,23.3
4.488188976,0,23.3
4.488188976,75,24
4.488188976,778,25.4
4.488188976,175,27
4.488188976,390,28.2
4.488188976,502,29.1
4.488188976,918,29.6
4.488188976,664,29.7
4.488188976,640,29.3
0,210,28.8
0,410,28.4
0,336,28.1
0,1316,27.6
0,1019,27.3
0,669,25.1
0,173,23.5
0,0,22.4
0,0,21.5
0,0,21
0,0,20.6
0,0,20.2
0,0,19.8
0,0,19.6
0,0,19.4
0,0,19.5
0,429,20.6
0,898,22.5
0,1240,25.2
0,1517,27.5
0,1728,29
0,1882,30.2
0,1970,31.1
0,1986,31.8
1.614173228,1932,32.2
1.614173228,1648,32.3
1.614173228,1629,32.1
1.614173228,1323,31.8
1.614173228,1098,31.7
1.614173228,409,28
1.614173228,82,25.7
1.614173228,0,24.3
1.614173228,0,23.4
1.614173228,0,22.6
1.614173228,0,21.9
1.614173228,0,21.2
1.614173228,0,20.6
1.614173228,0,20.1
1.614173228,0,19.6
1.614173228,0,19.9
1.614173228,190,21.1
1.614173228,800,22.9
1.614173228,1143,25
1.614173228,1422,26.8
1.614173228,1643,28.2
1.614173228,1798,29.5
1.614173228,1898,30.4
1.614173228,1931,31
0,1883,31.4
0,1774,31.4
0,1603,31.1
0,1176,30.4
0,603,30
0,160,27
0,179,24.9
0,0,23.5
0,0,22.3
0,0,21
0,0,20
0,0,19.3
0,0,18.9
0,0,18.5
0,0,18.3
0,0,18.4
0,391,19.5
0,872,21.6
0,1224,23.8
0,1505,25.7
0,1721,27
0,1876,27.9
0,1963,28.6
0,1983,29
0.708661417,1937,29.3
0.708661417,1561,29.2
0.708661417,1555,28.9
0.708661417,1279,28.4
0.708661417,1095,28.1
0.708661417,725,25.6
0.708661417,178,23.3
0.708661417,0,22.1
0.708661417,0,21.3
0.708661417,0,20.9
0.708661417,0,20.3
0.708661417,0,19.7
0.708661417,0,19.1
0.708661417,0,18.8
0.708661417,0,18.5
0.708661417,0,18.9
0.708661417,403,20.4
0.708661417,878,22.7
0.708661417,1215,25.3
0.708661417,1475,27.3
0.708661417,1680,28.3
0.708661417,1811,29.1
0.708661417,1912,29.7
0.708661417,1934,30.1
0.118110236,1889,30.3
0.118110236,1777,30.3
0.118110236,1604,29.9
0.118110236,1363,29.3
0.118110236,1059,28.9
0.118110236,667,26.6
0.118110236,38,25
0.118110236,0,23.8
0.118110236,0,23.1
0.118110236,0,22.5
0.118110236,0,22
0.118110236,0,21.5
0.118110236,0,21
0.118110236,0,20.5
0.118110236,0,20.2
0.118110236,0,20.2
0.118110236,77,21
0.118110236,344,22.8
0.118110236,467,25.2
0.118110236,720,27.6
0.118110236,571,29.3
0.118110236,799,30.3
0.118110236,767,30.6
0.118110236,1724,30.3
0,1651,29.7
0,699,29.3
0,116,29
0,484,28.6
0,731,28.3
0,56,26.7
0,8,25.8
0,0,24.8
0,0,23.3
0,0,21.6
0,0,20.4
0,0,19.4
0,0,18.7
0,0,18.1
0,0,17.8
0,0,17.9
0,10,18
0,16,18.3
0,50,18.6
0,297,19.2
0,272,20
0,198,21
0,441,21.7
0,958,22.4
0.196850394,998,23.4
0.196850394,744,24.1
0.196850394,581,24.1
0.196850394,1305,23.7
0.196850394,995,23.4
0.196850394,640,21.3
0.196850394,128,19.7
0.196850394,0,18.7
0.196850394,0,17.9
0.196850394,0,17.3
0.196850394,0,17
0.196850394,0,16.7
0.196850394,0,16.3
0.196850394,0,15.7
0.196850394,0,14.9
0.196850394,0,15
0.196850394,390,16.8
0.196850394,699,19.3
0.196850394,1115,21.8
0.196850394,1214,23.7
0.196850394,1359,25.1
0.196850394,1691,26.3
0.196850394,1964,27.4
0.196850394,1829,28.2
0,1894,28.7
0,1837,28.9
0,1492,28.7
0,1291,28.1
0,1014,27.8
0,646,24.6
0,148,22.5
0,0,21.6
0,0,21.2
0,0,20.8
0,0,20.4
0,0,20
0,0,19.6
0,0,19.3
0,0,19.1
0,0,19.6
0,274,21.1
0,685,22.9
0,1113,24.9
0,1401,26.6
0,1516,27.5
0,1626,28.3
0,1778,29
0,1878,29.5
0,1868,30.2
0,1705,30.7
0,1569,30.6
0,863,30.4
0,1016,30.2
0,342,28.7
0,97,27.4
0,0,26.5
0,0,25.9
0,0,25.3
0,0,24.8
0,0,24.2
0,0,23.8
0,0,23.4
0,0,23.3
0,0,23.4
0,56,24.2
0,48,25.6
0,18,27.3
0,656,28.8
0,1586,30.2
0,1771,31.2
0,1871,31.9
0,1881,32.1
0,1390,32.1
0,1037,31.8
0,1086,31.3
0,1244,30.6
0,813,30.3
0,467,29
0,67,28.1
0,0,27.4
0,0,26.8
0,0,26.2
0,0,25.8
0,0,25.4
0,0,25
0,0,24.5
0,0,23.7
0,0,23
0,53,22.8
0,190,23.4
0,552,24.7
0,515,26.3
0,1712,27.6
0,1451,28.6
0,1554,29.3
0,1569,29.8
0,1071,30.1
0,501,30.2
0,1056,30.1
0,1283,29.8
0,1031,29.6
0,645,26.2
0,102,24.1
0,0,23.2
0,0,22.7
0,0,22.2
0,0,21.7
0,0,21.4
0,0,21
0,0,20.6
0,0,20.5
0,0,20.4
0,41,20.6
0,32,20.8
0,50,20.9
0,74,21.5
0,311,22.8
0,447,24.1
0,365,24.8
0,423,25.3
0,330,25.6
0,609,25.5
0,1553,25.1
0,1312,24.6
0,1002,24.3
0,607,22.5
0,87,21.1
0,0,20.3
0,0,19.8
0,0,19.4
0,0,19
0,0,18.7
0,0,18.4
0,0,18.3
0,0,17.9
0,0,18.2
0,30,19.6
0,82,21.5
0,613,23.4
0,693,24.9
0,701,25.8
0,383,26.5
0,387,27.4
0,563,28.2
0,1361,28.6
0,1593,28.7
0,1565,28.4
0,1328,27.9
0,1025,27.5
0,640,25.1
0,98,23.5
0,0,22.7
0,0,22
0,0,21.3
0,0,20.6
0,0,19.9
0,0,19
0,0,18.2
0,0,17.4
0,0,17.1
0,115,17.8
0,701,19.5
0,1206,22
0,1515,24.2
0,1729,25.5
0,1883,26.4
0,1970,27.3
0,1989,27.9
0,1939,28.4
0,1821,28.6
0,1639,28.5
0,1398,28.1
0,1096,27.8
0,695,24.5
0,126,22.1
0,0,20.9
0,0,20
0,0,19.2
0,0,18.5
0,0,18
0,0,17.5
0,0,17.2
0,0,17
0,0,17
0,317,18
0,828,20.2
0,1191,23
0,1468,25.2
0,1675,26.6
0,1730,27.4
0,1658,27.7
0,1437,28
0,1378,28.1
0,1360,28.4
0,1556,28.5
0,1299,27.9
0,975,27.5
0,558,25.3
0,64,24.3
0,0,23.8
0,0,23.2
0,0,22.5
0,0,21.9
0,0,21.3
0,0,20.8
0,0,20.3
0,0,19.9
0,0,19.9
0,265,20.7
0,766,22.6
0,1133,25.2
0,1420,27.7
0,1640,29.6
0,1798,30.9
0,1888,31.5
0,1908,31.7
4.488188976,1862,31.6
4.488188976,1419,31.4
4.488188976,1237,31.2
4.488188976,1225,30.8
4.488188976,1012,30.5
4.488188976,640,28.3
4.488188976,97,27
4.488188976,0,26.2
4.488188976,0,25.5
4.488188976,0,24.8
4.488188976,0,24.3
4.488188976,0,23.9
4.488188976,0,23.5
4.488188976,0,23.2
4.488188976,0,22.7
4.488188976,0,22.5
4.488188976,38,23.2
4.488188976,319,25.1
4.488188976,571,27.7
4.488188976,776,30.2
4.488188976,1235,32.1
4.488188976,1367,33.1
4.488188976,1817,33.6
4.488188976,1737,33.8
1.102362205,1731,33.7
1.102362205,1584,33.3
1.102362205,1416,32.7
1.102362205,1240,32
1.102362205,817,31.5
1.102362205,299,29.4
1.102362205,12,28
1.102362205,0,27.1
1.102362205,0,26.4
1.102362205,0,25.8
1.102362205,0,25.3
1.102362205,0,24.9
1.102362205,0,24.7
1.102362205,0,24.5
1.102362205,0,24.3
1.102362205,0,24.1
1.102362205,185,24.6
1.102362205,746,26.2
1.102362205,1117,28.3
1.102362205,1252,30.2
1.102362205,1000,31.3
1.102362205,490,31.9
1.102362205,523,31.9
1.102362205,124,31.5
0.196850394,461,30.8
0.196850394,307,29.9
0.196850394,274,29
0.196850394,168,28.1
0.196850394,84,27.6
0.196850394,136,26.3
0.196850394,10,25.6
0.196850394,0,25.2
0.196850394,0,24.8
0.196850394,0,24.4
0.196850394,0,23.9
0.196850394,0,23.1
0.196850394,0,22.2
0.196850394,0,21.3
0.196850394,0,20.7
0.196850394,0,20.2
0.196850394,26,20.2
0.196850394,126,20.7
0.196850394,190,22
0.196850394,538,24.1
0.196850394,1401,26.2
0.196850394,1803,27.9
0.196850394,1957,29
0.196850394,1986,29.8
0,1943,30.3
0,1834,30.5
0,1659,30.3
0,1423,29.8
0,1121,29.6
0,724,26.2
0,107,24.1
0,0,23
0,0,22.2
0,0,21.7
0,0,21.3
0,0,20.7
0,0,19.8
0,0,19
0,0,18.2
0,0,18.1
0,315,19.6
0,837,22
0,1201,24.6
0,1483,27.1
0,1699,28.5
0,1854,29.4
0,1942,30.1
0,1963,30.5
0,1915,30.7
0,1800,30.7
0,1621,30.4
0,1383,29.6
0,1078,29.1
0,503,25.9
0,12,24.1
0,0,23.4
0,0,22.9
0,0,22.5
0,0,22.1
0,0,21.7
0,0,21.5
0,0,21.2
0,0,20.8
0,0,20.7
0,247,21.8
0,773,23.9
0,1020,26.5
0,1432,28.7
0,1462,29.7
0,1199,30
0,1387,30
0,1615,30.1
0,1514,30.2
0,995,30.2
0,276,29.9
0,341,29.3
0,368,28.9
0,123,26.5
0,8,25.1
0,0,24.2
0,0,23.4
0,0,22.6
0,0,21.9
0,0,21.3
0,0,20.8
0,0,20.3
0,0,19.9
0,0,19.7
0,167,20.1
0,733,21.6
0,712,23.9
0,1128,26
0,1265,27.3
0,1478,28
0,1425,28.3
0,1580,28.4
0,1215,28.4
0,1408,27.9
0,1380,27.2
0,854,26.3
0,668,25.9
0,245,24.5
0,8,23.7
0,0,23.1
0,0,22.5
0,0,22
0,0,21.5
0,0,21
0,0,20.6
0,0,20.3
0,0,19.9
0,0,19.6
0,32,19.7
0,258,20.5
0,811,21.9
0,927,23.7
0,1279,25
0,1302,25.9
0,1309,26.4
0,1427,26.6
0,1117,26.8
0,1482,27
0,1549,26.9
0,1309,26.4
0,883,26.1
0,54,20.9
0,13,20.1
0,0,19.7
0,0,19.4
0,0,19.3
0,0,19.1
0,0,18.9
0,0,18.5
0,0,18.2
0,0,17.9
0,0,17.8
0,81,18.4
0,492,19.5
0,868,21.1
0,1384,23.1
0,1629,24.5
0,1801,25.4
0,1888,26
0,1665,26.5
1.181102362,1469,26.7
1.181102362,1268,26.5
1.181102362,1196,26.1
1.181102362,1274,25.5
1.181102362,646,25.2
1.181102362,480,22.5
1.181102362,37,21.3
1.181102362,0,20.7
1.181102362,0,20.3
1.181102362,0,19.8
1.181102362,0,19.3
1.181102362,0,18.8
1.181102362,0,18.3
1.181102362,0,17.9
1.181102362,0,17.5
1.181102362,0,17.3
1.181102362,226,18.2
1.181102362,774,19.8
1.181102362,1153,21.8
1.181102362,1444,23.8
1.181102362,1673,24.8
1.181102362,1472,25.3
1.181102362,1932,25.7
1.181102362,1712,26.1
0,1563,26.5
0,1066,26.6
0,1211,26.3
0,1235,25.6
0,663,25.1
0,266,22.1
0,4,20.8
0,0,20.2
0,0,19.7
0,0,19.3
0,0,18.9
0,0,18.6
0,0,18.3
0,0,18.1
0,0,17.9
0,0,17.8
0,16,18.8
0,93,20.4
0,318,22.5
0,711,24.8
0,1558,26.2
0,1781,27
0,1538,27.5
0,1629,27.9
2.992125984,1684,28.1
2.992125984,1742,28
2.992125984,1560,27.7
2.992125984,1306,27.2
2.992125984,981,26.9
2.992125984,556,24
2.992125984,33,22.4
2.992125984,0,21.9
2.992125984,0,21.6
2.992125984,0,21.2
2.992125984,0,20.7
2.992125984,0,20.3
2.992125984,0,20
2.992125984,0,19.8
2.992125984,0,19.6
2.992125984,0,19.4
2.992125984,164,20.1
2.992125984,680,21.5
2.992125984,1092,23.6
2.992125984,1394,26
2.992125984,1625,27.5
2.992125984,1791,28.3
2.992125984,1886,28.9
2.992125984,1908,29.3
3.503937008,1859,29.5
3.503937008,1740,29.5
3.503937008,1553,29.2
3.503937008,1304,28.9
3.503937008,984,28.7
3.503937008,569,25.9
3.503937008,20,24.1
3.503937008,0,23
3.503937008,0,22.1
3.503937008,0,21.5
3.503937008,0,21
3.503937008,0,20.6
3.503937008,0,20.3
3.503937008,0,20
3.503937008,0,19.6
3.503937008,0,19.5
3.503937008,73,20.4
3.503937008,638,21.9
3.503937008,876,23.8
3.503937008,1139,25.9
3.503937008,1074,27.4
3.503937008,1294,28.1
3.503937008,1339,28.5
3.503937008,1510,28.8
3.897637795,968,29.2
3.897637795,1670,28.8
3.897637795,1482,27.7
3.897637795,934,26.6
3.897637795,790,26.1
3.897637795,297,24.6
3.897637795,2,23.9
3.897637795,0,23.4
3.897637795,0,23.1
3.897637795,0,22.8
3.897637795,0,22.5
3.897637795,0,22.3
3.897637795,0,22.1
3.897637795,0,21.8
3.897637795,0,21.2
3.897637795,0,20.6
3.897637795,163,20.4
3.897637795,741,21.1
3.897637795,1140,22.3
3.897637795,1444,23.8
3.897637795,1680,25.2
3.897637795,1768,26.4
3.897637795,1906,27.2
3.897637795,1930,27.7
0.31496063,1894,27.9
0.31496063,1774,27.9
0.31496063,1586,27.6
0.31496063,1334,27.2
0.31496063,1006,26.8
0.31496063,580,24.5
0.31496063,21,24
0.31496063,0,24.1
0.31496063,0,23.6
0.31496063,0,22.6
0.31496063,0,21.6
0.31496063,0,20.5
0.31496063,0,19.9
0.31496063,0,19.8
0.31496063,0,19.5
0.31496063,0,18.8
0.31496063,49,19.6
0.31496063,351,21.4
0.31496063,414,22.6
0.31496063,1248,23.8
0.31496063,1605,25.1
0.31496063,1803,26.6
0.31496063,1897,28
0.31496063,1917,28.8
2.204724409,1836,29.2
2.204724409,1674,29.3
2.204724409,1498,29.1
2.204724409,1103,28.6
2.204724409,958,28.3
2.204724409,546,25.3
2.204724409,17,23.8
2.204724409,0,23.2
2.204724409,0,22.6
2.204724409,0,22.1
2.204724409,0,21.6
2.204724409,0,21.3
2.204724409,0,21
2.204724409,0,20.7
2.204724409,0,20.2
2.204724409,0,19.9
2.204724409,18,20.4
2.204724409,261,21.7
2.204724409,300,23
2.204724409,791,23.5
2.204724409,272,23.3
2.204724409,1705,23.3
2.204724409,1556,23.7
2.204724409,1781,24.4
0.118110236,1820,25.2
0.118110236,1701,25.7
0.118110236,1511,25.7
0.118110236,1253,25.2
0.118110236,860,24.9
0.118110236,498,22.4
0.118110236,0,20.9
0.118110236,0,19.9
0.118110236,0,19
0.118110236,0,18.1
0.118110236,0,17.4
0.118110236,0,16.6
0.118110236,0,16
0.118110236,0,15.5
0.118110236,0,15.1
0.118110236,0,14.8
0.118110236,191,15.9
0.118110236,784,17.9
0.118110236,1169,20.3
0.118110236,1456,22.9
0.118110236,1676,24.6
0.118110236,1834,25.6
0.118110236,1924,26.4
0.118110236,1942,27
0,1884,27.4
0,1753,27.6
0,1557,27.5
0,1292,27.1
0,951,26.8
0,440,23
0,0,21.1
0,0,20.4
0,0,19.9
0,0,19.5
0,0,19.1
0,0,18.6
0,0,18.3
0,0,18.3
0,0,18.4
0,0,18.6
0,14,19.1
0,219,20.2
0,549,22.1
0,726,24.3
0,1171,26.1
0,1357,27.5
0,1418,28.5
0,1384,29.1
0.118110236,1236,29.1
0.118110236,920,28.7
0.118110236,405,28.2
0.118110236,1094,27.6
0.118110236,820,27.2
0.118110236,362,25.5
0.118110236,0,24.8
0.118110236,0,24.4
0.118110236,0,24
0.118110236,0,23.7
0.118110236,0,23.4
0.118110236,0,23
0.118110236,0,22.7
0.118110236,0,22.6
0.118110236,0,22.6
0.118110236,0,22.6
0.118110236,12,23.1
0.118110236,18,23.9
0.118110236,42,24.8
0.118110236,42,25.7
0.118110236,62,26.3
0.118110236,90,26.9
0.118110236,310,27.1
0.118110236,543,27
0,755,26.9
0,945,26.8
0,831,26.9
0,877,26.7
0,867,26.4
0,460,24.4
0,0,23.3
0,0,22.8
0,0,22.3
0,0,21.9
0,0,21.5
0,0,21.1
0,0,20.8
0,0,20.5
0,0,20.4
0,0,20.5
0,4,21
0,28,21.6
0,306,22.5
0,162,23.7
0,311,25.1
0,333,26.4
0,230,27.7
0,264,28.6
0,1788,28.9
0,515,28.9
0,679,28.5
0,1146,27.8
0,263,27.3
0,133,25.2
0,0,24
0,0,23.1
0,0,22.1
0,0,21.2
0,0,20.4
0,0,19.9
0,0,19.5
0,0,19.4
0,0,19.4
0,0,19.7
0,96,20.8
0,667,22.5
0,1090,24.3
0,1410,25.9
0,1652,27
0,1818,27.8
0,1915,28.4
0,1937,28.8
0,1883,29
0,1754,28.9
0,1556,28.7
0,1293,28
0,689,27.6
0,217,24.4
0,0,23
0,0,21.9
0,0,20.6
0,0,19.6
0,0,19
0,0,18.5
0,0,18
0,0,17.5
0,0,16.9
0,0,16.4
0,104,16.8
0,732,18.2
0,1139,19.7
0,1438,21.1
0,1661,22.3
0,1630,23.3
0,672,24.2
0,791,24.8
1.181102362,643,25.1
1.181102362,1114,25
1.181102362,550,24.7
1.181102362,1023,24.1
1.181102362,673,23.8
1.181102362,189,21.2
1.181102362,0,19.7
1.181102362,0,19
1.181102362,0,18.4
1.181102362,0,17.9
1.181102362,0,17.6
1.181102362,0,17.2
1.181102362,0,16.9
1.181102362,0,16.7
1.181102362,0,16.7
1.181102362,0,16.6
1.181102362,47,17.3
1.181102362,641,19.2
1.181102362,991,21.2
1.181102362,1082,22.6
1.181102362,781,24
1.181102362,864,25.1
1.181102362,1142,25.6
1.181102362,940,25.3
0,552,24.9
0,319,24.7
0,366,24.5
0,1012,23.8
0,775,23.2
0,293,21.4
0,0,20.9
0,0,20.7
0,0,20.4
0,0,20.2
0,0,20
0,0,19.8
0,0,19.5
0,0,19.2
0,0,19
0,0,18.9
0,43,19.6
0,546,20.9
0,899,22.4
0,1172,23.3
0,1212,24
0,494,25.1
0,602,25.8
0,990,26
0.196850394,1826,26
0.196850394,1051,25.9
0.196850394,1506,25.6
0.196850394,838,25.2
0.196850394,667,24.9
0.196850394,267,22.1
0.196850394,0,21.1
0.196850394,0,20.9
0.196850394,0,20.8
0.196850394,0,20.3
0.196850394,0,19.5
0.196850394,0,18.8
0.196850394,0,18.4
0.196850394,0,18.3
0.196850394,0,17.9
0.196850394,0,17.6
0.196850394,6,17.7
0.196850394,86,18.6
0.196850394,233,19.8
0.196850394,803,21.3
0.196850394,1191,22.6
0.196850394,1118,23.9
0.196850394,980,25.1
0.196850394,1156,26
0,1756,26.4
0,1383,26.6
0,378,26.9
0,834,26.8
0,749,26.6
0,140,24.2
0,0,23.5
0,0,23.3
0,0,22.9
0,0,22.2
0,0,21.6
0,0,21.1
0,0,21.1
0,0,21.4
0,0,21.9
0,0,22.4
0,4,22.6
0,30,22.8
0,14,23.3
0,76,24
0,926,24.8
0,1344,25.9
0,1792,27
0,1823,27.9
0,1698,28.3
0,412,28.1
0,382,27.3
0,710,26.1
0,673,25.4
0,306,22.7
0,0,21.3
0,0,20.4
0,0,19.7
0,0,19.1
0,0,18.6
0,0,18.1
0,0,17.7
0,0,17.3
0,0,16.9
0,0,16.6
0,55,17
0,615,18.2
0,959,20.2
0,1370,23
0,1437,25
0,1734,26.1
0,1870,26.9
0,1887,27.5
0,1830,27.9
0,1690,28
0,1419,27.8
0,1220,27.1
0,862,26.7
0,349,23.4
0,0,22.1
0,0,21.7
0,0,21.5
0,0,21.4
0,0,21.2
0,0,21
0,0,20.8
0,0,20.7
0,0,20.6
0,0,20.6
0,2,21
0,14,21.7
0,52,22.8
0,746,24
0,1319,25.2
0,1344,26.5
0,1645,27.6
0,1602,28.3
0,1808,28.7
0,1546,29.1
0,1422,29.2
0,1235,29
0,882,28.8
0,376,26.5
0,0,25.9
0,0,25.5
0,0,24.7
0,0,23.6
0,0,22.7
0,0,22
0,0,21.5
0,0,21
0,0,20.6
0,0,20.3
0,2,20.5
0,30,20.9
0,24,21.1
0,42,21.6
0,36,22.1
0,166,22.5
0,514,22.5
0,395,22.6
0.787401575,687,22.9
0.787401575,354,22.7
0.787401575,184,22
0.787401575,228,21.2
0.787401575,129,20.7
0.787401575,38,19.2
0.787401575,0,18.7
0.787401575,0,18.6
0.787401575,0,18.4
0.787401575,0,18
0.787401575,0,17.4
0.787401575,0,16.7
0.787401575,0,15.8
0.787401575,0,15
0.787401575,0,14.4
0.787401575,0,14
0.787401575,49,14.9
0.787401575,605,16.7
0.787401575,1094,18.8
0.787401575,1404,21.2
0.787401575,1632,22.9
0.787401575,1787,24
0.787401575,1878,24.7
0.787401575,1898,25.2
0,1840,25.4
0,1709,25.3
0,1506,25
0,1147,24.3
0,877,23.9
0,180,20.5
0,0,19.3
0,0,18.7
0,0,18.3
0,0,17.9
0,0,17.3
0,0,16.6
0,0,16.1
0,0,15.6
0,0,15.2
0,0,14.8
0,38,15.4
0,603,17.1
0,1060,19.4
0,1375,21.6
0,1611,23
0,1776,23.9
0,1875,24.6
0,1897,25.1
0.511811024,1842,25.2
0.511811024,1714,25.1
0.511811024,1512,24.8
0.511811024,1240,24
0.511811024,875,23.5
0.511811024,242,20.5
0.511811024,0,19.3
0.511811024,0,18.9
0.511811024,0,18.3
0.511811024,0,17.6
0.511811024,0,16.9
0.511811024,0,16.3
0.511811024,0,15.8
0.511811024,0,15.3
0.511811024,0,14.9
0.511811024,0,14.5
0.511811024,4,14.7
0.511811024,300,15.7
0.511811024,754,17.6
0.511811024,1155,19.7
0.511811024,1546,21.3
0.511811024,1464,22.4
0.511811024,1748,23
0.511811024,1765,23.5
0,1739,23.7
0,1158,23.5
0,705,22.9
0,745,21.9
0,583,21.4
0,102,19.8
0,0,19.2
0,0,18.6
0,0,18.1
0,0,17.6
0,0,17.1
0,0,16.8
0,0,16.5
0,0,16.3
0,0,16.1
0,0,15.8
0,2,15.9
0,79,16.5
0,258,17.7
0,450,19
0,442,20.5
0,576,21.8
0,696,22.4
0,1035,22.2
0,563,21.8
0,422,21.5
0,250,21.2
0,108,20.7
0,66,20.4
0,18,19.5
0,0,19.1
0,0,18.5
0,0,17.9
0,0,17.5
0,0,17
0,0,16.4
0,0,16
0,0,15.7
0,0,15.5
0,0,15.5
0,8,16.1
0,435,17.3
0,120,19.1
0,421,21.1
0,100,22.9
0,315,24.4
0,662,25.4
0,458,25.8
0,250,25.4
0,446,24.5
0,288,23.7
0,994,23.2
0,753,23
0,264,20.9
0,0,19.9
0,0,19.1
0,0,18.4
0,0,17.8
0,0,17.6
0,0,17.4
0,0,16.8
0,0,16.1
0,0,15.4
0,0,14.8
0,20,15
0,625,16.5
0,1072,18.9
0,1397,21.2
0,1635,22.7
0,1802,23.6
0,1899,24.1
0,1921,24.5
0,1870,24.5
0,1656,24.2
0,1215,23.5
0,1274,22.4
0,899,21.7
0,335,18
0,0,16.8
0,0,16.1
0,0,15.3
0,0,14.4
0,0,13.8
0,0,13.3
0,0,12.9
0,0,12.5
0,0,12.2
0,0,11.8
0,19,12.2
0,640,13.9
0,1090,16.6
0,1411,19.9
0,1648,22.2
0,1810,23.3
0,1899,24.1
0,1913,24.7
0,1856,25
0,1721,25
0,1517,24.8
0,1239,24
0,873,23.5
0,313,20.6
0,0,20.2
0,0,19.5
0,0,18.2
0,0,17.2
0,0,17
0,0,17.5
0,0,18
0,0,18.4
0,0,18.4
0,0,18.4
0,0,18.9
0,69,20.4
0,46,22.6
0,1127,24.8
0,1526,26.6
0,1711,27.8
0,1824,28.7
0,1850,29.1
0,1789,29
0,1658,28.4
0,1456,27.4
0,1185,25.8
0,637,24.8
0,184,20.4
0,0,18.8
0,0,17.9
0,0,17.3
0,0,16.9
0,0,16.6
0,0,16
0,0,15.1
0,0,14.3
0,0,13.9
0,0,13.7
0,0,13.9
0,115,14.8
0,215,16.4
0,555,18.6
0,933,20.4
0,1383,21.6
0,1715,22.5
0,1862,23.2
0,1710,23.3
0,1672,23.2
0,1464,22.8
0,1181,21.9
0,804,21.4
0,204,17.9
0,0,16.8
0,0,16.4
0,0,16
0,0,15.6
0,0,15.1
0,0,14.7
0,0,14.5
0,0,14.4
0,0,14.2
0,0,14
0,0,14.3
0,28,15.1
0,70,16.4
0,176,18.2
0,359,19.6
0,288,20.8
0,202,21.8
0,301,22.6
0,311,23
0,562,23
0,682,22.7
0,150,21.8
0,695,21.2
0,128,21.6
0,0,20.1
0,0,18.8
0,0,17.6
0,0,16.6
0,0,15.8
0,0,15.1
0,0,14.5
0,0,13.7
0,0,12.9
0,0,12.1
0,0,12
0,425,13.5
0,909,16.2
0,1270,19.2
0,1539,21.7
0,1723,23.6
0,1826,25
0,1545,26
0,1749,26.5
0,1595,26.5
0,1358,26
0,1036,24.7
0,614,23.8
0,28,19.9
0,0,19
0,0,18.4
0,0,17.5
0,0,16.7
0,0,15.9
0,0,15.3
0,0,14.9
0,0,14.5
0,0,14.3
0,0,14.2
0,0,14.6
0,295,16
0,748,18.9
0,807,22.4
0,767,25.4
0,1199,27.6
0,1652,29.1
0,1452,30.1
0,1269,30.4
0,964,30.2
0,899,29.6
0,856,28.3
0,462,27.5
0,62,22.9
0,0,20.8
0,0,19.3
0,0,18.2
0,0,17.3
0,0,16.6
0,0,16
0,0,15.5
0,0,15.2
0,0,15
0,0,14.9
0,0,15.5
0,436,17.8
0,906,20.9
0,1251,24.7
0,1508,27.9
0,1687,29.6
0,1605,30.8
0,1623,31.7
0.31496063,1683,32.2
0.31496063,1217,32.2
0.31496063,1249,31.6
0.31496063,899,30
0.31496063,473,28.8
0.31496063,48,25
0.31496063,0,23.9
0.31496063,0,23
0.31496063,0,22.1
0.31496063,0,21.5
0.31496063,0,21.1
0.31496063,0,20.9
0.31496063,0,20.8
0.31496063,0,20.6
0.31496063,0,20.3
0.31496063,0,19.7
0.31496063,0,19.4
0.31496063,198,19.9
0.31496063,625,21.6
0.31496063,712,23.8
0.31496063,1113,25.6
0.31496063,1141,26.7
0.31496063,1238,26.7
0.31496063,1235,25.6
0,1097,24.6
0,1008,24
0,352,23.6
0,452,22.7
0,266,22.1
0,21,19.9
0,0,19.4
0,0,18.7
0,0,17.7
0,0,16.4
0,0,15.1
0,0,14
0,0,13.1
0,0,12.5
0,0,11.9
0,0,11.4
0,0,11.5
0,499,12.9
0,968,15.8
0,1315,18.4
0,1574,19.9
0,1755,20.9
0,1859,21.7
0,1887,22.2
0,1832,22.3
0,1700,22.1
0,1483,21.4
0,691,20.4
0,433,19.7
0,177,15.9
0,0,14.1
0,0,13.1
0,0,12.3
0,0,11.6
0,0,11.1
0,0,10.6
0,0,10.3
0,0,9.9
0,0,9.4
0,0,8.7
0,0,8.9
0,592,10.6
0,1057,13.8
0,1381,17
0,1617,19
0,1784,20.3
0,1526,21.4
0,815,22
0,908,22.3
0,1123,22.2
0,737,21.7
0,960,20.6
0,363,19.9
0,8,15.6
0,0,14.5
0,0,14.2
0,0,14
0,0,13.8
0,0,13.1
0,0,11.8
0,0,10.5
0,0,9.7
0,0,9.2
0,0,8.7
0,0,9.2
0,569,11.1
0,1034,14.3
0,1355,18.1
0,1590,21
0,1757,22.8
0,1842,24.2
0,1858,25.2
4.212598425,1792,25.9
4.212598425,1655,26
4.212598425,1435,25.6
4.212598425,1142,24.4
4.212598425,743,23.4
4.212598425,0,18.6
4.212598425,0,17.2
4.212598425,0,16.2
4.212598425,0,15.5
4.212598425,0,15.2
4.212598425,0,14.9
4.212598425,0,14.4
4.212598425,0,13.8
4.212598425,0,13.2
4.212598425,0,12.6
4.212598425,0,12
4.212598425,0,12.3
4.212598425,522,14.1
4.212598425,998,17
4.212598425,1331,21.2
4.212598425,1573,25.5
4.212598425,1738,28.4
4.212598425,1831,29.8
4.212598425,1843,30.7
0,1775,31.1
0,1631,31.1
0,1409,30.6
0,1103,29
0,686,27.9
0,0,22.6
0,0,21.5
0,0,20.6
0,0,19.5
0,0,18.5
0,0,17.7
0,0,17.1
0,0,16.6
0,0,16.1
0,0,15.6
0,0,15
0,0,14.8
0,87,15.8
0,543,18.2
0,1212,21.5
0,1478,24.9
0,1655,27.9
0,1531,30
0,1748,31.2
0,1675,31.8
0,1509,31.7
0,1012,30.9
0,800,29.1
0,423,27.9
0,0,24.8
0,0,24
0,0,23.1
0,0,22
0,0,21
0,0,20.1
0,0,19.4
0,0,18.8
0,0,18.2
0,0,17.7
0,0,17.4
0,0,17.4
0,224,17.9
0,692,19.1
0,1080,21
0,1368,23.4
0,1567,26
0,1682,27.9
0,1718,29.2
0,1661,29.9
0,1219,29.8
0,1122,29.2
0,932,27.8
0,462,26.8
0,0,22.5
0,0,21.4
0,0,20.2
0,0,19.1
0,0,18.1
0,0,17.2
0,0,16.5
0,0,15.8
0,0,15.1
0,0,14.4
0,0,13.8
0,0,13.9
0,351,15.2
0,843,18
0,1206,22.2
0,1450,25.8
0,1634,27.8
0,1735,29.1
0,1746,29.9
0,1681,30.2
0,1536,30.1
0,1317,29.5
0,1006,28
0,573,27
0,0,22.4
0,0,20.8
0,0,19.6
0,0,18.7
0,0,18.1
0,0,17.9
0,0,17.8
0,0,17.6
0,0,17.2
0,0,16.6
0,0,16
0,0,15.9
0,386,17.3
0,889,20.2
0,1238,23.9
0,1492,26.9
0,1663,28.6
0,1524,29.8
0,1743,30.7
0,1668,31.2
0,1296,31.2
0,1035,30.6
0,925,28.9
0,338,27.7
0,0,23.1
0,0,21.8
0,0,20.8
0,0,19.9
0,0,19.1
0,0,18.4
0,0,17.8
0,0,17.3
0,0,17
0,0,16.9
0,0,17
0,0,17.1
0,322,18.1
0,815,20.8
0,1174,24.4
0,1383,27.3
0,1565,29.1
0,1661,30.6
0,1694,31.7
0,1619,32.3
0,1464,32.4
0,1207,31.8
0,882,30.3
0,447,29.2
0,0,25
0,0,23.2
0,0,21.8
0,0,20.9
0,0,20.2
0,0,19.5
0,0,18.8
0,0,18.2
0,0,17.6
0,0,17.1
0,0,16.8
0,0,17.2
0,118,18.8
0,745,21.5
0,1109,25.3
0,1382,28.8
0,1576,31
0,1680,32.5
0,1694,33.6
0,1620,34.1
0,1464,34
0,1226,33.3
0,899,31.5
0,460,30.3
0,0,25.9
0,0,24.8
0,0,23.7
0,0,22.8
0,0,22.1
0,0,21.7
0,0,21.5
0,0,21.3
0,0,20.8
0,0,20.2
0,0,19.6
0,0,19.4
0,115,20.4
0,503,22.6
0,742,26.3
0,383,30
0,1225,32.4
0,1250,34
0,1711,34.9
4.803149606,1466,35
4.803149606,1486,34.6
4.803149606,1259,33.7
4.803149606,897,32.2
4.803149606,225,31.3
4.803149606,0,27.6
4.803149606,0,26.2
4.803149606,0,25.3
4.803149606,0,24.6
4.803149606,0,23.9
4.803149606,0,23.2
4.803149606,0,22.5
4.803149606,0,21.9
4.803149606,0,21.4
4.803149606,0,21.1
4.803149606,0,20.8
4.803149606,0,20.9
4.803149606,52,21.7
4.803149606,250,24
4.803149606,44,27.1
4.803149606,146,29.5
4.803149606,206,31
4.803149606,881,31.6
4.803149606,1361,31.6
0,1209,31
0,30,30.5
0,341,30
0,42,29.2
0,187,28.5
0,0,25.8
0,0,24.5
0,0,22.8
0,0,20.9
0,0,19
0,0,17.2
0,0,15.8
0,0,14.8
0,0,14.3
0,0,13.9
0,0,13.3
0,0,12.8
0,213,13.1
0,494,14.5
0,975,16.6
0,1079,18.8
0,1348,20.7
0,1458,22.2
0,1413,23.3
0,1719,24
0,1560,24.3
0,1330,23.9
0,1014,22.7
0,552,21.8
0,0,17.7
0,0,17.1
0,0,16.4
0,0,15.5
0,0,14.8
0,0,14.3
0,0,13.8
0,0,13.5
0,0,13.2
0,0,12.9
0,0,12.8
0,0,12.7
0,44,13.5
0,303,15.8
0,718,18.5
0,464,20.4
0,911,21.6
0,1050,22.7
0,973,23.5
0.590551181,282,23.8
0.590551181,302,23.2
0.590551181,296,22.3
0.590551181,124,21.3
0.590551181,309,20.8
0.590551181,0,19.2
0.590551181,0,18.6
0.590551181,0,18.2
0.590551181,0,17.9
0.590551181,0,17.7
0.590551181,0,17.5
0.590551181,0,17.3
0.590551181,0,17.3
0.590551181,0,17.2
0.590551181,0,17.2
0.590551181,0,17.2
0.590551181,0,17.5
0.590551181,269,18.3
0.590551181,789,20
0.590551181,1152,22.2
0.590551181,606,24.8
0.590551181,1124,27.1
0.590551181,1695,28.7
0.590551181,1274,29.6
12.91338583,1648,30
12.91338583,900,30.1
12.91338583,793,29.7
12.91338583,950,28.6
12.91338583,476,27.8
12.91338583,0,25.1
12.91338583,0,24
12.91338583,0,23.2
12.91338583,0,22.8
12.91338583,0,22.4
12.91338583,0,22
12.91338583,0,21.7
12.91338583,0,21.4
12.91338583,0,21.1
12.91338583,0,20.9
12.91338583,0,20.6
12.91338583,0,20.7
12.91338583,287,22
12.91338583,802,24.5
12.91338583,1152,27.1
12.91338583,1394,28.8
12.91338583,1001,30
12.91338583,1094,30.9
12.91338583,573,31.3
0.196850394,1155,31.2
0.196850394,576,30.7
0.196850394,182,29.6
0.196850394,850,28
0.196850394,86,27
0.196850394,0,23.7
0.196850394,0,22.3
0.196850394,0,21.3
0.196850394,0,20.4
0.196850394,0,19.7
0.196850394,0,19.1
0.196850394,0,18.6
0.196850394,0,18.2
0.196850394,0,17.9
0.196850394,0,17.9
0.196850394,0,18
0.196850394,0,18.3
0.196850394,26,19.3
0.196850394,118,21.8
0.196850394,976,24.9
0.196850394,949,27.4
0.196850394,879,28.6
0.196850394,956,29.1
0.196850394,1682,29.4
0.118110236,1603,29.4
0.118110236,1440,29.3
0.118110236,1207,29
0.118110236,887,28.4
0.118110236,420,28
0.118110236,0,26.6
0.118110236,0,26
0.118110236,0,25.6
0.118110236,0,25.1
0.118110236,0,24.5
0.118110236,0,24.3
0.118110236,0,24.1
0.118110236,0,23.9
0.118110236,0,23.7
0.118110236,0,23.3
0.118110236,0,23
0.118110236,0,22.8
0.118110236,305,23.1
0.118110236,833,24.3
0.118110236,1185,26.1
0.118110236,1434,28
0.118110236,1607,29.6
0.118110236,1696,30.9
0.118110236,1712,31.9
0,1641,32.4
0,1493,32.5
0,1265,32.1
0,950,31
0,484,30.2
0,0,27.5
0,0,26.6
0,0,25.8
0,0,25.1
0,0,24.2
0,0,23.3
0,0,22.6
0,0,22.1
0,0,21.9
0,0,21.5
0,0,21
0,0,20.9
0,338,21.8
0,856,24.2
0,1013,27.7
0,1441,30.7
0,1605,32
0,1698,32.8
0,1709,33.3
0,1640,33.5
0,1496,33.2
0,1275,32.5
0,958,31
0,483,29.9
0,0,26.3
0,0,25.5
0,0,24.8
0,0,24
0,0,23.2
0,0,22.6
0,0,22.1
0,0,21.6
0,0,21
0,0,20.5
0,0,20.1
0,0,19.9
0,280,20.9
0,809,23.2
0,1162,26.7
0,1410,29.8
0,1577,31.6
0,1665,32.5
0,1660,33
0.118110236,1332,33
0.118110236,1045,32.7
0.118110236,1209,32
0.118110236,882,30.4
0.118110236,397,29.2
0.118110236,0,25.7
0.118110236,0,24.9
0.118110236,0,24.2
0.118110236,0,23.4
0.118110236,0,22.7
0.118110236,0,21.9
0.118110236,0,21.1
0.118110236,0,20.4
0.118110236,0,19.8
0.118110236,0,19.5
0.118110236,0,19.5
0.118110236,0,19.7
0.118110236,46,20.6
0.118110236,687,22.3
0.118110236,1073,24.4
0.118110236,1349,26.8
0.118110236,1530,28.7
0.118110236,1621,29.7
0.118110236,1285,29.9
0,985,29.6
0,996,29
0,467,27.9
0,86,26.4
0,48,25.4
0,0,23.3
0,0,22.5
0,0,21.8
0,0,21.2
0,0,20.7
0,0,20.2
0,0,19.8
0,0,19.4
0,0,19
0,0,18.6
0,0,18.1
0,0,17.5
0,18,17.1
0,26,17.2
0,279,17.7
0,483,18.6
0,521,20
0,593,21.5
0,422,22.4
0,550,22.6
0,527,22.2
0,540,21.2
0,174,19.9
0,100,19.2
0,0,17.1
0,0,16.4
0,0,15.8
0,0,15.2
0,0,14.8
0,0,14.5
0,0,14.1
0,0,13.7
0,0,12.9
0,0,11.9
0,0,11.1
0,0,10.7
0,50,11.8
0,314,14.2
0,728,16.4
0,962,18
0,1090,19.3
0,1208,20.5
0,1237,21.6
11.49606299,1223,22.3
11.49606299,917,22.5
11.49606299,844,22
11.49606299,677,20.4
11.49606299,156,19.1
11.49606299,0,16
11.49606299,0,15.5
11.49606299,0,15
11.49606299,0,14.2
11.49606299,0,13.5
11.49606299,0,12.8
11.49606299,0,12.2
11.49606299,0,11.7
11.49606299,0,11.3
11.49606299,0,11.1
11.49606299,0,10.9
11.49606299,0,10.8
11.49606299,343,11.9
11.49606299,905,14.6
11.49606299,1256,18.1
11.49606299,1502,21.4
11.49606299,1665,23.3
11.49606299,1755,24.4
11.49606299,1763,25.2
0.905511811,1690,25.6
0.905511811,1543,25.6
0.905511811,1313,25.1
0.905511811,991,23.2
0.905511811,481,21.8
0.905511811,0,18.3
0.905511811,0,17
0.905511811,0,16.1
0.905511811,0,15.4
0.905511811,0,14.8
0.905511811,0,14.3
0.905511811,0,13.8
0.905511811,0,13.2
0.905511811,0,12.5
0.905511811,0,11.9
0.905511811,0,11.4
0.905511811,0,11
0.905511811,339,11.9
0.905511811,901,14.4
0.905511811,1251,17.7
0.905511811,1496,20.4
0.905511811,1662,21.9
0.905511811,1748,23
0.905511811,1761,23.6
0.118110236,1688,23.8
0.118110236,1541,23.5
0.118110236,1299,22.8
0.118110236,973,20.9
0.118110236,450,19.5
0.118110236,0,15.6
0.118110236,0,14.7
0.118110236,0,14.1
0.118110236,0,13.5
0.118110236,0,12.8
0.118110236,0,12
0.118110236,0,11.2
0.118110236,0,10.6
0.118110236,0,10.1
0.118110236,0,9.7
0.118110236,0,9.4
0.118110236,0,9.3
0.118110236,80,10
0.118110236,489,12.4
0.118110236,851,15.8
0.118110236,685,18.7
0.118110236,1628,20.6
0.118110236,1253,21.9