Plant Height (m),Leaf Area (m2),Canopy Biomass (kg),Fruit Biomass (kg)
0.01,1e-05,0.01,0.01
0.010079200269155287,1e-05,0.01000063558,0.01
0.01015902141823929,1e-05,0.010000913292471448,0.01
0.01023946821301108,1e-05,0.010001398931372463,0.01
0.010320545454196174,1e-05,0.01000163111852126,0.01
0.010402257977717254,1e-05,0.010001717262428152,0.01
0.010484610654925999,1e-05,0.01000174993798177,0.01
0.010567608392836011,1e-05,0.010001756869182225,0.01
0.01065125613435683,1e-05,0.010001756869182225,0.01
0.010735558858529054,1e-05,0.010001756869182225,0.01
0.010820521580760535,1e-05,0.010001756869182225,0.01
0.010906149353063669,1e-05,0.010001756869182225,0.01
0.010992447264293775,1e-05,0.010001756869182225,0.01
0.011079420440388546,1e-05,0.010001756869182225,0.01
0.011167074044608583,1e-05,0.010001756869182225,0.01
0.011255413277778997,1e-05,0.010001756869182225,0.01
0.011344443378532087,1e-05,0.010001756869182225,0.01
0.011434169623551082,1e-05,0.010001767761076127,0.01
0.011524597327814936,1e-05,0.010001787564540933,0.01
0.011615731844844197,1e-05,0.01000188361153349,0.01
0.011707578566947907,1e-05,0.010002383654753247,0.01
0.011800142925471567,1e-05,0.01000319812188727,0.01
0.011893430391046135,1e-05,0.010004108715072292,0.01
0.011987446473838058,1e-05,0.010004613325223684,0.01
0.012082196723800344,1e-05,0.01000507784726034,0.01
,1e-05,0.010006024267742416,0.01
,1e-05,0.010006906883766193,0.01
,1e-05,0.010007488411088788,0.01
,1e-05,0.010008133874197718,0.01
,1e-05,0.010008574283514472,0.01
,1e-05,0.01000887549895729,0.01
,1e-05,0.01000888441678541,0.01
,1e-05,0.01000888441678541,0.01
,1e-05,0.01000888441678541,0.01
,1e-05,0.01000888441678541,0.01
,1e-05,0.01000888441678541,0.01
,1e-05,0.01000888441678541,0.01
,1e-05,0.01000888441678541,0.01
,1e-05,0.01000888441678541,0.01
,1e-05,0.01000888441678541,0.01
,1e-05,0.01000888441678541,0.01
,1e-05,0.010008906215940038,0.01
,1e-05,0.010009325355134959,0.01
,1e-05,0.010009919903460623,0.01
,1e-05,0.010010481289178329,0.01
,1e-05,0.010011179467809276,0.01
,1e-05,0.010011945584689019,0.01
,1e-05,0.010012762309307116,0.01
,1e-05,0.010013627671159507,0.01
,1e-05,0.010014339450043626,0.01
,1e-05,0.010014523851419297,0.01
,1e-05,0.010014877789543231,0.01
,1e-05,0.0100150116363734,0.01
,1e-05,0.010015306103295395,0.01
,1e-05,0.010015560918788892,0.01
,1e-05,0.010015589673012321,0.01
,1e-05,0.010015589673012321,0.01
,1e-05,0.010015589673012321,0.01
,1e-05,0.010015589673012321,0.01
,1e-05,0.010015589673012321,0.01
,1e-05,0.010015589673012321,0.01
,1e-05,0.010015589673012321,0.01
,1e-05,0.010015589673012321,0.01
,1e-05,0.010015589673012321,0.01
,1e-05,0.010015589673012321,0.01
,1e-05,0.010015837554953234,0.01
,1e-05,0.010016314491491835,0.01
,1e-05,0.010016961509704627,0.01
,1e-05,0.010017743435348682,0.01
,1e-05,0.010018628066380743,0.01
,1e-05,0.010019588153480042,0.01
,1e-05,0.010020594951874724,0.01
,1e-05,0.01002160730651198,0.01
,1e-05,0.010021857816172992,0.01
,1e-05,0.010022167364482673,0.01
,1e-05,0.01002228940168204,0.01
,1e-05,0.010022558779722662,0.01
,1e-05,0.010022933339265508,0.01
,1e-05,0.010022936316007751,0.01
,1e-05,0.010022945246237109,0.01
,1e-05,0.010022945246237109,0.01
,1e-05,0.010022945246237109,0.01
,1e-05,0.010022945246237109,0.01
,1e-05,0.010022945246237109,0.01
,1e-05,0.010022945246237109,0.01
,1e-05,0.010022945246237109,0.01
,1e-05,0.010022945246237109,0.01
,1e-05,0.010022945246237109,0.01
,1e-05,0.010022945246237109,0.01
,1e-05,0.010022950207480017,0.01
,1e-05,0.010022975013706708,0.01
,1e-05,0.010023091107132039,0.01
,1e-05,0.01002344931402998,0.01
,1e-05,0.01002382589111255,0.01
,1e-05,0.010024315112208667,0.01
,1e-05,0.010024784013092002,0.01
,1e-05,0.010025216712036532,0.01
,1e-05,0.01002620471709044,0.01
,1e-05,0.01002713127931247,0.01
,1e-05,0.010027964616368155,0.01
,1e-05,0.010028675914903591,0.01
,1e-05,0.010029232881401909,0.01
,1e-05,0.010029588326977727,0.01
,1e-05,0.010029665276694286,0.01
,1e-05,0.010029665276694286,0.01
,1e-05,0.010029665276694286,0.01
,1e-05,0.010029665276694286,0.01
,1e-05,0.010029665276694286,0.01
,1e-05,0.010029665276694286,0.01
,1e-05,0.010029665276694286,0.01
,1e-05,0.010029665276694286,0.01
,1e-05,0.010029665276694286,0.01
,1e-05,0.010029665276694286,0.01
,1e-05,0.01002970598588576,0.01
,1e-05,0.010029836553695196,0.01
,1e-05,0.01003011953700477,0.01
,1e-05,0.010030418911919378,0.01
,1e-05,0.010030669639611989,0.01
,1e-05,0.010030777877214826,0.01
,1e-05,0.010030889095022198,0.01
,1e-05,0.010030981446536536,0.01
,1e-05,0.010031683026531136,0.01
,1e-05,0.010032391606831777,0.01
,1e-05,0.010032961688864219,0.01
,1e-05,0.010033230854231308,0.01
,1e-05,0.010033378352823532,0.01
,1e-05,0.010033413117307382,0.01
,1e-05,0.010033422056776747,0.01
,1e-05,0.010033422056776747,0.01
,1e-05,0.010033422056776747,0.01
,1e-05,0.010033422056776747,0.01
,1e-05,0.010033422056776747,0.01
,1e-05,0.010033422056776747,0.01
,1e-05,0.010033422056776747,0.01
,1e-05,0.010033422056776747,0.01
,1e-05,0.010033422056776747,0.01
,1e-05,0.010033422056776747,0.01
,1e-05,0.010033453841584742,0.01
,1e-05,0.01003353827024573,0.01
,1e-05,0.010033567075558232,0.01
,1e-05,0.010033686270293518,0.01
,1e-05,0.01003404038215029,0.01
,1e-05,0.01003444417316989,0.01
,1e-05,0.010034994503147213,0.01
,1e-05,0.010035629801209405,0.01
,1e-05,0.010036288486135941,0.01
,1e-05,0.01003673707673313,0.01
,1e-05,0.010036996406358854,0.01
,1e-05,0.010037399818316299,0.01
,1e-05,0.010037442545913119,0.01
,1e-05,0.010037768966254947,0.01
,1e-05,0.010037840015891893,0.01
,1e-05,0.010037840015891893,0.01
,1e-05,0.010037840015891893,0.01
,1e-05,0.010037840015891893,0.01
,1e-05,0.010037840015891893,0.01
,1e-05,0.010037840015891893,0.01
,1e-05,0.010037840015891893,0.01
,1e-05,0.010037840015891893,0.01
,1e-05,0.010037840015891893,0.01
,1e-05,0.010037840015891893,0.01
,1e-05,0.01003784796555732,0.01
,1e-05,0.010037895663587275,0.01
,1e-05,0.010037936405846163,0.01
,1e-05,0.010038046708502411,0.01
,1e-05,0.010038104344751506,0.01
,1e-05,0.010038689654124975,0.01
,1e-05,0.010039345059577291,0.01
,1e-05,0.010039799748542215,0.01
,1e-05,0.01004052628960081,0.01
,1e-05,0.010041283695816862,0.01
,1e-05,0.010042105274531508,0.01
,1e-05,0.010042816074721335,0.01
,1e-05,0.0100433797837354,0.01
,1e-05,0.010043620889610326,0.01
,1e-05,0.010043721311350673,0.01
,1e-05,0.010043721311350673,0.01
,1e-05,0.010043721311350673,0.01
,1e-05,0.010043721311350673,0.01
,1e-05,0.010043721311350673,0.01
,1e-05,0.010043721311350673,0.01
,1e-05,0.010043721311350673,0.01
,1e-05,0.010043721311350673,0.01
,1e-05,0.010043721311350673,0.01
,1e-05,0.010043721311350673,0.01
,1e-05,0.010043975848181997,0.01
,1e-05,0.010044454111022508,0.01
,1e-05,0.010045097459552014,0.01
,1e-05,0.010045872609433513,0.01
,1e-05,0.010046752240531047,0.01
,1e-05,0.01004770455231825,0.01
,1e-05,0.010048696243112349,0.01
,1e-05,0.010049693999423025,0.01
,1e-05,0.010050632161611416,0.01
,1e-05,0.01005151071278852,0.01
,1e-05,0.010052296303014397,0.01
,1e-05,0.010052960051232122,0.01
,1e-05,0.010053472573981462,0.01
,1e-05,0.01005379204602991,0.01
,1e-05,0.010053863705565753,0.01
,1e-05,0.010053863705565753,0.01
,1e-05,0.010053863705565753,0.01
,1e-05,0.010053863705565753,0.01
,1e-05,0.010053863705565753,0.01
,1e-05,0.010053863705565753,0.01
,1e-05,0.010053863705565753,0.01
,1e-05,0.010053863705565753,0.01
,1e-05,0.010053863705565753,0.01
,1e-05,0.010053863705565753,0.01
,1e-05,0.010053896549751402,0.01
,1e-05,0.010053990106219112,0.01
,1e-05,0.010054584294790244,0.01
,1e-05,0.010054764452952537,0.01
,1e-05,0.010054819198116443,0.01
,1e-05,0.010054928689034343,0.01
,1e-05,0.010055616000795466,0.01
,1e-05,0.010056578601002291,0.01
,1e-05,0.01005725009568848,0.01
,1e-05,0.010057853933263633,0.01
,1e-05,0.01005846477641032,0.01
,1e-05,0.010058865059551243,0.01
,1e-05,0.01005925988173347,0.01
,1e-05,0.010059568084036255,0.01
,1e-05,0.010059628332193957,0.01
,1e-05,0.010059628332193957,0.01
,1e-05,0.010059628332193957,0.01
,1e-05,0.010059628332193957,0.01
,1e-05,0.010059628332193957,0.01
,1e-05,0.010059628332193957,0.01
,1e-05,0.010059628332193957,0.01
,1e-05,0.010059628332193957,0.01
,1e-05,0.010059628332193957,0.01
,1e-05,0.010059628332193957,0.01
,1e-05,0.010059648249058377,0.01
,1e-05,0.010059740862659431,0.01
,1e-05,0.010059829493687472,0.01
,1e-05,0.010059983852441999,0.01
,1e-05,0.010060287097310579,0.01
,1e-05,0.010060861238141185,0.01
,1e-05,0.010061491185390747,0.01
,1e-05,0.010061971269806128,0.01
,1e-05,0.010062520105919147,0.01
,1e-05,0.010063137704398439,0.01
,1e-05,0.010063314527608048,0.01
,1e-05,0.010063458977249359,0.01
,1e-05,0.01006366220583908,0.01
,1e-05,0.010063962073624836,0.01
,1e-05,0.01006402732917059,0.01
,1e-05,0.01006402732917059,0.01
,1e-05,0.01006402732917059,0.01
,1e-05,0.01006402732917059,0.01
,1e-05,0.01006402732917059,0.01
,1e-05,0.01006402732917059,0.01
,1e-05,0.01006402732917059,0.01
,1e-05,0.01006402732917059,0.01
,1e-05,0.01006402732917059,0.01
,1e-05,0.01006402732917059,0.01
,1e-05,0.010064037291913273,0.01
,1e-05,0.010064179261135618,0.01
,1e-05,0.010064329700798128,0.01
,1e-05,0.010064996726257068,0.01
,1e-05,0.01006573951953795,0.01
,1e-05,0.010066646780016049,0.01
,1e-05,0.010067469914572705,0.01
,1e-05,0.010068429651540046,0.01
,1e-05,0.010069368548250655,0.01
,1e-05,0.010070255199748348,0.01
,1e-05,0.010070927598354387,0.01
,1e-05,0.010071631943813095,0.01
,1e-05,0.010072041220283929,0.01
,1e-05,0.010072288491045037,0.01
,1e-05,0.010072412129429982,0.01
,1e-05,0.010072412129429982,0.01
,1e-05,0.010072412129429982,0.01
,1e-05,0.010072412129429982,0.01
,1e-05,0.010072412129429982,0.01
,1e-05,0.010072412129429982,0.01
,1e-05,0.010072412129429982,0.01
,1e-05,0.010072412129429982,0.01
,1e-05,0.010072412129429982,0.01
,1e-05,0.010072412129429982,0.01
,1e-05,0.010072679849669555,0.01
,1e-05,0.010073166943813954,0.01
,1e-05,0.010073817098539955,0.01
,1e-05,0.010074598431011305,0.01
,1e-05,0.010075483543715956,0.01
,1e-05,0.010076441543359172,0.01
,1e-05,0.010077441029027464,0.01
,1e-05,0.010078446598357566,0.01
,1e-05,0.010079396895369134,0.01
,1e-05,0.010080288910926365,0.01
,1e-05,0.010081094190134957,0.01
,1e-05,0.01008178277327033,0.01
,1e-05,0.01008232269886756,0.01
,1e-05,0.010082671523265462,0.01
,1e-05,0.010082764346670164,0.01
,1e-05,0.010082764346670164,0.01
,1e-05,0.010082764346670164,0.01
,1e-05,0.010082764346670164,0.01
,1e-05,0.010082764346670164,0.01
,1e-05,0.010082764346670164,0.01
,1e-05,0.010082764346670164,0.01
,1e-05,0.010082764346670164,0.01
,1e-05,0.010082764346670164,0.01
,1e-05,0.010082764346670164,0.01
,1e-05,0.010082779318323479,0.01
,1e-05,0.010082795288110485,0.01
,1e-05,0.010083065776801976,0.01
,1e-05,0.010083716563922976,0.01
,1e-05,0.010084542577337777,0.01
,1e-05,0.01008544901962549,0.01
,1e-05,0.010086401966915303,0.01
,1e-05,0.010087370479562143,0.01
,1e-05,0.010087964623680607,0.01
,1e-05,0.010088439966686054,0.01
,1e-05,0.010089217428427518,0.01
,1e-05,0.010089886585910566,0.01
,1e-05,0.010090424943464316,0.01
,1e-05,0.01009080501000891,0.01
,1e-05,0.010090934367308513,0.01
,1e-05,0.010090934367308513,0.01
,1e-05,0.010090934367308513,0.01
,1e-05,0.010090934367308513,0.01
,1e-05,0.010090934367308513,0.01
,1e-05,0.010090934367308513,0.01
,1e-05,0.010090934367308513,0.01
,1e-05,0.010090934367308513,0.01
,1e-05,0.010090934367308513,0.01
,1e-05,0.010090934367308513,0.01
,1e-05,0.010091188090636749,0.01
,1e-05,0.010091665581854196,0.01
,1e-05,0.010092312422949626,0.01
,1e-05,0.01009309517530673,0.01
,1e-05,0.010093986392541505,0.01
,1e-05,0.010094953128006678,0.01
,1e-05,0.010095961426252157,0.01
,1e-05,0.010096976820003854,0.01
,1e-05,0.010097957332238793,0.01
,1e-05,0.010098880961584506,0.01
,1e-05,0.010099718701265244,0.01
,1e-05,0.010100441536015166,0.01
,1e-05,0.010101019944763548,0.01
,1e-05,0.010101416404690913,0.01
,1e-05,0.010101552396228874,0.01
,1e-05,0.010101552396228874,0.01
,1e-05,0.010101552396228874,0.01
,1e-05,0.010101552396228874,0.01
,1e-05,0.010101552396228874,0.01
,1e-05,0.010101552396228874,0.01
,1e-05,0.010101552396228874,0.01
,1e-05,0.010101552396228874,0.01
,1e-05,0.010101552396228874,0.01
,1e-05,0.010101552396228874,0.01
,1e-05,0.010101807883735828,0.01
,1e-05,0.010102289872233439,0.01
,1e-05,0.010102937887371469,0.01
,1e-05,0.010103719455247356,0.01
,1e-05,0.010104606100128798,0.01
,1e-05,0.010105566340420225,0.01
,1e-05,0.010106570186012515,0.01
,1e-05,0.010107583634510676,0.01
,1e-05,0.010108263502826013,0.01
,1e-05,0.010108820341540394,0.01
,1e-05,0.010109317671155409,0.01
,1e-05,0.010109696440623464,0.01
,1e-05,0.01011007322263998,0.01
,1e-05,0.010110249861362663,0.01
,1e-05,0.010110276382649342,0.01
,1e-05,0.010110276382649342,0.01
,1e-05,0.010110276382649342,0.01
,1e-05,0.010110276382649342,0.01
,1e-05,0.010110276382649342,0.01
,1e-05,0.010110276382649342,0.01
,1e-05,0.010110276382649342,0.01
,1e-05,0.010110276382649342,0.01
,1e-05,0.010110276382649342,0.01
,1e-05,0.010110276382649342,0.01
,1e-05,0.010110363452759981,0.01
,1e-05,0.010110704730470505,0.01
,1e-05,0.010111239683639934,0.01
,1e-05,0.010111930805263642,0.01
,1e-05,0.010112730078184546,0.01
,1e-05,0.010113346722691088,0.01
,1e-05,0.010114232201561999,0.01
,1e-05,0.010115000617535529,0.01
,1e-05,0.010115779604613696,0.01
,1e-05,0.01011643198092078,0.01
,1e-05,0.010117064871395185,0.01
,1e-05,0.010117647727509607,0.01
,1e-05,0.010118016289847903,0.01
,1e-05,0.010118303738774342,0.01
,1e-05,0.01011835181520795,0.01
,1e-05,0.01011835181520795,0.01
,1e-05,0.01011835181520795,0.01
,1e-05,0.01011835181520795,0.01
,1e-05,0.01011835181520795,0.01
,1e-05,0.01011835181520795,0.01
,1e-05,0.01011835181520795,0.01
,1e-05,0.01011835181520795,0.01
,1e-05,0.01011835181520795,0.01
,1e-05,0.01011835181520795,0.01
,1e-05,0.010118523589106684,0.01
,1e-05,0.010118929242738998,0.01
,1e-05,0.010119516211778702,0.01
,1e-05,0.010120248462636912,0.01
,1e-05,0.010121093466515903,0.01
,1e-05,0.010122017687618024,0.01
,1e-05,0.010122987080284631,0.01
,1e-05,0.010123957566892447,0.01
,1e-05,0.010124905597296984,0.01
,1e-05,0.010125793080098307,0.01
,1e-05,0.010126589428216108,0.01
,1e-05,0.010127264046216783,0.01
,1e-05,0.01012778482951525,0.01
,1e-05,0.010128111150192019,0.01
,1e-05,0.01012818634168588,0.01
,1e-05,0.01012818634168588,0.01
,1e-05,0.01012818634168588,0.01
,1e-05,0.01012818634168588,0.01
,1e-05,0.01012818634168588,0.01
,1e-05,0.01012818634168588,0.01
,1e-05,0.01012818634168588,0.01
,1e-05,0.01012818634168588,0.01
,1e-05,0.01012818634168588,0.01
,1e-05,0.01012818634168588,0.01
,1e-05,0.010128353769309139,0.01
,1e-05,0.010128749285944287,0.01
,1e-05,0.010129321278242433,0.01
,1e-05,0.010130033676565476,0.01
,1e-05,0.010130857930168425,0.01
,1e-05,0.01013147617015631,0.01
,1e-05,0.010132397318133096,0.01
,1e-05,0.010133266394397267,0.01
,1e-05,0.010134193220294794,0.01
,1e-05,0.010135061947445538,0.01
,1e-05,0.010135839955603836,0.01
,1e-05,0.010136495618996242,0.01
,1e-05,0.010136993794538543,0.01
,1e-05,0.010137292313034296,0.01
,1e-05,0.010137350513294478,0.01
,1e-05,0.010137350513294478,0.01
,1e-05,0.010137350513294478,0.01
,1e-05,0.010137350513294478,0.01
,1e-05,0.010137350513294478,0.01
,1e-05,0.010137350513294478,0.01
,1e-05,0.010137350513294478,0.01
,1e-05,0.010137350513294478,0.01
,1e-05,0.010137350513294478,0.01
,1e-05,0.010137350513294478,0.01
,1e-05,0.010137508056273293,0.01
,1e-05,0.010137903424989369,0.01
,1e-05,0.010138482451779137,0.01
,1e-05,0.010139205021720162,0.01
,1e-05,0.010140037541228174,0.01
,1e-05,0.010140947414965532,0.01
,1e-05,0.010141876441916508,0.01
,1e-05,0.010142842195523543,0.01
,1e-05,0.010142947615155494,0.01
,1e-05,0.010143153436554185,0.01
,1e-05,0.010143322113088084,0.01
,1e-05,0.010143982773719612,0.01
,1e-05,0.01014449436686724,0.01
,1e-05,0.01014483025783869,0.01
,1e-05,0.010144917120383345,0.01
,1e-05,0.010144917120383345,0.01
,1e-05,0.010144917120383345,0.01
,1e-05,0.010144917120383345,0.01
,1e-05,0.010144917120383345,0.01
,1e-05,0.010144917120383345,0.01
,1e-05,0.010144917120383345,0.01
,1e-05,0.010144917120383345,0.01
,1e-05,0.010144917120383345,0.01
,1e-05,0.010144917120383345,0.01
,1e-05,0.010145132521235662,0.01
,1e-05,0.010145583416411112,0.01
,1e-05,0.010146206060745433,0.01
,1e-05,0.01014696784205916,0.01
,1e-05,0.010147835644254082,0.01
,1e-05,0.010148780865304931,0.01
,1e-05,0.010149770374941488,0.01
,1e-05,0.01015076801746834,0.01
,1e-05,0.010151714011240884,0.01
,1e-05,0.010152605327091405,0.01
,1e-05,0.010153410796915468,0.01
,1e-05,0.01015400175567538,0.01
,1e-05,0.0101543047902502,0.01
,1e-05,0.010154385199809275,0.01
,1e-05,0.01015447515870854,0.01
,1e-05,0.01015447515870854,0.01
,1e-05,0.01015447515870854,0.01
,1e-05,0.01015447515870854,0.01
,1e-05,0.01015447515870854,0.01
,1e-05,0.01015447515870854,0.01
,1e-05,0.01015447515870854,0.01
,1e-05,0.01015447515870854,0.01
,1e-05,0.01015447515870854,0.01
,1e-05,0.01015447515870854,0.01
,1e-05,0.010154671662831592,0.01
,1e-05,0.010155109910599345,0.01
,1e-05,0.010155725091998927,0.01
,1e-05,0.010156481549121,0.01
,1e-05,0.010157346637946495,0.01
,1e-05,0.010158289719556545,0.01
,1e-05,0.01015927662751059,0.01
,1e-05,0.010160273686427315,0.01
,1e-05,0.010161223574093806,0.01
,1e-05,0.010162117225004591,0.01
,1e-05,0.010162923944662191,0.01
,1e-05,0.010163609509054695,0.01
,1e-05,0.01016414220249836,0.01
,1e-05,0.010164477731259426,0.01
,1e-05,0.010164496847465562,0.01
,1e-05,0.010164496847465562,0.01
,1e-05,0.010164496847465562,0.01
,1e-05,0.010164496847465562,0.01
,1e-05,0.010164496847465562,0.01
,1e-05,0.010164496847465562,0.01
,1e-05,0.010164496847465562,0.01
,1e-05,0.010164496847465562,0.01
,1e-05,0.010164496847465562,0.01
,1e-05,0.010164496847465562,0.01
,1e-05,0.01016453558300799,0.01
,1e-05,0.01016470863595414,0.01
,1e-05,0.010164943569348396,0.01
,1e-05,0.010165305787578093,0.01
,1e-05,0.010165593056888566,0.01
,1e-05,0.010165995043926864,0.01
,1e-05,0.01016638094646189,0.01
,1e-05,0.010167248379272482,0.01
,1e-05,0.01016775056665692,0.01
,1e-05,0.010168124961124762,0.01
,1e-05,0.010168417341653153,0.01
,1e-05,0.010169074084249288,0.01
,1e-05,0.01016957485103411,0.01
,1e-05,0.010169896967981259,0.01
,1e-05,0.010169961393390306,0.01
,1e-05,0.010169961393390306,0.01
,1e-05,0.010169961393390306,0.01
,1e-05,0.010169961393390306,0.01
,1e-05,0.010169961393390306,0.01
,1e-05,0.010169961393390306,0.01
,1e-05,0.010169961393390306,0.01
,1e-05,0.010169961393390306,0.01
,1e-05,0.010169961393390306,0.01
,1e-05,0.010169961393390306,0.01
,1e-05,0.01017015769078924,0.01
,1e-05,0.010170509522848377,0.01
,1e-05,0.010171070762015311,0.01
,1e-05,0.010171681866554262,0.01
,1e-05,0.010172366002018636,0.01
,1e-05,0.010173217326581213,0.01
,1e-05,0.010174206173377437,0.01
,1e-05,0.010175127138133596,0.01
,1e-05,0.01017606782500627,0.01
,1e-05,0.010176926506949971,0.01
,1e-05,0.010177716761781032,0.01
,1e-05,0.01017815146052692,0.01
,1e-05,0.010178663248006944,0.01
,1e-05,0.010178835531499812,0.01
,1e-05,0.01017888439634998,0.01
,1e-05,0.01017888439634998,0.01
,1e-05,0.01017888439634998,0.01
,1e-05,0.01017888439634998,0.01
,1e-05,0.01017888439634998,0.01
,1e-05,0.01017888439634998,0.01
,1e-05,0.01017888439634998,0.01
,1e-05,0.01017888439634998,0.01
,1e-05,0.01017888439634998,0.01
,1e-05,0.01017888439634998,0.01
,1e-05,0.010178912607119164,0.01
,1e-05,0.010178936787844792,0.01
,1e-05,0.010178945855638223,0.01
,1e-05,0.010179276326623498,0.01
,1e-05,0.010180075326355243,0.01
,1e-05,0.010180967595240568,0.01
,1e-05,0.010181910328105037,0.01
,1e-05,0.010182858186485825,0.01
,1e-05,0.010183397925910035,0.01
,1e-05,0.010183650422303165,0.01
,1e-05,0.010184182643329806,0.01
,1e-05,0.010184829305163868,0.01
,1e-05,0.01018534898579449,0.01
,1e-05,0.010185674117641262,0.01
,1e-05,0.01018572553546468,0.01
,1e-05,0.01018572553546468,0.01
,1e-05,0.01018572553546468,0.01
,1e-05,0.01018572553546468,0.01
,1e-05,0.01018572553546468,0.01
,1e-05,0.01018572553546468,0.01
,1e-05,0.01018572553546468,0.01
,1e-05,0.01018572553546468,0.01
,1e-05,0.01018572553546468,0.01
,1e-05,0.01018572553546468,0.01
,1e-05,0.010185746203516567,0.01
,1e-05,0.010185762334711412,0.01
,1e-05,0.010185787539742863,0.01
,1e-05,0.01018582484328077,0.01
,1e-05,0.0101859816195286,0.01
,1e-05,0.010186206957310946,0.01
,1e-05,0.010186390961989594,0.01
,1e-05,0.010186604209580279,0.01
,1e-05,0.010187290346658833,0.01
,1e-05,0.010188093498187487,0.01
,1e-05,0.010188882594368976,0.01
,1e-05,0.010189552242968228,0.01
,1e-05,0.010190069136388216,0.01
,1e-05,0.010190391895800293,0.01
,1e-05,0.010190441319884556,0.01
,1e-05,0.010190441319884556,0.01
,1e-05,0.010190441319884556,0.01
,1e-05,0.010190441319884556,0.01
,1e-05,0.010190441319884556,0.01
,1e-05,0.010190441319884556,0.01
,1e-05,0.010190441319884556,0.01
,1e-05,0.010190441319884556,0.01
,1e-05,0.010190441319884556,0.01
,1e-05,0.010190441319884556,0.01
,1e-05,0.010190499317812853,0.01
,1e-05,0.010190852855001957,0.01
,1e-05,0.010191461101064154,0.01
,1e-05,0.010192225236402197,0.01
,1e-05,0.010193097373722076,0.01
,1e-05,0.010194047271726923,0.01
,1e-05,0.01019504114940111,0.01
,1e-05,0.01019604470952339,0.01
,1e-05,0.010196740054206196,0.01
,1e-05,0.010197426362331357,0.01
,1e-05,0.010198211631874503,0.01
,1e-05,0.010198867250691338,0.01
,1e-05,0.010199359374646265,0.01
,1e-05,0.010199641034421425,0.01
,1e-05,0.010199673340368167,0.01
,1e-05,0.010199673340368167,0.01
,1e-05,0.010199673340368167,0.01
,1e-05,0.010199673340368167,0.01
,1e-05,0.010199673340368167,0.01
,1e-05,0.010199673340368167,0.01
,1e-05,0.010199673340368167,0.01
,1e-05,0.010199673340368167,0.01
,1e-05,0.010199673340368167,0.01
,1e-05,0.010199673340368167,0.01
,1e-05,0.010199807107598222,0.01
,1e-05,0.010200193775629153,0.01
,1e-05,0.010200765722516601,0.01
,1e-05,0.010201482588933785,0.01
,1e-05,0.010202310576745822,0.01
,1e-05,0.010203218407032687,0.01
,1e-05,0.010204171763275453,0.01
,1e-05,0.01020513530772509,0.01
,1e-05,0.01020600954845469,0.01
,1e-05,0.01020680961473056,0.01
,1e-05,0.010207524880980737,0.01
,1e-05,0.010208151287522378,0.01
,1e-05,0.010208564033672965,0.01
,1e-05,0.010208715093694313,0.01
,1e-05,0.010208721156392651,0.01
,1e-05,0.010208721156392651,0.01
,1e-05,0.010208721156392651,0.01
,1e-05,0.010208721156392651,0.01
,1e-05,0.010208721156392651,0.01
,1e-05,0.010208721156392651,0.01
,1e-05,0.010208721156392651,0.01
,1e-05,0.010208721156392651,0.01
,1e-05,0.010208721156392651,0.01
,1e-05,0.010208721156392651,0.01
,1e-05,0.010208814623046961,0.01
,1e-05,0.01020919152443028,0.01
,1e-05,0.010209755886665929,0.01
,1e-05,0.01021038849201582,0.01
,1e-05,0.010210893798838763,0.01
,1e-05,0.010211141411309205,0.01
,1e-05,0.010211405706064368,0.01
,1e-05,0.010211468370288345,0.01
,1e-05,0.010212450284213036,0.01
,1e-05,0.010213377202131387,0.01
,1e-05,0.010214215749000827,0.01
,1e-05,0.010214935067357399,0.01
,1e-05,0.010215501765936367,0.01
,1e-05,0.01021586778939585,0.01
,1e-05,0.010215921885941366,0.01
,1e-05,0.010215921885941366,0.01
,1e-05,0.010215921885941366,0.01
,1e-05,0.010215921885941366,0.01
,1e-05,0.010215921885941366,0.01
,1e-05,0.010215921885941366,0.01
,1e-05,0.010215921885941366,0.01
,1e-05,0.010215921885941366,0.01
,1e-05,0.010215921885941366,0.01
,1e-05,0.010215921885941366,0.01
,1e-05,0.010216081142961375,0.01
,1e-05,0.010216504318143272,0.01
,1e-05,0.010217111551391099,0.01
,1e-05,0.010217861409740963,0.01
,1e-05,0.010218720547889153,0.01
,1e-05,0.0102196581433414,0.01
,1e-05,0.010220640330885959,0.01
,1e-05,0.010221633233839312,0.01
,1e-05,0.010222399102203916,0.01
,1e-05,0.010222902467811441,0.01
,1e-05,0.010223042101658756,0.01
,1e-05,0.010223214622621032,0.01
,1e-05,0.010223400806710331,0.01
,1e-05,0.01022346303784006,0.01
,1e-05,0.010223467085417597,0.01
,1e-05,0.010223467085417597,0.01
,1e-05,0.010223467085417597,0.01
,1e-05,0.010223467085417597,0.01
,1e-05,0.010223467085417597,0.01
,1e-05,0.010223467085417597,0.01
,1e-05,0.010223467085417597,0.01
,1e-05,0.010223467085417597,0.01
,1e-05,0.010223467085417597,0.01
,1e-05,0.010223467085417597,0.01
,1e-05,0.010223551578631779,0.01
,1e-05,0.010223922441102233,0.01
,1e-05,0.01022428269152333,0.01
,1e-05,0.010224853445239181,0.01
,1e-05,0.010225493554582124,0.01
,1e-05,0.010226241491518715,0.01
,1e-05,0.010226962660183914,0.01
,1e-05,0.010227762327563613,0.01
,1e-05,0.010228327705781831,0.01
,1e-05,0.010229077872620075,0.01
,1e-05,0.010229862010795366,0.01
,1e-05,0.010230524705916448,0.01
,1e-05,0.010230971762682695,0.01
,1e-05,0.01023099910368994,0.01
,1e-05,0.010231005685801684,0.01
,1e-05,0.010231005685801684,0.01
,1e-05,0.010231005685801684,0.01
,1e-05,0.010231005685801684,0.01
,1e-05,0.010231005685801684,0.01
,1e-05,0.010231005685801684,0.01
,1e-05,0.010231005685801684,0.01
,1e-05,0.010231005685801684,0.01
,1e-05,0.010231005685801684,0.01
,1e-05,0.010231005685801684,0.01
,1e-05,0.010231046697447128,0.01
,1e-05,0.0102312958062077,0.01
,1e-05,0.010231735301359126,0.01
,1e-05,0.010232436093004196,0.01
,1e-05,0.010233260996885114,0.01
,1e-05,0.010234173072035144,0.01
,1e-05,0.010235129290677769,0.01
,1e-05,0.010235972644098408,0.01
,1e-05,0.010236764397183669,0.01
,1e-05,0.010237304431347332,0.01
,1e-05,0.010237917954345208,0.01
,1e-05,0.010238543673454859,0.01
,1e-05,0.010238879606136841,0.01
,1e-05,0.010239014388934684,0.01
,1e-05,0.010239016415770078,0.01
,1e-05,0.010239016415770078,0.01
,1e-05,0.010239016415770078,0.01
,1e-05,0.010239016415770078,0.01
,1e-05,0.010239016415770078,0.01
,1e-05,0.010239016415770078,0.01
,1e-05,0.010239016415770078,0.01
,1e-05,0.010239016415770078,0.01
,1e-05,0.010239016415770078,0.01
,1e-05,0.010239016415770078,0.01
,1e-05,0.010239024523113245,0.01
,1e-05,0.01023907164708233,0.01
,1e-05,0.010239232781387966,0.01
,1e-05,0.010239593058984227,0.01
,1e-05,0.0102403825555257,0.01
,1e-05,0.010241285123325292,0.01
,1e-05,0.010242064612577753,0.01
,1e-05,0.010242890284644608,0.01
,1e-05,0.010243832609279876,0.01
,1e-05,0.010244714693275616,0.01
,1e-05,0.010245502045679538,0.01
,1e-05,0.010246163208348563,0.01
,1e-05,0.010246662154372478,0.01
,1e-05,0.010246950684829044,0.01
,1e-05,0.010246960826779731,0.01
,1e-05,0.010246960826779731,0.01
,1e-05,0.010246960826779731,0.01
,1e-05,0.010246960826779731,0.01
,1e-05,0.010246960826779731,0.01
,1e-05,0.010246960826779731,0.01
,1e-05,0.010246960826779731,0.01
,1e-05,0.010246960826779731,0.01
,1e-05,0.010246960826779731,0.01
,1e-05,0.010246960826779731,0.01
,1e-05,0.010246997844935997,0.01
,1e-05,0.010247321374636471,0.01
,1e-05,0.010247765607980004,0.01
,1e-05,0.010248343237530317,0.01
,1e-05,0.010248887933529622,0.01
,1e-05,0.01024954424051008,0.01
,1e-05,0.010250223414188112,0.01
,1e-05,0.01025098937349134,0.01
,1e-05,0.010251950190845448,0.01
,1e-05,0.01025285021623716,0.01
,1e-05,0.010253654931168959,0.01
,1e-05,0.010254331837285656,0.01
,1e-05,0.010254842341065603,0.01
,1e-05,0.010255136681801542,0.01
,1e-05,0.010255147339268838,0.01
,1e-05,0.010255147339268838,0.01
,1e-05,0.010255147339268838,0.01
,1e-05,0.010255147339268838,0.01
,1e-05,0.010255147339268838,0.01
,1e-05,0.010255147339268838,0.01
,1e-05,0.010255147339268838,0.01
,1e-05,0.010255147339268838,0.01
,1e-05,0.010255147339268838,0.01
,1e-05,0.010255147339268838,0.01
,1e-05,0.010255172206718104,0.01
,1e-05,0.010255350339282158,0.01
,1e-05,0.010255560447969422,0.01
,1e-05,0.010256193831926521,0.01
,1e-05,0.010257008450023202,0.01
,1e-05,0.010257923634994028,0.01
,1e-05,0.010258886618459813,0.01
,1e-05,0.010259859845032459,0.01
,1e-05,0.010260783913188468,0.01
,1e-05,0.010261647638482746,0.01
,1e-05,0.010262414950440137,0.01
,1e-05,0.01026305129261667,0.01
,1e-05,0.010263488074622714,0.01
,1e-05,0.010263741012530005,0.01
,1e-05,0.010263741012530005,0.01
,1e-05,0.010263741012530005,0.01
,1e-05,0.010263741012530005,0.01
,1e-05,0.010263741012530005,0.01
,1e-05,0.010263741012530005,0.01
,1e-05,0.010263741012530005,0.01
,1e-05,0.010263741012530005,0.01
,1e-05,0.010263741012530005,0.01
,1e-05,0.010263741012530005,0.01
,1e-05,0.010263741012530005,0.01
,1e-05,0.01026383802521785,0.01
,1e-05,0.010264236238090694,0.01
,1e-05,0.010264830024725623,0.01
,1e-05,0.010265569633653084,0.01
,1e-05,0.010266421057383495,0.01
,1e-05,0.010267352823069356,0.01
,1e-05,0.010268330401147965,0.01
,1e-05,0.01026931721794096,0.01
,1e-05,0.010269945344386485,0.01
,1e-05,0.010270412910170569,0.01
,1e-05,0.010270618750034027,0.01
,1e-05,0.010271174782816814,0.01
,1e-05,0.010271591575604621,0.01
,1e-05,0.010271775581760897,0.01
,1e-05,0.010271775581760897,0.01
,1e-05,0.010271775581760897,0.01
,1e-05,0.010271775581760897,0.01
,1e-05,0.010271775581760897,0.01
,1e-05,0.010271775581760897,0.01
,1e-05,0.010271775581760897,0.01
,1e-05,0.010271775581760897,0.01
,1e-05,0.010271775581760897,0.01
,1e-05,0.010271775581760897,0.01
,1e-05,0.010271775581760897,0.01
,1e-05,0.010271781681520622,0.01
,1e-05,0.010271790831165585,0.01
,1e-05,0.010271812180355989,0.01
,1e-05,0.010271833529590303,0.01
,1e-05,0.010271865045191496,0.01
,1e-05,0.010271910793783747,0.01
,1e-05,0.010272068372962705,0.01
,1e-05,0.010272344394876228,0.01
,1e-05,0.010273253308882423,0.01
,1e-05,0.010273515127506988,0.01
,1e-05,0.010273860330088978,0.01
,1e-05,0.010274442974144484,0.01
,1e-05,0.010274576694900648,0.01
,1e-05,0.010274644318815609,0.01
,1e-05,0.010274644318815609,0.01
,1e-05,0.010274644318815609,0.01
,1e-05,0.010274644318815609,0.01
,1e-05,0.010274644318815609,0.01
,1e-05,0.010274644318815609,0.01
,1e-05,0.010274644318815609,0.01
,1e-05,0.010274644318815609,0.01
,1e-05,0.010274644318815609,0.01
,1e-05,0.010274644318815609,0.01
,1e-05,0.010274644318815609,0.01
,1e-05,0.010274693130380423,0.01
,1e-05,0.010275032270659535,0.01
,1e-05,0.01027558650601058,0.01
,1e-05,0.010276303490927952,0.01
,1e-05,0.010277143590836953,0.01
,1e-05,0.010278068182360413,0.01
,1e-05,0.010279042192484732,0.01
,1e-05,0.010280027484675165,0.01
,1e-05,0.01028035458998007,0.01
,1e-05,0.010280921319037772,0.01
,1e-05,0.01028120113769711,0.01
,1e-05,0.0102817216144219,0.01
,1e-05,0.010282064037084876,0.01
,1e-05,0.01028216020352808,0.01
,1e-05,0.01028216020352808,0.01
,1e-05,0.01028216020352808,0.01
,1e-05,0.01028216020352808,0.01
,1e-05,0.01028216020352808,0.01
,1e-05,0.01028216020352808,0.01
,1e-05,0.01028216020352808,0.01
,1e-05,0.01028216020352808,0.01
,1e-05,0.01028216020352808,0.01
,1e-05,0.01028216020352808,0.01
,1e-05,0.01028216020352808,0.01
,1e-05,0.010282184118155934,0.01
,1e-05,0.010282510273724827,0.01
,1e-05,0.010283014533186523,0.01
,1e-05,0.010283565123717784,0.01
,1e-05,0.010283962567331524,0.01
,1e-05,0.010284402265687354,0.01
,1e-05,0.010284983465650824,0.01
,1e-05,0.01028546188817212,0.01
,1e-05,0.010286391292149203,0.01
,1e-05,0.010286926281704209,0.01
,1e-05,0.01028769291894304,0.01
,1e-05,0.010288119538721732,0.01
,1e-05,0.010288459117564137,0.01
,1e-05,0.010288595055363937,0.01
,1e-05,0.010288595055363937,0.01
,1e-05,0.010288595055363937,0.01
,1e-05,0.010288595055363937,0.01
,1e-05,0.010288595055363937,0.01
,1e-05,0.010288595055363937,0.01
,1e-05,0.010288595055363937,0.01
,1e-05,0.010288595055363937,0.01
,1e-05,0.010288595055363937,0.01
,1e-05,0.010288595055363937,0.01
,1e-05,0.010288595055363937,0.01
,1e-05,0.010288598110185896,0.01
,1e-05,0.01028864189598019,0.01
,1e-05,0.010288760525434107,0.01
,1e-05,0.010289169368946688,0.01
,1e-05,0.010289775784602384,0.01
,1e-05,0.010290345064405492,0.01
,1e-05,0.010290844102644773,0.01
,1e-05,0.010291432792328805,0.01
,1e-05,0.010292297542909175,0.01
,1e-05,0.010292507382051952,0.01
,1e-05,0.010292701945570921,0.01
,1e-05,0.010293063575630165,0.01
,1e-05,0.010293406372097625,0.01
,1e-05,0.010293562240115633,0.01
,1e-05,0.010293562240115633,0.01
,1e-05,0.010293562240115633,0.01
,1e-05,0.010293562240115633,0.01
,1e-05,0.010293562240115633,0.01
,1e-05,0.010293562240115633,0.01
,1e-05,0.010293562240115633,0.01
,1e-05,0.010293562240115633,0.01
,1e-05,0.010293562240115633,0.01
,1e-05,0.010293562240115633,0.01
,1e-05,0.010293562240115633,0.01
,1e-05,0.010293590256028879,0.01
,1e-05,0.010293903525720741,0.01
,1e-05,0.010294392037399432,0.01
,1e-05,0.010295089944000236,0.01
,1e-05,0.010295822030911903,0.01
,1e-05,0.010296705488139405,0.01
,1e-05,0.010297658317032091,0.01
,1e-05,0.010298619896053605,0.01
,1e-05,0.01029954130332612,0.01
,1e-05,0.01030032925784227,0.01
,1e-05,0.010301054067771244,0.01
,1e-05,0.010301683605461534,0.01
,1e-05,0.010302133229609921,0.01
,1e-05,0.010302324914396395,0.01
,1e-05,0.010302324914396395,0.01
,1e-05,0.010302324914396395,0.01
,1e-05,0.010302324914396395,0.01
,1e-05,0.010302324914396395,0.01
,1e-05,0.010302324914396395,0.01
,1e-05,0.010302324914396395,0.01
,1e-05,0.010302324914396395,0.01
,1e-05,0.010302324914396395,0.01
,1e-05,0.010302324914396395,0.01
,1e-05,0.010302324914396395,0.01
,1e-05,0.010302325934015097,0.01
,1e-05,0.010302341228297119,0.01
,1e-05,0.010302353463740711,0.01
,1e-05,0.010302374875792162,0.01
,1e-05,0.010302393229016868,0.01
,1e-05,0.010302477857924427,0.01
,1e-05,0.01030273990378039,0.01
,1e-05,0.010302941286501112,0.01
,1e-05,0.010303879391244348,0.01
,1e-05,0.010304750785517767,0.01
,1e-05,0.010305518737303893,0.01
,1e-05,0.01030610366802034,0.01
,1e-05,0.010306550933104544,0.01
,1e-05,0.010306642736038013,0.01
,1e-05,0.010306642736038013,0.01
,1e-05,0.010306642736038013,0.01
,1e-05,0.010306642736038013,0.01
,1e-05,0.010306642736038013,0.01
,1e-05,0.010306642736038013,0.01
,1e-05,0.010306642736038013,0.01
,1e-05,0.010306642736038013,0.01
,1e-05,0.010306642736038013,0.01
,1e-05,0.010306642736038013,0.01
,1e-05,0.010306642736038013,0.01
,1e-05,0.010306662116828132,0.01
,1e-05,0.010306969659938341,0.01
,1e-05,0.010307510298948268,0.01
,1e-05,0.010308211635953482,0.01
,1e-05,0.010309033403220013,0.01
,1e-05,0.010309939408062348,0.01
,1e-05,0.010310895999739611,0.01
,1e-05,0.010311863904287623,0.01
,1e-05,0.010312751275066093,0.01
,1e-05,0.01031334222553555,0.01
,1e-05,0.010313702021481769,0.01
,1e-05,0.010314082244508329,0.01
,1e-05,0.010314379799020229,0.01
,1e-05,0.010314431859786408,0.01
,1e-05,0.010314431859786408,0.01
,1e-05,0.010314431859786408,0.01
,1e-05,0.010314431859786408,0.01
,1e-05,0.010314431859786408,0.01
,1e-05,0.010314431859786408,0.01
,1e-05,0.010314431859786408,0.01
,1e-05,0.010314431859786408,0.01
,1e-05,0.010314431859786408,0.01
,1e-05,0.010314431859786408,0.01
,1e-05,0.010314431859786408,0.01
,1e-05,0.010314432880590843,0.01
,1e-05,0.010314473202369995,0.01
,1e-05,0.010314604886664495,0.01
,1e-05,0.01031483457147528,0.01
,1e-05,0.01031506017797186,0.01
,1e-05,0.010315354187371551,0.01
,1e-05,0.010315709458749957,0.01
,1e-05,0.010316237789797109,0.01
,1e-05,0.010316365412459954,0.01
,1e-05,0.010316593094077736,0.01
,1e-05,0.010316740120396151,0.01
,1e-05,0.010317247572554337,0.01
,1e-05,0.0103176320092487,0.01
,1e-05,0.010317766796804621,0.01
,1e-05,0.010317766796804621,0.01
,1e-05,0.010317766796804621,0.01
,1e-05,0.010317766796804621,0.01
,1e-05,0.010317766796804621,0.01
,1e-05,0.010317766796804621,0.01
,1e-05,0.010317766796804621,0.01
,1e-05,0.010317766796804621,0.01
,1e-05,0.010317766796804621,0.01
,1e-05,0.010317766796804621,0.01
,1e-05,0.010317766796804621,0.01
,1e-05,0.010317777008115106,0.01
,1e-05,0.010318096111880285,0.01
,1e-05,0.010318643455409327,0.01
,1e-05,0.010319356775417655,0.01
,1e-05,0.010320191677348137,0.01
,1e-05,0.010321111930395567,0.01
,1e-05,0.010322081805391235,0.01
,1e-05,0.010323063007665586,0.01
,1e-05,0.010324011098622245,0.01
,1e-05,0.010324890308120378,0.01
,1e-05,0.010325665365185402,0.01
,1e-05,0.0103262984350851,0.01
,1e-05,0.010326744523505812,0.01
,1e-05,0.010326904468115744,0.01
,1e-05,0.010326904468115744,0.01
,1e-05,0.010326904468115744,0.01
,1e-05,0.010326904468115744,0.01
,1e-05,0.010326904468115744,0.01
,1e-05,0.010326904468115744,0.01
,1e-05,0.010326904468115744,0.01
,1e-05,0.010326904468115744,0.01
,1e-05,0.010326904468115744,0.01
,1e-05,0.010326904468115744,0.01
,1e-05,0.010326904468115744,0.01
,1e-05,0.010326904468115744,0.01
,1e-05,0.010326939728011061,0.01
,1e-05,0.010326963234687363,0.01
,1e-05,0.010327539149553979,0.01
,1e-05,0.010328319002780738,0.01
,1e-05,0.01032919346449589,0.01
,1e-05,0.01033012575660778,0.01
,1e-05,0.010331071422426688,0.01
,1e-05,0.010331945603529664,0.01
,1e-05,0.010332800429957363,0.01
,1e-05,0.010333548975621658,0.01
,1e-05,0.010334152866197726,0.01
,1e-05,0.010334564005995386,0.01
,1e-05,0.010334668329155472,0.01
,1e-05,0.010334668329155472,0.01
,1e-05,0.010334668329155472,0.01
,1e-05,0.010334668329155472,0.01
,1e-05,0.010334668329155472,0.01
,1e-05,0.010334668329155472,0.01
,1e-05,0.010334668329155472,0.01
,1e-05,0.010334668329155472,0.01
,1e-05,0.010334668329155472,0.01
,1e-05,0.010334668329155472,0.01
,1e-05,0.010334668329155472,0.01
,1e-05,0.010334668329155472,0.01
,1e-05,0.010334682648163616,0.01
,1e-05,0.010334718445733056,0.01
,1e-05,0.010334808451359012,0.01
,1e-05,0.010334992043962344,0.01
,1e-05,0.010335139329754104,0.01
,1e-05,0.010335242635828775,0.01
,1e-05,0.010335396573630976,0.01
,1e-05,0.010336291062615407,0.01
,1e-05,0.010337106861424344,0.01
,1e-05,0.01033780149547289,0.01
,1e-05,0.010338331457717117,0.01
,1e-05,0.01033864556324318,0.01
,1e-05,0.010338659887704339,0.01
,1e-05,0.010338659887704339,0.01
,1e-05,0.010338659887704339,0.01
,1e-05,0.010338659887704339,0.01
,1e-05,0.010338659887704339,0.01
,1e-05,0.010338659887704339,0.01
,1e-05,0.010338659887704339,0.01
,1e-05,0.010338659887704339,0.01
,1e-05,0.010338659887704339,0.01
,1e-05,0.010338659887704339,0.01
,1e-05,0.010338659887704339,0.01
,1e-05,0.010338659887704339,0.01
,1e-05,0.010338810806341331,0.01
,1e-05,0.010339193480141756,0.01
,1e-05,0.010339606353227185,0.01
,1e-05,0.010339998777229758,0.01
,1e-05,0.010340612250567748,0.01
,1e-05,0.010341457552865228,0.01
,1e-05,0.010342200578422528,0.01
,1e-05,0.01034306187382356,0.01
,1e-05,0.010343684739470756,0.01
,1e-05,0.010344324020943952,0.01
,1e-05,0.01034478418843217,0.01
,1e-05,0.010345026311683886,0.01
,1e-05,0.010345050882900067,0.01
,1e-05,0.010345050882900067,0.01
,1e-05,0.010345050882900067,0.01
,1e-05,0.010345050882900067,0.01
,1e-05,0.010345050882900067,0.01
,1e-05,0.010345050882900067,0.01
,1e-05,0.010345050882900067,0.01
,1e-05,0.010345050882900067,0.01
,1e-05,0.010345050882900067,0.01
,1e-05,0.010345050882900067,0.01
,1e-05,0.010345050882900067,0.01
,1e-05,0.010345050882900067,0.01
,1e-05,0.010345152239405037,0.01
,1e-05,0.010345472180969555,0.01
,1e-05,0.010345836669554107,0.01
,1e-05,0.010346406458792647,0.01
,1e-05,0.010346990614185498,0.01
,1e-05,0.010347624465877222,0.01
,1e-05,0.010348256819909734,0.01
,1e-05,0.010349194911118438,0.01
,1e-05,0.010350065488689882,0.01
,1e-05,0.010350825002811974,0.01
,1e-05,0.010351178922143394,0.01
,1e-05,0.010351400705436564,0.01
,1e-05,0.010351491367042063,0.01
,1e-05,0.010351491367042063,0.01
,1e-05,0.010351491367042063,0.01
,1e-05,0.010351491367042063,0.01
,1e-05,0.010351491367042063,0.01
,1e-05,0.010351491367042063,0.01
,1e-05,0.010351491367042063,0.01
,1e-05,0.010351491367042063,0.01
,1e-05,0.010351491367042063,0.01
,1e-05,0.010351491367042063,0.01
,1e-05,0.010351491367042063,0.01
,1e-05,0.010351491367042063,0.01
,1e-05,0.01035179459944667,0.01
,1e-05,0.010352336028403674,0.01
,1e-05,0.010353043457058467,0.01
,1e-05,0.01035387183467358,0.01
,1e-05,0.010354785837563786,0.01
,1e-05,0.010355567726715895,0.01
,1e-05,0.010355985346161105,0.01
,1e-05,0.01035690363316777,0.01
,1e-05,0.01035775179072719,0.01
,1e-05,0.010358487261861336,0.01
,1e-05,0.010359072604753437,0.01
,1e-05,0.010359453457719893,0.01
,1e-05,0.010359453457719893,0.01
,1e-05,0.010359453457719893,0.01
,1e-05,0.010359453457719893,0.01
,1e-05,0.010359453457719893,0.01
,1e-05,0.010359453457719893,0.01
,1e-05,0.010359453457719893,0.01
,1e-05,0.010359453457719893,0.01
,1e-05,0.010359453457719893,0.01
,1e-05,0.010359453457719893,0.01
,1e-05,0.010359453457719893,0.01
,1e-05,0.010359453457719893,0.01
,1e-05,0.010359453457719893,0.01
,1e-05,0.010359721038448138,0.01
,1e-05,0.010360232633069339,0.01
,1e-05,0.010360914963445404,0.01
,1e-05,0.010361721406443123,0.01
,1e-05,0.010362612509991336,0.01
,1e-05,0.010363551376185408,0.01
,1e-05,0.010364496480240109,0.01
,1e-05,0.010365355510161893,0.01
,1e-05,0.010366129469842254,0.01
,1e-05,0.010366648558687434,0.01
,1e-05,0.010367058925933688,0.01
,1e-05,0.010367275916114457,0.01
,1e-05,0.010367275916114457,0.01
,1e-05,0.010367275916114457,0.01
,1e-05,0.010367275916114457,0.01
,1e-05,0.010367275916114457,0.01
,1e-05,0.010367275916114457,0.01
,1e-05,0.010367275916114457,0.01
,1e-05,0.010367275916114457,0.01
,1e-05,0.010367275916114457,0.01
,1e-05,0.010367275916114457,0.01
,1e-05,0.010367275916114457,0.01
,1e-05,0.010367275916114457,0.01
,1e-05,0.010367275916114457,0.01
,1e-05,0.010367390825824127,0.01
,1e-05,0.010367745818642079,0.01
,1e-05,0.010368299872448004,0.01
,1e-05,0.01036900171104695,0.01
,1e-05,0.010369805698437016,0.01
,1e-05,0.01037066875558187,0.01
,1e-05,0.010371550357416793,0.01
,1e-05,0.010372413045045109,0.01
,1e-05,0.010373201383689025,0.01
,1e-05,0.010373877373322378,0.01
,1e-05,0.010374393766202469,0.01
,1e-05,0.010374687909040352,0.01
,1e-05,0.010374687909040352,0.01
,1e-05,0.010374687909040352,0.01
,1e-05,0.010374687909040352,0.01
,1e-05,0.010374687909040352,0.01
,1e-05,0.010374687909040352,0.01
,1e-05,0.010374687909040352,0.01
,1e-05,0.010374687909040352,0.01
,1e-05,0.010374687909040352,0.01
,1e-05,0.010374687909040352,0.01
,1e-05,0.010374687909040352,0.01
,1e-05,0.010374687909040352,0.01
,1e-05,0.010374687909040352,0.01
,1e-05,0.010374886063177918,0.01
,1e-05,0.010375342442342733,0.01
,1e-05,0.010375978012645377,0.01
,1e-05,0.010376744029100509,0.01
,1e-05,0.010377597902039225,0.01
,1e-05,0.010378380468675548,0.01
,1e-05,0.010379275557538816,0.01
,1e-05,0.010380107039203418,0.01
,1e-05,0.010380858975985946,0.01
,1e-05,0.01038147895737438,0.01
,1e-05,0.010381932027714254,0.01
,1e-05,0.010382161654911216,0.01
,1e-05,0.010382161654911216,0.01
,1e-05,0.010382161654911216,0.01
,1e-05,0.010382161654911216,0.01
,1e-05,0.010382161654911216,0.01
,1e-05,0.010382161654911216,0.01
,1e-05,0.010382161654911216,0.01
,1e-05,0.010382161654911216,0.01
,1e-05,0.010382161654911216,0.01
,1e-05,0.010382161654911216,0.01
,1e-05,0.010382161654911216,0.01
,1e-05,0.010382161654911216,0.01
,1e-05,0.010382161654911216,0.01
,1e-05,0.010382222273708224,0.01
,1e-05,0.01038260499629033,0.01
,1e-05,0.010383174734311298,0.01
,1e-05,0.010383884761992495,0.01
,1e-05,0.010384694515496794,0.01
,1e-05,0.01038555777111816,0.01
,1e-05,0.01038642829213545,0.01
,1e-05,0.01038718170987973,0.01
,1e-05,0.010387945460990464,0.01
,1e-05,0.010388592589259817,0.01
,1e-05,0.010389053677297354,0.01
,1e-05,0.010389169339911315,0.01
,1e-05,0.010389169339911315,0.01
,1e-05,0.010389169339911315,0.01
,1e-05,0.010389169339911315,0.01
,1e-05,0.010389169339911315,0.01
,1e-05,0.010389169339911315,0.01
,1e-05,0.010389169339911315,0.01
,1e-05,0.010389169339911315,0.01
,1e-05,0.010389169339911315,0.01
,1e-05,0.010389169339911315,0.01
,1e-05,0.010389169339911315,0.01
,1e-05,0.010389169339911315,0.01
,1e-05,0.010389169339911315,0.01
,1e-05,0.010389196071121015,0.01
,1e-05,0.010389324586879467,0.01
,1e-05,0.010389347205929815,0.01
,1e-05,0.01038942226021311,0.01
,1e-05,0.010389528159479413,0.01
,1e-05,0.010389981063336726,0.01
,1e-05,0.01039068075543446,0.01
,1e-05,0.010391564554746496,0.01
,1e-05,0.010392366673981883,0.01
,1e-05,0.010393050584280245,0.01
,1e-05,0.010393572035558995,0.01
,1e-05,0.010393855916620202,0.01
,1e-05,0.010393855916620202,0.01
,1e-05,0.010393855916620202,0.01
,1e-05,0.010393855916620202,0.01
,1e-05,0.010393855916620202,0.01
,1e-05,0.010393855916620202,0.01
,1e-05,0.010393855916620202,0.01
,1e-05,0.010393855916620202,0.01
,1e-05,0.010393855916620202,0.01
,1e-05,0.010393855916620202,0.01
,1e-05,0.010393855916620202,0.01
,1e-05,0.010393855916620202,0.01
,1e-05,0.010393855916620202,0.01
,1e-05,0.010393878545432288,0.01
,1e-05,0.010394034375996676,0.01
,1e-05,0.010394403643340148,0.01
,1e-05,0.010394642286892524,0.01
,1e-05,0.010395110841235497,0.01
,1e-05,0.010395650911492369,0.01
,1e-05,0.010396151402325223,0.01
,1e-05,0.010396999139411743,0.01
,1e-05,0.010397462139981417,0.01
,1e-05,0.010397870112904035,0.01
,1e-05,0.01039835887623851,0.01
,1e-05,0.010398603783784122,0.01
,1e-05,0.010398603783784122,0.01
,1e-05,0.010398603783784122,0.01
,1e-05,0.010398603783784122,0.01
,1e-05,0.010398603783784122,0.01
,1e-05,0.010398603783784122,0.01
,1e-05,0.010398603783784122,0.01
,1e-05,0.010398603783784122,0.01
,1e-05,0.010398603783784122,0.01
,1e-05,0.010398603783784122,0.01
,1e-05,0.010398603783784122,0.01
,1e-05,0.010398603783784122,0.01
,1e-05,0.010398603783784122,0.01
,1e-05,0.010398751452069133,0.01
,1e-05,0.010399164105827688,0.01
,1e-05,0.010399756868665611,0.01
,1e-05,0.010400474193319836,0.01
,1e-05,0.010400989323151547,0.01
,1e-05,0.010401552339789857,0.01
,1e-05,0.010401847244555253,0.01
,1e-05,0.010402672280508053,0.01
,1e-05,0.010403413481389727,0.01
,1e-05,0.01040403479565175,0.01
,1e-05,0.010404491413976197,0.01
,1e-05,0.010404707634973618,0.01
,1e-05,0.010404707634973618,0.01
,1e-05,0.010404707634973618,0.01
,1e-05,0.010404707634973618,0.01
,1e-05,0.010404707634973618,0.01
,1e-05,0.010404707634973618,0.01
,1e-05,0.010404707634973618,0.01
,1e-05,0.010404707634973618,0.01
,1e-05,0.010404707634973618,0.01
,1e-05,0.010404707634973618,0.01
,1e-05,0.010404707634973618,0.01
,1e-05,0.010404707634973618,0.01
,1e-05,0.010404707634973618,0.01
,1e-05,0.010404864655831451,0.01
,1e-05,0.010405293509365032,0.01
,1e-05,0.01040590360800008,0.01
,1e-05,0.01040664194740987,0.01
,1e-05,0.010407469419330247,0.01
,1e-05,0.010408342787589415,0.01
,1e-05,0.010409224468375907,0.01
,1e-05,0.010410069139922084,0.01
,1e-05,0.010410839707052194,0.01
,1e-05,0.010411496488502576,0.01
,1e-05,0.010411990006859863,0.01
,1e-05,0.010412238838328236,0.01
,1e-05,0.010412238838328236,0.01
,1e-05,0.010412238838328236,0.01
,1e-05,0.010412238838328236,0.01
,1e-05,0.010412238838328236,0.01
,1e-05,0.010412238838328236,0.01
,1e-05,0.010412238838328236,0.01
,1e-05,0.010412238838328236,0.01
,1e-05,0.010412238838328236,0.01
,1e-05,0.010412238838328236,0.01
,1e-05,0.010412238838328236,0.01
,1e-05,0.010412238838328236,0.01
,1e-05,0.010412238838328236,0.01
,1e-05,0.010412383091865925,0.01
,1e-05,0.01041279988726515,0.01
,1e-05,0.010413398571364673,0.01
,1e-05,0.010414125071023633,0.01
,1e-05,0.010414937673187505,0.01
,1e-05,0.010415795686544146,0.01
,1e-05,0.010416651193015748,0.01
,1e-05,0.010417158869135867,0.01
,1e-05,0.010417672239491044,0.01
,1e-05,0.010417912958011491,0.01
,1e-05,0.010417957288345697,0.01
,1e-05,0.010417982030961987,0.01
,1e-05,0.010417982030961987,0.01
,1e-05,0.010417982030961987,0.01
,1e-05,0.010417982030961987,0.01
,1e-05,0.010417982030961987,0.01
,1e-05,0.010417982030961987,0.01
,1e-05,0.010417982030961987,0.01
,1e-05,0.010417982030961987,0.01
,1e-05,0.010417982030961987,0.01
,1e-05,0.010417982030961987,0.01
,1e-05,0.010417982030961987,0.01
,1e-05,0.010417982030961987,0.01
,1e-05,0.010417982030961987,0.01
,1e-05,0.010417991309464901,0.01
,1e-05,0.010418004711758699,0.01
,1e-05,0.010418148528863658,0.01
,1e-05,0.010418397505962306,0.01
,1e-05,0.010418666077672015,0.01
,1e-05,0.010418971772655144,0.01
,1e-05,0.010419189322449621,0.01
,1e-05,0.01041981981746289,0.01
,1e-05,0.010420292588145745,0.01
,1e-05,0.010420727742311566,0.01
,1e-05,0.010421076808121111,0.01
,1e-05,0.010421157245449248,0.01
,1e-05,0.010421157245449248,0.01
,1e-05,0.010421157245449248,0.01
,1e-05,0.010421157245449248,0.01
,1e-05,0.010421157245449248,0.01
,1e-05,0.010421157245449248,0.01
,1e-05,0.010421157245449248,0.01
,1e-05,0.010421157245449248,0.01
,1e-05,0.010421157245449248,0.01
,1e-05,0.010421157245449248,0.01
,1e-05,0.010421157245449248,0.01
,1e-05,0.010421157245449248,0.01
,1e-05,0.010421157245449248,0.01
,1e-05,0.010421334105797118,0.01
,1e-05,0.01042180075682515,0.01
,1e-05,0.010422448424957811,0.01
,1e-05,0.010423222992914444,0.01
,1e-05,0.010424081681650772,0.01
,1e-05,0.010424986859773564,0.01
,1e-05,0.01042589624219231,0.01
,1e-05,0.01042676701361318,0.01
,1e-05,0.010427562019330488,0.01
,1e-05,0.010428232227207119,0.01
,1e-05,0.01042873427011344,0.01
,1e-05,0.010428966469568302,0.01
,1e-05,0.010428966469568302,0.01
,1e-05,0.010428966469568302,0.01
,1e-05,0.010428966469568302,0.01
,1e-05,0.010428966469568302,0.01
,1e-05,0.010428966469568302,0.01
,1e-05,0.010428966469568302,0.01
,1e-05,0.010428966469568302,0.01
,1e-05,0.010428966469568302,0.01
,1e-05,0.010428966469568302,0.01
,1e-05,0.010428966469568302,0.01
,1e-05,0.010428966469568302,0.01
,1e-05,0.010428966469568302,0.01
,1e-05,0.010429007750380814,0.01
,1e-05,0.010429260080335555,0.01
,1e-05,0.010429699217211203,0.01
,1e-05,0.01043005270874146,0.01
,1e-05,0.010430892859851592,0.01
,1e-05,0.010431539538748367,0.01
,1e-05,0.01043218832185885,0.01
,1e-05,0.010432715329272941,0.01
,1e-05,0.01043314170526006,0.01
,1e-05,0.010433422009767754,0.01
,1e-05,0.010433922751204928,0.01
,1e-05,0.010434143191150682,0.01
,1e-05,0.010434143191150682,0.01
,1e-05,0.010434143191150682,0.01
,1e-05,0.010434143191150682,0.01
,1e-05,0.010434143191150682,0.01
,1e-05,0.010434143191150682,0.01
,1e-05,0.010434143191150682,0.01
,1e-05,0.010434143191150682,0.01
,1e-05,0.010434143191150682,0.01
,1e-05,0.010434143191150682,0.01
,1e-05,0.010434143191150682,0.01
,1e-05,0.010434143191150682,0.01
,1e-05,0.010434143191150682,0.01
,1e-05,0.010434319237035673,0.01
,1e-05,0.010434796788830806,0.01
,1e-05,0.010435456098299543,0.01
,1e-05,0.010436242981969943,0.01
,1e-05,0.010437110993872742,0.01
,1e-05,0.010438022455555472,0.01
,1e-05,0.010438935545356093,0.01
,1e-05,0.010439784151912662,0.01
,1e-05,0.010440552763065035,0.01
,1e-05,0.010441199001368733,0.01
,1e-05,0.010441671698620422,0.01
,1e-05,0.010441859236094335,0.01
,1e-05,0.010441859236094335,0.01
,1e-05,0.010441859236094335,0.01
,1e-05,0.010441859236094335,0.01
,1e-05,0.010441859236094335,0.01
,1e-05,0.010441859236094335,0.01
,1e-05,0.010441859236094335,0.01
,1e-05,0.010441859236094335,0.01
,1e-05,0.010441859236094335,0.01
,1e-05,0.010441859236094335,0.01
,1e-05,0.010441859236094335,0.01
,1e-05,0.010441859236094335,0.01
,1e-05,0.010441859236094335,0.01
,1e-05,0.010442001829104337,0.01
,1e-05,0.010442448213253979,0.01
,1e-05,0.010443077517526432,0.01
,1e-05,0.01044382673395102,0.01
,1e-05,0.010444658164847336,0.01
,1e-05,0.010445529453169096,0.01
,1e-05,0.010446401847048122,0.01
,1e-05,0.010447052061616405,0.01
,1e-05,0.010447480568034188,0.01
,1e-05,0.0104479545804976,0.01
,1e-05,0.010448255956366765,0.01
,1e-05,0.010448273532819602,0.01
,1e-05,0.010448273532819602,0.01
,1e-05,0.010448273532819602,0.01
,1e-05,0.010448273532819602,0.01
,1e-05,0.010448273532819602,0.01
,1e-05,0.010448273532819602,0.01
,1e-05,0.010448273532819602,0.01
,1e-05,0.010448273532819602,0.01
,1e-05,0.010448273532819602,0.01
,1e-05,0.010448273532819602,0.01
,1e-05,0.010448273532819602,0.01
,1e-05,0.010448273532819602,0.01
,1e-05,0.010448273532819602,0.01
,1e-05,0.010448327296176589,0.01
,1e-05,0.010448555791607127,0.01
,1e-05,0.010449099643177832,0.01
,1e-05,0.01044944758134988,0.01
,1e-05,0.010450047833247053,0.01
,1e-05,0.010450650704471699,0.01
,1e-05,0.010451223619948779,0.01
,1e-05,0.010451319800507345,0.01
,1e-05,0.010451522505465757,0.01
,1e-05,0.010451692118991955,0.01
,1e-05,0.010451706598427906,0.01
,1e-05,0.010451712803908962,0.01
,1e-05,0.010451712803908962,0.01
,1e-05,0.010451712803908962,0.01
,1e-05,0.010451712803908962,0.01
,1e-05,0.010451712803908962,0.01
,1e-05,0.010451712803908962,0.01
,1e-05,0.010451712803908962,0.01
,1e-05,0.010451712803908962,0.01
,1e-05,0.010451712803908962,0.01
,1e-05,0.010451712803908962,0.01
,1e-05,0.010451712803908962,0.01
,1e-05,0.010451712803908962,0.01
,1e-05,0.010451712803908962,0.01
,1e-05,0.010451837430726727,0.01
,1e-05,0.010452295607752786,0.01
,1e-05,0.010452937910855003,0.01
,1e-05,0.010453707480200594,0.01
,1e-05,0.010454558309360835,0.01
,1e-05,0.010455445932713444,0.01
,1e-05,0.010456332596018712,0.01
,1e-05,0.010457176911031412,0.01
,1e-05,0.010457939545686898,0.01
,1e-05,0.010458572878234922,0.01
,1e-05,0.01045902099821092,0.01
,1e-05,0.010459144676287961,0.01
,1e-05,0.010459144676287961,0.01
,1e-05,0.010459144676287961,0.01
,1e-05,0.010459144676287961,0.01
,1e-05,0.010459144676287961,0.01
,1e-05,0.010459144676287961,0.01
,1e-05,0.010459144676287961,0.01
,1e-05,0.010459144676287961,0.01
,1e-05,0.010459144676287961,0.01
,1e-05,0.010459144676287961,0.01
,1e-05,0.010459144676287961,0.01
,1e-05,0.010459144676287961,0.01
,1e-05,0.010459144676287961,0.01
,1e-05,0.010459247656310103,0.01
,1e-05,0.010459681832592894,0.01
,1e-05,0.010460306989316962,0.01
,1e-05,0.010461061569122658,0.01
,1e-05,0.010461899533389827,0.01
,1e-05,0.010462779491486109,0.01
,1e-05,0.010463661075810197,0.01
,1e-05,0.010464454205452247,0.01
,1e-05,0.010465161966243985,0.01
,1e-05,0.01046564505695967,0.01
,1e-05,0.010465989915600176,0.01
,1e-05,0.01046599509382666,0.01
,1e-05,0.01046599509382666,0.01
,1e-05,0.01046599509382666,0.01
,1e-05,0.01046599509382666,0.01
,1e-05,0.01046599509382666,0.01
,1e-05,0.01046599509382666,0.01
,1e-05,0.01046599509382666,0.01
,1e-05,0.01046599509382666,0.01
,1e-05,0.01046599509382666,0.01
,1e-05,0.01046599509382666,0.01
,1e-05,0.01046599509382666,0.01
,1e-05,0.01046599509382666,0.01
,1e-05,0.01046599509382666,0.01
,1e-05,0.01046599509382666,0.01
,1e-05,0.01046603341272141,0.01
,1e-05,0.010466348250186353,0.01
,1e-05,0.010466888357504757,0.01
,1e-05,0.010467394831069171,0.01
,1e-05,0.010467860933350615,0.01
,1e-05,0.010468249369031396,0.01
,1e-05,0.010468314628621678,0.01
,1e-05,0.01046836227877516,0.01
,1e-05,0.010468432718449714,0.01
,1e-05,0.010468491763864133,0.01
,1e-05,0.010468491763864133,0.01
,1e-05,0.010468491763864133,0.01
,1e-05,0.010468491763864133,0.01
,1e-05,0.010468491763864133,0.01
,1e-05,0.010468491763864133,0.01
,1e-05,0.010468491763864133,0.01
,1e-05,0.010468491763864133,0.01
,1e-05,0.010468491763864133,0.01
,1e-05,0.010468491763864133,0.01
,1e-05,0.010468491763864133,0.01
,1e-05,0.010468491763864133,0.01
,1e-05,0.010468491763864133,0.01
,1e-05,0.010468491763864133,0.01
,1e-05,0.010468491763864133,0.01
,1e-05,0.010468653880687382,0.01
,1e-05,0.010468959472991797,0.01
,1e-05,0.010469516806579194,0.01
,1e-05,0.010469786164135828,0.01
,1e-05,0.010470143071983434,0.01
,1e-05,0.010470457513740428,0.01
,1e-05,0.010471271356703884,0.01
,1e-05,0.010472011694726743,0.01
,1e-05,0.010472629808824657,0.01
,1e-05,0.010473059871408756,0.01
,1e-05,0.010473059871408756,0.01
,1e-05,0.010473059871408756,0.01
,1e-05,0.010473059871408756,0.01
,1e-05,0.010473059871408756,0.01
,1e-05,0.010473059871408756,0.01
,1e-05,0.010473059871408756,0.01
,1e-05,0.010473059871408756,0.01
,1e-05,0.010473059871408756,0.01
,1e-05,0.010473059871408756,0.01
,1e-05,0.010473059871408756,0.01
,1e-05,0.010473059871408756,0.01
,1e-05,0.010473059871408756,0.01
,1e-05,0.010473059871408756,0.01
,1e-05,0.010473059871408756,0.01
,1e-05,0.010473500833010255,0.01
,1e-05,0.010474130434262013,0.01
,1e-05,0.010474890146469813,0.01
,1e-05,0.010475729206724125,0.01
,1e-05,0.010476609797430576,0.01
,1e-05,0.01047748527795062,0.01
,1e-05,0.010477556815132924,0.01
,1e-05,0.010477608654021016,0.01
,1e-05,0.010477637683940454,0.01
,1e-05,0.010477650125368606,0.01
,1e-05,0.010477650125368606,0.01
,1e-05,0.010477650125368606,0.01
,1e-05,0.010477650125368606,0.01
,1e-05,0.010477650125368606,0.01
,1e-05,0.010477650125368606,0.01
,1e-05,0.010477650125368606,0.01
,1e-05,0.010477650125368606,0.01
,1e-05,0.010477650125368606,0.01
,1e-05,0.010477650125368606,0.01
,1e-05,0.010477650125368606,0.01
,1e-05,0.010477650125368606,0.01
,1e-05,0.010477650125368606,0.01
,1e-05,0.010477650125368606,0.01
,1e-05,0.010477650125368606,0.01
,1e-05,0.010478026997405783,0.01
,1e-05,0.010478129642961465,0.01
,1e-05,0.010478387814588675,0.01
,1e-05,0.010478754862717274,0.01
,1e-05,0.01047960304287302,0.01
,1e-05,0.010480450253977692,0.01
,1e-05,0.010481239975960904,0.01
,1e-05,0.01048194056292204,0.01
,1e-05,0.010482504284898546,0.01
,1e-05,0.010482854879501487,0.01
,1e-05,0.010482854879501487,0.01
,1e-05,0.010482854879501487,0.01
,1e-05,0.010482854879501487,0.01
,1e-05,0.010482854879501487,0.01
,1e-05,0.010482854879501487,0.01
,1e-05,0.010482854879501487,0.01
,1e-05,0.010482854879501487,0.01
,1e-05,0.010482854879501487,0.01
,1e-05,0.010482854879501487,0.01
,1e-05,0.010482854879501487,0.01
,1e-05,0.010482854879501487,0.01
,1e-05,0.010482854879501487,0.01
,1e-05,0.010482854879501487,0.01
,1e-05,0.010482854879501487,0.01
,1e-05,0.01048287770002368,0.01
,1e-05,0.01048301929129589,0.01
,1e-05,0.010483292104499112,0.01
,1e-05,0.010483738160384832,0.01
,1e-05,0.010484578440565792,0.01
,1e-05,0.010485426568371328,0.01
,1e-05,0.01048557908796258,0.01
,1e-05,0.010485669355958536,0.01
,1e-05,0.010485762737439383,0.01
,1e-05,0.010485808391010059,0.01
,1e-05,0.010485808391010059,0.01
,1e-05,0.010485808391010059,0.01
,1e-05,0.010485808391010059,0.01
,1e-05,0.010485808391010059,0.01
,1e-05,0.010485808391010059,0.01
,1e-05,0.010485808391010059,0.01
,1e-05,0.010485808391010059,0.01
,1e-05,0.010485808391010059,0.01
,1e-05,0.010485808391010059,0.01
,1e-05,0.010485808391010059,0.01
,1e-05,0.010485808391010059,0.01
,1e-05,0.010485808391010059,0.01
,1e-05,0.010485808391010059,0.01
,1e-05,0.010485808391010059,0.01
,1e-05,0.010485835368236213,0.01
,1e-05,0.010485841593765787,0.01
,1e-05,0.01048588413490954,0.01
,1e-05,0.010486081277586547,0.01
,1e-05,0.010486318372005712,0.01
,1e-05,0.010486692439621451,0.01
,1e-05,0.010486825261659484,0.01
,1e-05,0.010487084164110837,0.01
,1e-05,0.010487106993742343,0.01
,1e-05,0.010487405855016665,0.01
,1e-05,0.010487405855016665,0.01
,1e-05,0.010487405855016665,0.01
,1e-05,0.010487405855016665,0.01
,1e-05,0.010487405855016665,0.01
,1e-05,0.010487405855016665,0.01
,1e-05,0.010487405855016665,0.01
,1e-05,0.010487405855016665,0.01
,1e-05,0.010487405855016665,0.01
,1e-05,0.010487405855016665,0.01
,1e-05,0.010487405855016665,0.01
,1e-05,0.010487405855016665,0.01
,1e-05,0.010487405855016665,0.01
,1e-05,0.010487405855016665,0.01
,1e-05,0.010487405855016665,0.01
,1e-05,0.010487425572114994,0.01
,1e-05,0.010487439062786314,0.01
,1e-05,0.010487452553474804,0.01
,1e-05,0.010487585385038226,0.01
,1e-05,0.010487899307315345,0.01
,1e-05,0.010488103233114707,0.01
,1e-05,0.010488900790324392,0.01
,1e-05,0.01048960188392174,0.01
,1e-05,0.010490159266838057,0.01
,1e-05,0.010490489873527097,0.01
,1e-05,0.010490489873527097,0.01
,1e-05,0.010490489873527097,0.01
,1e-05,0.010490489873527097,0.01
,1e-05,0.010490489873527097,0.01
,1e-05,0.010490489873527097,0.01
,1e-05,0.010490489873527097,0.01
,1e-05,0.010490489873527097,0.01
,1e-05,0.010490489873527097,0.01
,1e-05,0.010490489873527097,0.01
,1e-05,0.010490489873527097,0.01
,1e-05,0.010490489873527097,0.01
,1e-05,0.010490489873527097,0.01
,1e-05,0.010490489873527097,0.01
,1e-05,0.010490489873527097,0.01
,1e-05,0.010490883292183985,0.01
,1e-05,0.010491494722756454,0.01
,1e-05,0.010492242704302426,0.01
,1e-05,0.010492842273785285,0.01
,1e-05,0.01049370767537556,0.01
,1e-05,0.010494560168096056,0.01
,1e-05,0.010494797452193024,0.01
,1e-05,0.010494936606592517,0.01
,1e-05,0.010495059147148881,0.01
,1e-05,0.010495414830415044,0.01
,1e-05,0.010495414830415044,0.01
,1e-05,0.010495414830415044,0.01
,1e-05,0.010495414830415044,0.01
,1e-05,0.010495414830415044,0.01
,1e-05,0.010495414830415044,0.01
,1e-05,0.010495414830415044,0.01
,1e-05,0.010495414830415044,0.01
,1e-05,0.010495414830415044,0.01
,1e-05,0.010495414830415044,0.01
,1e-05,0.010495414830415044,0.01
,1e-05,0.010495414830415044,0.01
,1e-05,0.010495414830415044,0.01
,1e-05,0.010495414830415044,0.01
,1e-05,0.010495414830415044,0.01
,1e-05,0.010495781430131801,0.01
,1e-05,0.010496358870603928,0.01
,1e-05,0.010497071362916954,0.01
,1e-05,0.01049786492076713,0.01
,1e-05,0.010498699049845286,0.01
,1e-05,0.010499532205650008,0.01
,1e-05,0.0105003145193398,0.01
,1e-05,0.010501008575208477,0.01
,1e-05,0.010501557725679756,0.01
,1e-05,0.010501878816077595,0.01
,1e-05,0.010501878816077595,0.01
,1e-05,0.010501878816077595,0.01
,1e-05,0.010501878816077595,0.01
,1e-05,0.010501878816077595,0.01
,1e-05,0.010501878816077595,0.01
,1e-05,0.010501878816077595,0.01
,1e-05,0.010501878816077595,0.01
,1e-05,0.010501878816077595,0.01
,1e-05,0.010501878816077595,0.01
,1e-05,0.010501878816077595,0.01
,1e-05,0.010501878816077595,0.01
,1e-05,0.010501878816077595,0.01
,1e-05,0.010501878816077595,0.01
,1e-05,0.010501878816077595,0.01
,1e-05,0.010502229532218408,0.01
,1e-05,0.010502796412147578,0.01
,1e-05,0.010503498944314724,0.01
,1e-05,0.01050428362906152,0.01
,1e-05,0.010505106309701773,0.01
,1e-05,0.010505923336977191,0.01
,1e-05,0.010506650505623574,0.01
,1e-05,0.010507285197345461,0.01
,1e-05,0.010507772811118537,0.01
,1e-05,0.01050802338748301,0.01
,1e-05,0.01050802338748301,0.01
,1e-05,0.01050802338748301,0.01
,1e-05,0.01050802338748301,0.01
,1e-05,0.01050802338748301,0.01
,1e-05,0.01050802338748301,0.01
,1e-05,0.01050802338748301,0.01
,1e-05,0.01050802338748301,0.01
,1e-05,0.01050802338748301,0.01
,1e-05,0.01050802338748301,0.01
,1e-05,0.01050802338748301,0.01
,1e-05,0.01050802338748301,0.01
,1e-05,0.01050802338748301,0.01
,1e-05,0.01050802338748301,0.01
,1e-05,0.01050802338748301,0.01
,1e-05,0.010508353511436424,0.01
,1e-05,0.01050890824089618,0.01
,1e-05,0.01050960285876489,0.01
,1e-05,0.0105103848749281,0.01
,1e-05,0.010511209068325363,0.01
,1e-05,0.010512028125305103,0.01
,1e-05,0.01051279991848904,0.01
,1e-05,0.01051348178800573,0.01
,1e-05,0.010514022221179718,0.01
,1e-05,0.010514329643941554,0.01
,1e-05,0.010514329643941554,0.01
,1e-05,0.010514329643941554,0.01
,1e-05,0.010514329643941554,0.01
,1e-05,0.010514329643941554,0.01
,1e-05,0.010514329643941554,0.01
,1e-05,0.010514329643941554,0.01
,1e-05,0.010514329643941554,0.01
,1e-05,0.010514329643941554,0.01
,1e-05,0.010514329643941554,0.01
,1e-05,0.010514329643941554,0.01
,1e-05,0.010514329643941554,0.01
,1e-05,0.010514329643941554,0.01
,1e-05,0.010514329643941554,0.01
,1e-05,0.010514329643941554,0.01
,1e-05,0.010514646438997369,0.01
,1e-05,0.010515192133447022,0.01
,1e-05,0.0105158788385563,0.01
,1e-05,0.010516652472249276,0.01
,1e-05,0.010517471428580477,0.01
,1e-05,0.010517778951122776,0.01
,1e-05,0.01051856937456607,0.01
,1e-05,0.01051926930779622,0.01
,1e-05,0.010519824607368113,0.01
,1e-05,0.010520143127599779,0.01
,1e-05,0.010520143127599779,0.01
,1e-05,0.010520143127599779,0.01
,1e-05,0.010520143127599779,0.01
,1e-05,0.010520143127599779,0.01
,1e-05,0.010520143127599779,0.01
,1e-05,0.010520143127599779,0.01
,1e-05,0.010520143127599779,0.01
,1e-05,0.010520143127599779,0.01
,1e-05,0.010520143127599779,0.01
,1e-05,0.010520143127599779,0.01
,1e-05,0.010520143127599779,0.01
,1e-05,0.010520143127599779,0.01
,1e-05,0.010520143127599779,0.01
,1e-05,0.010520143127599779,0.01
,1e-05,0.010520484558206469,0.01
,1e-05,0.010521051372032247,0.01
,1e-05,0.010521757714880224,0.01
,1e-05,0.010522544269732615,0.01
,1e-05,0.010523366803538829,0.01
,1e-05,0.010524187839063814,0.01
,1e-05,0.0105249480194034,0.01
,1e-05,0.010525612964380647,0.01
,1e-05,0.010526131101896343,0.01
,1e-05,0.010526246191311251,0.01
,1e-05,0.010526246191311251,0.01
,1e-05,0.010526246191311251,0.01
,1e-05,0.010526246191311251,0.01
,1e-05,0.010526246191311251,0.01
,1e-05,0.010526246191311251,0.01
,1e-05,0.010526246191311251,0.01
,1e-05,0.010526246191311251,0.01
,1e-05,0.010526246191311251,0.01
,1e-05,0.010526246191311251,0.01
,1e-05,0.010526246191311251,0.01
,1e-05,0.010526246191311251,0.01
,1e-05,0.010526246191311251,0.01
,1e-05,0.010526246191311251,0.01
,1e-05,0.010526246191311251,0.01
,1e-05,0.010526546676880242,0.01
,1e-05,0.010527078400330256,0.01
,1e-05,0.01052775076985004,0.01
,1e-05,0.010528511204808091,0.01
,1e-05,0.010529073758537549,0.01
,1e-05,0.010529642072022023,0.01
,1e-05,0.010530385451169471,0.01
,1e-05,0.010531037190671381,0.01
,1e-05,0.010531544130212197,0.01
,1e-05,0.010531800477727626,0.01
,1e-05,0.010531800477727626,0.01
,1e-05,0.010531800477727626,0.01
,1e-05,0.010531800477727626,0.01
,1e-05,0.010531800477727626,0.01
,1e-05,0.010531800477727626,0.01
,1e-05,0.010531800477727626,0.01
,1e-05,0.010531800477727626,0.01
,1e-05,0.010531800477727626,0.01
,1e-05,0.010531800477727626,0.01
,1e-05,0.010531800477727626,0.01
,1e-05,0.010531800477727626,0.01
,1e-05,0.010531800477727626,0.01
,1e-05,0.010531800477727626,0.01
,1e-05,0.010531800477727626,0.01
,1e-05,0.010532052142019629,0.01
,1e-05,0.010532546624544163,0.01
,1e-05,0.010533187032606858,0.01
,1e-05,0.010533918152672956,0.01
,1e-05,0.010534692578208727,0.01
,1e-05,0.010535471229557164,0.01
,1e-05,0.010535759466293003,0.01
,1e-05,0.01053582305731216,0.01
,1e-05,0.010536225455344467,0.01
,1e-05,0.010536360983118777,0.01
,1e-05,0.010536360983118777,0.01
,1e-05,0.010536360983118777,0.01
,1e-05,0.010536360983118777,0.01
,1e-05,0.010536360983118777,0.01
,1e-05,0.010536360983118777,0.01
,1e-05,0.010536360983118777,0.01
,1e-05,0.010536360983118777,0.01
,1e-05,0.010536360983118777,0.01
,1e-05,0.010536360983118777,0.01
,1e-05,0.010536360983118777,0.01
,1e-05,0.010536360983118777,0.01
,1e-05,0.010536360983118777,0.01
,1e-05,0.010536360983118777,0.01
,1e-05,0.010536360983118777,0.01
,1e-05,0.010536479310796789,0.01
,1e-05,0.01053700475407728,0.01
,1e-05,0.010537670452663071,0.01
,1e-05,0.010538425861858346,0.01
,1e-05,0.01053921990588907,0.01
,1e-05,0.010540012444890045,0.01
,1e-05,0.010540150106641734,0.01
,1e-05,0.010540165750224748,0.01
,1e-05,0.01054017722220247,0.01
,1e-05,0.010540188694192544,0.01
,1e-05,0.010540188694192544,0.01
,1e-05,0.010540188694192544,0.01
,1e-05,0.010540188694192544,0.01
,1e-05,0.010540188694192544,0.01
,1e-05,0.010540188694192544,0.01
,1e-05,0.010540188694192544,0.01
,1e-05,0.010540188694192544,0.01
,1e-05,0.010540188694192544,0.01
,1e-05,0.010540188694192544,0.01
,1e-05,0.010540188694192544,0.01
,1e-05,0.010540188694192544,0.01
,1e-05,0.010540188694192544,0.01
,1e-05,0.010540188694192544,0.01
,1e-05,0.010540188694192544,0.01
,1e-05,0.01054020433783222,0.01
,1e-05,0.010540569356627281,0.01
,1e-05,0.010540658007086192,0.01
,1e-05,0.010540684080967533,0.01
,1e-05,0.010540828009144762,0.01
,1e-05,0.010540948993884629,0.01
,1e-05,0.010541285356140398,0.01
,1e-05,0.010541529943548556,0.01
,1e-05,0.010541585224700833,0.01
,1e-05,0.01054159774125308,0.01
,1e-05,0.01054159774125308,0.01
,1e-05,0.01054159774125308,0.01
,1e-05,0.01054159774125308,0.01
,1e-05,0.01054159774125308,0.01
,1e-05,0.01054159774125308,0.01
,1e-05,0.01054159774125308,0.01
,1e-05,0.01054159774125308,0.01
,1e-05,0.01054159774125308,0.01
,1e-05,0.01054159774125308,0.01
,1e-05,0.01054159774125308,0.01
,1e-05,0.01054159774125308,0.01
,1e-05,0.01054159774125308,0.01
,1e-05,0.01054159774125308,0.01
,1e-05,0.01054159774125308,0.01
,1e-05,0.010541620688292487,0.01
,1e-05,0.010542111443078546,0.01
,1e-05,0.010542749297219938,0.01
,1e-05,0.010543480030781338,0.01
,1e-05,0.010544254630174516,0.01
,1e-05,0.010545024590985863,0.01
,1e-05,0.010545122668960108,0.01
,1e-05,0.010545205096952257,0.01
,1e-05,0.010545663671416912,0.01
,1e-05,0.010545846274338272,0.01
,1e-05,0.010545846274338272,0.01
,1e-05,0.010545846274338272,0.01
,1e-05,0.010545846274338272,0.01
,1e-05,0.010545846274338272,0.01
,1e-05,0.010545846274338272,0.01
,1e-05,0.010545846274338272,0.01
,1e-05,0.010545846274338272,0.01
,1e-05,0.010545846274338272,0.01
,1e-05,0.010545846274338272,0.01
,1e-05,0.010545846274338272,0.01
,1e-05,0.010545846274338272,0.01
,1e-05,0.010545846274338272,0.01
,1e-05,0.010545846274338272,0.01
,1e-05,0.010545846274338272,0.01
,1e-05,0.010545865056674793,0.01
,1e-05,0.010545932881898408,0.01
,1e-05,0.010546177054257056,0.01
,1e-05,0.010546445232605794,0.01
,1e-05,0.010546797421204032,0.01
,1e-05,0.010547209104144079,0.01
,1e-05,0.010547415214462393,0.01
,1e-05,0.010548043471730648,0.01
,1e-05,0.010548512605092814,0.01
,1e-05,0.010548709868956917,0.01
,1e-05,0.010548709868956917,0.01
,1e-05,0.010548709868956917,0.01
,1e-05,0.010548709868956917,0.01
,1e-05,0.010548709868956917,0.01
,1e-05,0.010548709868956917,0.01
,1e-05,0.010548709868956917,0.01
,1e-05,0.010548709868956917,0.01
,1e-05,0.010548709868956917,0.01
,1e-05,0.010548709868956917,0.01
,1e-05,0.010548709868956917,0.01
,1e-05,0.010548709868956917,0.01
,1e-05,0.010548709868956917,0.01
,1e-05,0.010548709868956917,0.01
,1e-05,0.010548709868956917,0.01
,1e-05,0.010548728656339178,0.01
,1e-05,0.01054885860262878,0.01
,1e-05,0.010549247402490664,0.01
,1e-05,0.01054970145378467,0.01
,1e-05,0.010550182664266834,0.01
,1e-05,0.010550593434049634,0.01
,1e-05,0.010551014136969647,0.01
,1e-05,0.010551246942061946,0.01
,1e-05,0.010551358649185938,0.01
,1e-05,0.010551376397232654,0.01
,1e-05,0.010551376397232654,0.01
,1e-05,0.010551376397232654,0.01
,1e-05,0.010551376397232654,0.01
,1e-05,0.010551376397232654,0.01
,1e-05,0.010551376397232654,0.01
,1e-05,0.010551376397232654,0.01
,1e-05,0.010551376397232654,0.01
,1e-05,0.010551376397232654,0.01
,1e-05,0.010551376397232654,0.01
,1e-05,0.010551376397232654,0.01
,1e-05,0.010551376397232654,0.01
,1e-05,0.010551376397232654,0.01
,1e-05,0.010551376397232654,0.01
,1e-05,0.010551376397232654,0.01
,1e-05,0.010551384749268537,0.01
,1e-05,0.010551395189321565,0.01
,1e-05,0.010551440081593536,0.01
,1e-05,0.010551487062075909,0.01
,1e-05,0.010551538218826505,0.01
,1e-05,0.010551658281163995,0.01
,1e-05,0.010551855603226901,0.01
,1e-05,0.010551970448880314,0.01
,1e-05,0.010552032048575887,0.01
,1e-05,0.010552222069073249,0.01
,1e-05,0.010552222069073249,0.01
,1e-05,0.010552222069073249,0.01
,1e-05,0.010552222069073249,0.01
,1e-05,0.010552222069073249,0.01
,1e-05,0.010552222069073249,0.01
,1e-05,0.010552222069073249,0.01
,1e-05,0.010552222069073249,0.01
,1e-05,0.010552222069073249,0.01
,1e-05,0.010552222069073249,0.01
,1e-05,0.010552222069073249,0.01
,1e-05,0.010552222069073249,0.01
,1e-05,0.010552222069073249,0.01
,1e-05,0.010552222069073249,0.01
,1e-05,0.010552222069073249,0.01
,1e-05,0.01055243245265772,0.01
,1e-05,0.010552926315676541,0.01
,1e-05,0.010553575258758685,0.01
,1e-05,0.010554317698987285,0.01
,1e-05,0.010555097263269626,0.01
,1e-05,0.010555877406702347,0.01
,1e-05,0.010555972451205162,0.01
,1e-05,0.010556089952324002,0.01
,1e-05,0.010556135908823238,0.01
,1e-05,0.010556143220115971,0.01
,1e-05,0.010556143220115971,0.01
,1e-05,0.010556143220115971,0.01
,1e-05,0.010556143220115971,0.01
,1e-05,0.010556143220115971,0.01
,1e-05,0.010556143220115971,0.01
,1e-05,0.010556143220115971,0.01
,1e-05,0.010556143220115971,0.01
,1e-05,0.010556143220115971,0.01
,1e-05,0.010556143220115971,0.01
,1e-05,0.010556143220115971,0.01
,1e-05,0.010556143220115971,0.01
,1e-05,0.010556143220115971,0.01
,1e-05,0.010556143220115971,0.01
,1e-05,0.010556143220115971,0.01
,1e-05,0.010556318691261786,0.01
,1e-05,0.01055647484226005,0.01
,1e-05,0.010556763647496633,0.01
,1e-05,0.01055721331845327,0.01
,1e-05,0.010558003540088743,0.01
,1e-05,0.010558794864895419,0.01
,1e-05,0.010558895159039891,0.01
,1e-05,0.01055904037796789,0.01
,1e-05,0.010559079033891954,0.01
,1e-05,0.010559084257684396,0.01
,1e-05,0.010559084257684396,0.01
,1e-05,0.010559084257684396,0.01
,1e-05,0.010559084257684396,0.01
,1e-05,0.010559084257684396,0.01
,1e-05,0.010559084257684396,0.01
,1e-05,0.010559084257684396,0.01
,1e-05,0.010559084257684396,0.01
,1e-05,0.010559084257684396,0.01
,1e-05,0.010559084257684396,0.01
,1e-05,0.010559084257684396,0.01
,1e-05,0.010559084257684396,0.01
,1e-05,0.010559084257684396,0.01
,1e-05,0.010559084257684396,0.01
,1e-05,0.010559084257684396,0.01
,1e-05,0.01055922059873386,0.01
,1e-05,0.010559659403119141,0.01
,1e-05,0.010560263306362333,0.01
,1e-05,0.010560963372220065,0.01
,1e-05,0.01056171364125277,0.01
,1e-05,0.010562466575557889,0.01
,1e-05,0.0105630779532591,0.01
,1e-05,0.010563498103532465,0.01
,1e-05,0.010563647565854208,0.01
,1e-05,0.010563659063116815,0.01
,1e-05,0.010563659063116815,0.01
,1e-05,0.010563659063116815,0.01
,1e-05,0.010563659063116815,0.01
,1e-05,0.010563659063116815,0.01
,1e-05,0.010563659063116815,0.01
,1e-05,0.010563659063116815,0.01
,1e-05,0.010563659063116815,0.01
,1e-05,0.010563659063116815,0.01
,1e-05,0.010563659063116815,0.01
,1e-05,0.010563659063116815,0.01
,1e-05,0.010563659063116815,0.01
,1e-05,0.010563659063116815,0.01
,1e-05,0.010563659063116815,0.01
,1e-05,0.010563659063116815,0.01
,1e-05,0.010563665334357717,0.01
,1e-05,0.010563697735788075,0.01
,1e-05,0.010563900506644979,0.01
,1e-05,0.010563993532155142,0.01
,1e-05,0.010564104327548214,0.01
,1e-05,0.01056413359455949,0.01
,1e-05,0.010564366686038164,0.01
,1e-05,0.010564442991192314,0.01
,1e-05,0.010564499436504206,0.01
,1e-05,0.010564614418302875,0.01
,1e-05,0.010564614418302875,0.01
,1e-05,0.010564614418302875,0.01
,1e-05,0.010564614418302875,0.01
,1e-05,0.010564614418302875,0.01
,1e-05,0.010564614418302875,0.01
,1e-05,0.010564614418302875,0.01
,1e-05,0.010564614418302875,0.01
,1e-05,0.010564614418302875,0.01
,1e-05,0.010564614418302875,0.01
,1e-05,0.010564614418302875,0.01
,1e-05,0.010564614418302875,0.01
,1e-05,0.010564614418302875,0.01
,1e-05,0.010564614418302875,0.01
,1e-05,0.010564614418302875,0.01
,1e-05,0.010564614418302875,0.01
,1e-05,0.010564634279009222,0.01
,1e-05,0.010564672955193513,0.01
,1e-05,0.010564815116818225,0.01
,1e-05,0.010564922784776148,0.01
,1e-05,0.010565082720345575,0.01
,1e-05,0.010565172620116603,0.01
,1e-05,0.010565224887865342,0.01
,1e-05,0.010565251021867618,0.01
,1e-05,0.010565254157955567,0.01
,1e-05,0.010565254157955567,0.01
,1e-05,0.010565254157955567,0.01
,1e-05,0.010565254157955567,0.01
,1e-05,0.010565254157955567,0.01
,1e-05,0.010565254157955567,0.01
,1e-05,0.010565254157955567,0.01
,1e-05,0.010565254157955567,0.01
,1e-05,0.010565254157955567,0.01
,1e-05,0.010565254157955567,0.01
,1e-05,0.010565254157955567,0.01
,1e-05,0.010565254157955567,0.01
,1e-05,0.010565254157955567,0.01
,1e-05,0.010565254157955567,0.01
,1e-05,0.010565254157955567,0.01
,1e-05,0.010565254157955567,0.01
,1e-05,0.010565314789007029,0.01
,1e-05,0.010565575608545394,0.01
,1e-05,0.010565874591350104,0.01
,1e-05,0.010566222194726546,0.01
,1e-05,0.01056668219612085,0.01
,1e-05,0.010566952458579746,0.01
,1e-05,0.01056712601642652,0.01
,1e-05,0.010567218024490925,0.01
,1e-05,0.010567370152771472,0.01
,1e-05,0.010567370152771472,0.01
,1e-05,0.010567370152771472,0.01
,1e-05,0.010567370152771472,0.01
,1e-05,0.010567370152771472,0.01
,1e-05,0.010567370152771472,0.01
,1e-05,0.010567370152771472,0.01
,1e-05,0.010567370152771472,0.01
,1e-05,0.010567370152771472,0.01
,1e-05,0.010567370152771472,0.01
,1e-05,0.010567370152771472,0.01
,1e-05,0.010567370152771472,0.01
,1e-05,0.010567370152771472,0.01
,1e-05,0.010567370152771472,0.01
,1e-05,0.010567370152771472,0.01
,1e-05,0.010567370152771472,0.01
,1e-05,0.01056742347684576,0.01
,1e-05,0.010567686439034664,0.01
,1e-05,0.010568359806107153,0.01
,1e-05,0.010569084453308846,0.01
,1e-05,0.01056958065593799,0.01
,1e-05,0.010570305908849435,0.01
,1e-05,0.01057093812968049,0.01
,1e-05,0.010571415591859052,0.01
,1e-05,0.01057160334276977,0.01
,1e-05,0.01057160334276977,0.01
,1e-05,0.01057160334276977,0.01
,1e-05,0.01057160334276977,0.01
,1e-05,0.01057160334276977,0.01
,1e-05,0.01057160334276977,0.01
,1e-05,0.01057160334276977,0.01
,1e-05,0.01057160334276977,0.01
,1e-05,0.01057160334276977,0.01
,1e-05,0.01057160334276977,0.01
,1e-05,0.01057160334276977,0.01
,1e-05,0.01057160334276977,0.01
,1e-05,0.01057160334276977,0.01
,1e-05,0.01057160334276977,0.01
,1e-05,0.01057160334276977,0.01
,1e-05,0.01057160334276977,0.01
,1e-05,0.010571784821072634,0.01
,1e-05,0.010572075086688316,0.01
,1e-05,0.010572394649046241,0.01
,1e-05,0.010572929186683296,0.01
,1e-05,0.010573404645603334,0.01
,1e-05,0.010573675078163926,0.01
,1e-05,0.010574296513388853,0.01
,1e-05,0.010574764186279121,0.01
,1e-05,0.01057494781085065,0.01
,1e-05,0.01057494781085065,0.01
,1e-05,0.01057494781085065,0.01
,1e-05,0.01057494781085065,0.01
,1e-05,0.01057494781085065,0.01
,1e-05,0.01057494781085065,0.01
,1e-05,0.01057494781085065,0.01
,1e-05,0.01057494781085065,0.01
,1e-05,0.01057494781085065,0.01
,1e-05,0.01057494781085065,0.01
,1e-05,0.01057494781085065,0.01
,1e-05,0.01057494781085065,0.01
,1e-05,0.01057494781085065,0.01
,1e-05,0.01057494781085065,0.01
,1e-05,0.01057494781085065,0.01
,1e-05,0.01057494781085065,0.01
,1e-05,0.010575379414480097,0.01
,1e-05,0.010575724711325334,0.01
,1e-05,0.010576224884729974,0.01
,1e-05,0.01057677635694212,0.01
,1e-05,0.010577195999759289,0.01
,1e-05,0.010577294373757179,0.01
,1e-05,0.010577381236703483,0.01
,1e-05,0.010577504729606349,0.01
,1e-05,0.010577511008979024,0.01
,1e-05,0.010577511008979024,0.01
,1e-05,0.010577511008979024,0.01
,1e-05,0.010577511008979024,0.01
,1e-05,0.010577511008979024,0.01
,1e-05,0.010577511008979024,0.01
,1e-05,0.010577511008979024,0.01
,1e-05,0.010577511008979024,0.01
,1e-05,0.010577511008979024,0.01
,1e-05,0.010577511008979024,0.01
,1e-05,0.010577511008979024,0.01
,1e-05,0.010577511008979024,0.01
,1e-05,0.010577511008979024,0.01
,1e-05,0.010577511008979024,0.01
,1e-05,0.010577511008979024,0.01
,1e-05,0.010577511008979024,0.01
,1e-05,0.010577528800545383,0.01
,1e-05,0.010577571709688592,0.01
,1e-05,0.010577614619004007,0.01
,1e-05,0.010577742300894,0.01
,1e-05,0.010577786257479408,0.01
,1e-05,0.010578486425968328,0.01
,1e-05,0.010579084591132538,0.01
,1e-05,0.010579501707759818,0.01
,1e-05,0.010579511128578084,0.01
,1e-05,0.010579511128578084,0.01
,1e-05,0.010579511128578084,0.01
,1e-05,0.010579511128578084,0.01
,1e-05,0.010579511128578084,0.01
,1e-05,0.010579511128578084,0.01
,1e-05,0.010579511128578084,0.01
,1e-05,0.010579511128578084,0.01
,1e-05,0.010579511128578084,0.01
,1e-05,0.010579511128578084,0.01
,1e-05,0.010579511128578084,0.01
,1e-05,0.010579511128578084,0.01
,1e-05,0.010579511128578084,0.01
,1e-05,0.010579511128578084,0.01
,1e-05,0.010579511128578084,0.01
,1e-05,0.010579511128578084,0.01
,1e-05,0.010579919364395925,0.01
,1e-05,0.010580501907742845,0.01
,1e-05,0.01058117765296081,0.01
,1e-05,0.010581733568348062,0.01
,1e-05,0.010582485297150744,0.01
,1e-05,0.010583212473118924,0.01
,1e-05,0.01058384964613101,0.01
,1e-05,0.010584332921167323,0.01
,1e-05,0.01058452561157597,0.01
,1e-05,0.01058452561157597,0.01
,1e-05,0.01058452561157597,0.01
,1e-05,0.01058452561157597,0.01
,1e-05,0.01058452561157597,0.01
,1e-05,0.01058452561157597,0.01
,1e-05,0.01058452561157597,0.01
,1e-05,0.01058452561157597,0.01
,1e-05,0.01058452561157597,0.01
,1e-05,0.01058452561157597,0.01
,1e-05,0.01058452561157597,0.01
,1e-05,0.01058452561157597,0.01
,1e-05,0.01058452561157597,0.01
,1e-05,0.01058452561157597,0.01
,1e-05,0.01058452561157597,0.01
,1e-05,0.01058452561157597,0.01
,1e-05,0.010584623529389532,0.01
,1e-05,0.010584951321433812,0.01
,1e-05,0.010585636249756116,0.01
,1e-05,0.010586032674780121,0.01
,1e-05,0.010586332230281709,0.01
,1e-05,0.010586350036526769,0.01
,1e-05,0.01058637936450861,0.01
,1e-05,0.010586400313124484,0.01
,1e-05,0.010586405550288705,0.01
,1e-05,0.010586405550288705,0.01
,1e-05,0.010586405550288705,0.01
,1e-05,0.010586405550288705,0.01
,1e-05,0.010586405550288705,0.01
,1e-05,0.010586405550288705,0.01
,1e-05,0.010586405550288705,0.01
,1e-05,0.010586405550288705,0.01
,1e-05,0.010586405550288705,0.01
,1e-05,0.010586405550288705,0.01
,1e-05,0.010586405550288705,0.01
,1e-05,0.010586405550288705,0.01
,1e-05,0.010586405550288705,0.01
,1e-05,0.010586405550288705,0.01
,1e-05,0.010586405550288705,0.01
,1e-05,0.010586405550288705,0.01
,1e-05,0.010586695689328534,0.01
,1e-05,0.01058681771862315,0.01
,1e-05,0.010587139293049334,0.01
,1e-05,0.010587195858328917,0.01
,1e-05,0.01058721157098963,0.01
,1e-05,0.010587954257176449,0.01
,1e-05,0.01058833976843738,0.01
,1e-05,0.010588835817777751,0.01
,1e-05,0.010589042732847134,0.01
,1e-05,0.010589042732847134,0.01
,1e-05,0.010589042732847134,0.01
,1e-05,0.010589042732847134,0.01
,1e-05,0.010589042732847134,0.01
,1e-05,0.010589042732847134,0.01
,1e-05,0.010589042732847134,0.01
,1e-05,0.010589042732847134,0.01
,1e-05,0.010589042732847134,0.01
,1e-05,0.010589042732847134,0.01
,1e-05,0.010589042732847134,0.01
,1e-05,0.010589042732847134,0.01
,1e-05,0.010589042732847134,0.01
,1e-05,0.010589042732847134,0.01
,1e-05,0.010589042732847134,0.01
,1e-05,0.010589042732847134,0.01
,1e-05,0.010589447665608284,0.01
,1e-05,0.010590043300753627,0.01
,1e-05,0.010590750558617773,0.01
,1e-05,0.010591506064708838,0.01
,1e-05,0.010592270531545206,0.01
,1e-05,0.010592856891704335,0.01
,1e-05,0.010593374111696686,0.01
,1e-05,0.010593849956112648,0.01
,1e-05,0.010594045438331229,0.01
,1e-05,0.010594045438331229,0.01
,1e-05,0.010594045438331229,0.01
,1e-05,0.010594045438331229,0.01
,1e-05,0.010594045438331229,0.01
,1e-05,0.010594045438331229,0.01
,1e-05,0.010594045438331229,0.01
,1e-05,0.010594045438331229,0.01
,1e-05,0.010594045438331229,0.01
,1e-05,0.010594045438331229,0.01
,1e-05,0.010594045438331229,0.01
,1e-05,0.010594045438331229,0.01
,1e-05,0.010594045438331229,0.01
,1e-05,0.010594045438331229,0.01
,1e-05,0.010594045438331229,0.01
,1e-05,0.010594045438331229,0.01
,1e-05,0.010594187466878945,0.01
,1e-05,0.010594255599558226,0.01
,1e-05,0.010594369853547317,0.01
,1e-05,0.010594839977041083,0.01
,1e-05,0.010595124055212277,0.01
,1e-05,0.010595634046711358,0.01
,1e-05,0.01059606910642467,0.01
,1e-05,0.010596265677532657,0.01
,1e-05,0.01059628035511142,0.01
,1e-05,0.01059628035511142,0.01
,1e-05,0.01059628035511142,0.01
,1e-05,0.01059628035511142,0.01
,1e-05,0.01059628035511142,0.01
,1e-05,0.01059628035511142,0.01
,1e-05,0.01059628035511142,0.01
,1e-05,0.01059628035511142,0.01
,1e-05,0.01059628035511142,0.01
,1e-05,0.01059628035511142,0.01
,1e-05,0.01059628035511142,0.01
,1e-05,0.01059628035511142,0.01
,1e-05,0.01059628035511142,0.01
,1e-05,0.01059628035511142,0.01
,1e-05,0.01059628035511142,0.01
,1e-05,0.01059628035511142,0.01
,1e-05,0.010596292935910459,0.01
,1e-05,0.010596301323119669,0.01
,1e-05,0.01059635584002222,0.01
,1e-05,0.010596363178873379,0.01
,1e-05,0.010596413502458657,0.01
,1e-05,0.01059641979293637,0.01
,1e-05,0.010596455438997685,0.01
,1e-05,0.010596492133594683,0.01
,1e-05,0.010596667744053358,0.01
,1e-05,0.010596667744053358,0.01
,1e-05,0.010596667744053358,0.01
,1e-05,0.010596667744053358,0.01
,1e-05,0.010596667744053358,0.01
,1e-05,0.010596667744053358,0.01
,1e-05,0.010596667744053358,0.01
,1e-05,0.010596667744053358,0.01
,1e-05,0.010596667744053358,0.01
,1e-05,0.010596667744053358,0.01
,1e-05,0.010596667744053358,0.01
,1e-05,0.010596667744053358,0.01
,1e-05,0.010596667744053358,0.01
,1e-05,0.010596667744053358,0.01
,1e-05,0.010596667744053358,0.01
,1e-05,0.010596667744053358,0.01
,1e-05,0.010596679276869572,0.01
,1e-05,0.010596741134768597,0.01
,1e-05,0.01059680508991489,0.01
,1e-05,0.010596820816684109,0.01
,1e-05,0.010596837591929238,0.01
,1e-05,0.0105975432017825,0.01
,1e-05,0.01059816025787872,0.01
,1e-05,0.010598632120645287,0.01
,1e-05,0.01059883712783214,0.01
,1e-05,0.01059883712783214,0.01
,1e-05,0.01059883712783214,0.01
,1e-05,0.01059883712783214,0.01
,1e-05,0.01059883712783214,0.01
,1e-05,0.01059883712783214,0.01
,1e-05,0.01059883712783214,0.01
,1e-05,0.01059883712783214,0.01
,1e-05,0.01059883712783214,0.01
,1e-05,0.01059883712783214,0.01
,1e-05,0.01059883712783214,0.01
,1e-05,0.01059883712783214,0.01
,1e-05,0.01059883712783214,0.01
,1e-05,0.01059883712783214,0.01
,1e-05,0.01059883712783214,0.01
,1e-05,0.01059883712783214,0.01
,1e-05,0.010599215690546376,0.01
,1e-05,0.010599784603369588,0.01
,1e-05,0.010600465237522703,0.01
,1e-05,0.010601198355389365,0.01
,1e-05,0.010601940438905494,0.01
,1e-05,0.010602500580303998,0.01
,1e-05,0.010602609677214641,0.01
,1e-05,0.010602768603658972,0.01
,1e-05,0.010602993097146867,0.01
,1e-05,0.010602993097146867,0.01
,1e-05,0.010602993097146867,0.01
,1e-05,0.010602993097146867,0.01
,1e-05,0.010602993097146867,0.01
,1e-05,0.010602993097146867,0.01
,1e-05,0.010602993097146867,0.01
,1e-05,0.010602993097146867,0.01
,1e-05,0.010602993097146867,0.01
,1e-05,0.010602993097146867,0.01
,1e-05,0.010602993097146867,0.01
,1e-05,0.010602993097146867,0.01
,1e-05,0.010602993097146867,0.01
,1e-05,0.010602993097146867,0.01
,1e-05,0.010602993097146867,0.01
,1e-05,0.010602993097146867,0.01
,1e-05,0.010603363938783448,0.01
,1e-05,0.010603928350957971,0.01
,1e-05,0.010604605051743985,0.01
,1e-05,0.010605342125099077,0.01
,1e-05,0.010605521553156302,0.01
,1e-05,0.010606067716120743,0.01
,1e-05,0.01060653258167238,0.01
,1e-05,0.010606683695762675,0.01
,1e-05,0.010606739314927047,0.01
,1e-05,0.010606739314927047,0.01
,1e-05,0.010606739314927047,0.01
,1e-05,0.010606739314927047,0.01
,1e-05,0.010606739314927047,0.01
,1e-05,0.010606739314927047,0.01
,1e-05,0.010606739314927047,0.01
,1e-05,0.010606739314927047,0.01
,1e-05,0.010606739314927047,0.01
,1e-05,0.010606739314927047,0.01
,1e-05,0.010606739314927047,0.01
,1e-05,0.010606739314927047,0.01
,1e-05,0.010606739314927047,0.01
,1e-05,0.010606739314927047,0.01
,1e-05,0.010606739314927047,0.01
,1e-05,0.010606739314927047,0.01
,1e-05,0.010606771847059875,0.01
,1e-05,0.010606861048339898,0.01
,1e-05,0.010606964942459815,0.01
,1e-05,0.010607083529826596,0.01
,1e-05,0.010607377377879243,0.01
,1e-05,0.01060773787635195,0.01
,1e-05,0.010608097337423692,0.01
,1e-05,0.010608568063541225,0.01
,1e-05,0.010608791628902419,0.01
,1e-05,0.010608791628902419,0.01
,1e-05,0.010608791628902419,0.01
,1e-05,0.010608791628902419,0.01
,1e-05,0.010608791628902419,0.01
,1e-05,0.010608791628902419,0.01
,1e-05,0.010608791628902419,0.01
,1e-05,0.010608791628902419,0.01
,1e-05,0.010608791628902419,0.01
,1e-05,0.010608791628902419,0.01
,1e-05,0.010608791628902419,0.01
,1e-05,0.010608791628902419,0.01
,1e-05,0.010608791628902419,0.01
,1e-05,0.010608791628902419,0.01
,1e-05,0.010608791628902419,0.01
,1e-05,0.010608791628902419,0.01
,1e-05,0.010608818919139859,0.01
,1e-05,0.010608864053108943,0.01
,1e-05,0.010608931229531706,0.01
,1e-05,0.010608948023742598,0.01
,1e-05,0.010609153228328299,0.01
,1e-05,0.010609181569145858,0.01
,1e-05,0.010609218307339782,0.01
,1e-05,0.010609235102000254,0.01
,1e-05,0.01060924979735118,0.01
,1e-05,0.01060924979735118,0.01
,1e-05,0.01060924979735118,0.01
,1e-05,0.01060924979735118,0.01
,1e-05,0.01060924979735118,0.01
,1e-05,0.01060924979735118,0.01
,1e-05,0.01060924979735118,0.01
,1e-05,0.01060924979735118,0.01
,1e-05,0.01060924979735118,0.01
,1e-05,0.01060924979735118,0.01
,1e-05,0.01060924979735118,0.01
,1e-05,0.01060924979735118,0.01
,1e-05,0.01060924979735118,0.01
,1e-05,0.01060924979735118,0.01
,1e-05,0.01060924979735118,0.01
,1e-05,0.01060924979735118,0.01
,1e-05,0.010609264492722242,0.01
,1e-05,0.010609332721324239,0.01
,1e-05,0.010609484399719817,0.01
,1e-05,0.010609573623567362,0.01
,1e-05,0.01060965025174453,0.01
,1e-05,0.010610401843071576,0.01
,1e-05,0.010611070029391961,0.01
,1e-05,0.010611198635713434,0.01
,1e-05,0.01061144797748954,0.01
,1e-05,0.01061144797748954,0.01
,1e-05,0.01061144797748954,0.01
,1e-05,0.01061144797748954,0.01
,1e-05,0.01061144797748954,0.01
,1e-05,0.01061144797748954,0.01
,1e-05,0.01061144797748954,0.01
,1e-05,0.01061144797748954,0.01
,1e-05,0.01061144797748954,0.01
,1e-05,0.01061144797748954,0.01
,1e-05,0.01061144797748954,0.01
,1e-05,0.01061144797748954,0.01
,1e-05,0.01061144797748954,0.01
,1e-05,0.01061144797748954,0.01
,1e-05,0.01061144797748954,0.01
,1e-05,0.01061144797748954,0.01
,1e-05,0.01061185165808553,0.01
,1e-05,0.010612453789514583,0.01
,1e-05,0.010613173552834629,0.01
,1e-05,0.010613957417705192,0.01
,1e-05,0.010614757091801139,0.01
,1e-05,0.010615488561953388,0.01
,1e-05,0.01061613973555119,0.01
,1e-05,0.010616321970188565,0.01
,1e-05,0.010616347178866193,0.01
,1e-05,0.010616347178866193,0.01
,1e-05,0.010616347178866193,0.01
,1e-05,0.010616347178866193,0.01
,1e-05,0.010616347178866193,0.01
,1e-05,0.010616347178866193,0.01
,1e-05,0.010616347178866193,0.01
,1e-05,0.010616347178866193,0.01
,1e-05,0.010616347178866193,0.01
,1e-05,0.010616347178866193,0.01
,1e-05,0.010616347178866193,0.01
,1e-05,0.010616347178866193,0.01
,1e-05,0.010616347178866193,0.01
,1e-05,0.010616347178866193,0.01
,1e-05,0.010616347178866193,0.01
,1e-05,0.010616347178866193,0.01
,1e-05,0.010616377639423212,0.01
,1e-05,0.0106164595680505,0.01
,1e-05,0.01061657931080454,0.01
,1e-05,0.0106168702679358,0.01
,1e-05,0.010617023628559872,0.01
,1e-05,0.010617182768741806,0.01
,1e-05,0.010617361869754096,0.01
,1e-05,0.010617873970637058,0.01
,1e-05,0.010618145003112912,0.01
,1e-05,0.010618145003112912,0.01
,1e-05,0.010618145003112912,0.01
,1e-05,0.010618145003112912,0.01
,1e-05,0.010618145003112912,0.01
,1e-05,0.010618145003112912,0.01
,1e-05,0.010618145003112912,0.01
,1e-05,0.010618145003112912,0.01
,1e-05,0.010618145003112912,0.01
,1e-05,0.010618145003112912,0.01
,1e-05,0.010618145003112912,0.01
,1e-05,0.010618145003112912,0.01
,1e-05,0.010618145003112912,0.01
,1e-05,0.010618145003112912,0.01
,1e-05,0.010618145003112912,0.01
,1e-05,0.010618145003112912,0.01
,1e-05,0.010618475923212906,0.01
,1e-05,0.010618627730923149,0.01
,1e-05,0.010618773762550566,0.01
,1e-05,0.010619068456282714,0.01
,1e-05,0.01061981860637699,0.01
,1e-05,0.010620555149744935,0.01
,1e-05,0.010621214511619554,0.01
,1e-05,0.010621733626792662,0.01
,1e-05,0.010622016316536264,0.01
,1e-05,0.010622016316536264,0.01
,1e-05,0.010622016316536264,0.01
,1e-05,0.010622016316536264,0.01
,1e-05,0.010622016316536264,0.01
,1e-05,0.010622016316536264,0.01
,1e-05,0.010622016316536264,0.01
,1e-05,0.010622016316536264,0.01
,1e-05,0.010622016316536264,0.01
,1e-05,0.010622016316536264,0.01
,1e-05,0.010622016316536264,0.01
,1e-05,0.010622016316536264,0.01
,1e-05,0.010622016316536264,0.01
,1e-05,0.010622016316536264,0.01
,1e-05,0.010622016316536264,0.01
,1e-05,0.010622016316536264,0.01
,1e-05,0.010622386765451542,0.01
,1e-05,0.01062295375576386,0.01
,1e-05,0.010623638489209454,0.01
,1e-05,0.01062438843313374,0.01
,1e-05,0.010625145787487135,0.01
,1e-05,0.010625885850032475,0.01
,1e-05,0.01062654921884331,0.01
,1e-05,0.010627078054214539,0.01
,1e-05,0.010627376130176136,0.01
,1e-05,0.010627376130176136,0.01
,1e-05,0.010627376130176136,0.01
,1e-05,0.010627376130176136,0.01
,1e-05,0.010627376130176136,0.01
,1e-05,0.010627376130176136,0.01
,1e-05,0.010627376130176136,0.01
,1e-05,0.010627376130176136,0.01
,1e-05,0.010627376130176136,0.01
,1e-05,0.010627376130176136,0.01
,1e-05,0.010627376130176136,0.01
,1e-05,0.010627376130176136,0.01
,1e-05,0.010627376130176136,0.01
,1e-05,0.010627376130176136,0.01
,1e-05,0.010627376130176136,0.01
,1e-05,0.010627376130176136,0.01
,1e-05,0.01062739821048965,0.01
,1e-05,0.010627448679881414,0.01
,1e-05,0.010627698925124558,0.01
,1e-05,0.010627766219530578,0.01
,1e-05,0.01062790606659408,0.01
,1e-05,0.010628623186435005,0.01
,1e-05,0.010629260960944452,0.01
,1e-05,0.01062976416493156,0.01
,1e-05,0.010630041807719717,0.01
,1e-05,0.010630041807719717,0.01
,1e-05,0.010630041807719717,0.01
,1e-05,0.010630041807719717,0.01
,1e-05,0.010630041807719717,0.01
,1e-05,0.010630041807719717,0.01
,1e-05,0.010630041807719717,0.01
,1e-05,0.010630041807719717,0.01
,1e-05,0.010630041807719717,0.01
,1e-05,0.010630041807719717,0.01
,1e-05,0.010630041807719717,0.01
,1e-05,0.010630041807719717,0.01
,1e-05,0.010630041807719717,0.01
,1e-05,0.010630041807719717,0.01
,1e-05,0.010630041807719717,0.01
,1e-05,0.010630041807719717,0.01
,1e-05,0.010630158546908327,0.01
,1e-05,0.010630410958706954,0.01
,1e-05,0.010630826396217156,0.01
,1e-05,0.010630923160086878,0.01
,1e-05,0.010631046219594483,0.01
,1e-05,0.01063108618809737,0.01
,1e-05,0.010631137726621723,0.01
,1e-05,0.010631184006334927,0.01
,1e-05,0.010631215560820726,0.01
,1e-05,0.010631215560820726,0.01
,1e-05,0.010631215560820726,0.01
,1e-05,0.010631215560820726,0.01
,1e-05,0.010631215560820726,0.01
,1e-05,0.010631215560820726,0.01
,1e-05,0.010631215560820726,0.01
,1e-05,0.010631215560820726,0.01
,1e-05,0.010631215560820726,0.01
,1e-05,0.010631215560820726,0.01
,1e-05,0.010631215560820726,0.01
,1e-05,0.010631215560820726,0.01
,1e-05,0.010631215560820726,0.01
,1e-05,0.010631215560820726,0.01
,1e-05,0.010631215560820726,0.01
,1e-05,0.010631215560820726,0.01
,1e-05,0.010631625244430929,0.01
,1e-05,0.010632226907995665,0.01
,1e-05,0.010632945368171273,0.01
,1e-05,0.010633728573672133,0.01
,1e-05,0.0106345228829276,0.01
,1e-05,0.010635074205849433,0.01
,1e-05,0.010635392495423857,0.01
,1e-05,0.01063553086341798,0.01
,1e-05,0.010635547699284134,0.01
,1e-05,0.010635547699284134,0.01
,1e-05,0.010635547699284134,0.01
,1e-05,0.010635547699284134,0.01
,1e-05,0.010635547699284134,0.01
,1e-05,0.010635547699284134,0.01
,1e-05,0.010635547699284134,0.01
,1e-05,0.010635547699284134,0.01
,1e-05,0.010635547699284134,0.01
,1e-05,0.010635547699284134,0.01
,1e-05,0.010635547699284134,0.01
,1e-05,0.010635547699284134,0.01
,1e-05,0.010635547699284134,0.01
,1e-05,0.010635547699284134,0.01
,1e-05,0.010635547699284134,0.01
,1e-05,0.010635547699284134,0.01
,1e-05,0.010635638192206424,0.01
,1e-05,0.010635690804813386,0.01
,1e-05,0.0106357634105663,0.01
,1e-05,0.010635849696246667,0.01
,1e-05,0.01063592440761829,0.01
,1e-05,0.010636665738985347,0.01
,1e-05,0.01063733187824957,0.01
,1e-05,0.010637507105830732,0.01
,1e-05,0.010637538678882378,0.01
,1e-05,0.010637538678882378,0.01
,1e-05,0.010637538678882378,0.01
,1e-05,0.010637538678882378,0.01
,1e-05,0.010637538678882378,0.01
,1e-05,0.010637538678882378,0.01
,1e-05,0.010637538678882378,0.01
,1e-05,0.010637538678882378,0.01
,1e-05,0.010637538678882378,0.01
,1e-05,0.010637538678882378,0.01
,1e-05,0.010637538678882378,0.01
,1e-05,0.010637538678882378,0.01
,1e-05,0.010637538678882378,0.01
,1e-05,0.010637538678882378,0.01
,1e-05,0.010637538678882378,0.01
,1e-05,0.010637538678882378,0.01
,1e-05,0.010637630767220062,0.01
,1e-05,0.01063799017792448,0.01
,1e-05,0.010638739545346495,0.01
,1e-05,0.010639543171605597,0.01
,1e-05,0.010640364752699593,0.01
,1e-05,0.01064082847354215,0.01
,1e-05,0.010641293267137026,0.01
,1e-05,0.010641851780515504,0.01
,1e-05,0.010641954434392522,0.01
,1e-05,0.010641954434392522,0.01
,1e-05,0.010641954434392522,0.01
,1e-05,0.010641954434392522,0.01
,1e-05,0.010641954434392522,0.01
,1e-05,0.010641954434392522,0.01
,1e-05,0.010641954434392522,0.01
,1e-05,0.010641954434392522,0.01
,1e-05,0.010641954434392522,0.01
,1e-05,0.010641954434392522,0.01
,1e-05,0.010641954434392522,0.01
,1e-05,0.010641954434392522,0.01
,1e-05,0.010641954434392522,0.01
,1e-05,0.010641954434392522,0.01
,1e-05,0.010641954434392522,0.01
,1e-05,0.010641954434392522,0.01
,1e-05,0.010642355051550811,0.01
,1e-05,0.010642715146611114,0.01
,1e-05,0.010643432202003632,0.01
,1e-05,0.010644211433070552,0.01
,1e-05,0.010645004410758914,0.01
,1e-05,0.01064552783566702,0.01
,1e-05,0.010645898042517152,0.01
,1e-05,0.01064609026179003,0.01
,1e-05,0.010646148718558212,0.01
,1e-05,0.010646148718558212,0.01
,1e-05,0.010646148718558212,0.01
,1e-05,0.010646148718558212,0.01
,1e-05,0.010646148718558212,0.01
,1e-05,0.010646148718558212,0.01
,1e-05,0.010646148718558212,0.01
,1e-05,0.010646148718558212,0.01
,1e-05,0.010646148718558212,0.01
,1e-05,0.010646148718558212,0.01
,1e-05,0.010646148718558212,0.01
,1e-05,0.010646148718558212,0.01
,1e-05,0.010646148718558212,0.01
,1e-05,0.010646148718558212,0.01
,1e-05,0.010646148718558212,0.01
,1e-05,0.010646148718558212,0.01
,1e-05,0.010646183476825392,0.01
,1e-05,0.01064625720672117,0.01
,1e-05,0.010646406774105853,0.01
,1e-05,0.010646502624959104,0.01
,1e-05,0.010646584783565036,0.01
,1e-05,0.010647421122425308,0.01
,1e-05,0.010648183261199352,0.01
,1e-05,0.010648817982866482,0.01
,1e-05,0.010649249935113477,0.01
,1e-05,0.010649249935113477,0.01
,1e-05,0.010649249935113477,0.01
,1e-05,0.010649249935113477,0.01
,1e-05,0.010649249935113477,0.01
,1e-05,0.010649249935113477,0.01
,1e-05,0.010649249935113477,0.01
,1e-05,0.010649249935113477,0.01
,1e-05,0.010649249935113477,0.01
,1e-05,0.010649249935113477,0.01
,1e-05,0.010649249935113477,0.01
,1e-05,0.010649249935113477,0.01
,1e-05,0.010649249935113477,0.01
,1e-05,0.010649249935113477,0.01
,1e-05,0.010649249935113477,0.01
,1e-05,0.010649249935113477,0.01
,1e-05,0.010649641341696194,0.01
,1e-05,0.010649769356847938,0.01
,1e-05,0.010649964806173263,0.01
,1e-05,0.010650143927405212,0.01
,1e-05,0.010650357295952038,0.01
,1e-05,0.010650556443875843,0.01
,1e-05,0.010650718715556048,0.01
,1e-05,0.010651325136072212,0.01
,1e-05,0.010651729263555794,0.01
,1e-05,0.010651729263555794,0.01
,1e-05,0.010651729263555794,0.01
,1e-05,0.010651729263555794,0.01
,1e-05,0.010651729263555794,0.01
,1e-05,0.010651729263555794,0.01
,1e-05,0.010651729263555794,0.01
,1e-05,0.010651729263555794,0.01
,1e-05,0.010651729263555794,0.01
,1e-05,0.010651729263555794,0.01
,1e-05,0.010651729263555794,0.01
,1e-05,0.010651729263555794,0.01
,1e-05,0.010651729263555794,0.01
,1e-05,0.010651729263555794,0.01
,1e-05,0.010651729263555794,0.01
,1e-05,0.010651729263555794,0.01
,1e-05,0.010651798816137314,0.01
,1e-05,0.010651835700320307,0.01
,1e-05,0.010652194005039589,0.01
,1e-05,0.010652351032038631,0.01
