0.01,1e-05,0.01,0.01
0.0100792,1e-05,0.0100058,0.01
0.010159,1e-05,0.0100154,0.01
0.0102395,1e-05,0.0100244,0.01
0.0103205,1e-05,0.0100325,0.01
0.0104023,1e-05,0.0100381,0.01
0.0104846,1e-05,0.0100433,0.01
0.0105676,1e-05,0.0100467,0.01
0.0106513,1e-05,0.0100473,0.01
0.0107356,1e-05,0.0100473,0.01
0.0108205,1e-05,0.0100473,0.01
0.0109061,1e-05,0.0100473,0.01
0.0109924,1e-05,0.0100473,0.01
0.0110794,1e-05,0.0100473,0.01
0.0111671,1e-05,0.0100473,0.01
0.0112554,1e-05,0.0100473,0.01
0.0113444,1e-05,0.0100473,0.01
0.0114342,1e-05,0.0100473,0.01
0.0115246,1e-05,0.0100495,0.01
0.0116157,1e-05,0.010054,0.01
0.0117076,1e-05,0.0100595,0.01
0.0118001,1e-05,0.0100661,0.01
0.0118934,1e-05,0.0100726,0.01
0.0119874,1e-05,0.0100799,0.01
0.0120822,1e-05,0.0100879,0.01
0.0121777,1e-05,0.0100964,0.01
0.0122739,1e-05,0.0101029,0.01
0.0123709,1e-05,0.0101057,0.01
0.0124687,1e-05,0.0101106,0.01
0.0125672,1e-05,0.0101129,0.01
0.0126664,1e-05,0.0101138,0.01
0.0127665,1e-05,0.0101141,0.01
0.0128673,1e-05,0.0101142,0.01
0.0129689,1e-05,0.0101142,0.01
0.0130713,1e-05,0.0101142,0.01
0.0131745,1e-05,0.0101142,0.01
0.0132785,1e-05,0.0101142,0.01
0.0133834,1e-05,0.0101142,0.01
0.013489,1e-05,0.0101142,0.01
0.0135954,1e-05,0.0101142,0.01
0.0137027,1e-05,0.0101142,0.01
0.0138109,1e-05,0.0101142,0.01
0.0139198,1e-05,0.0101143,0.01
0.0140296,1e-05,0.0101145,0.01
0.0141403,1e-05,0.0101155,0.01
0.0142518,1e-05,0.0101205,0.01
0.0143642,1e-05,0.0101288,0.01
0.0144775,1e-05,0.010138,0.01
0.0145916,1e-05,0.0101431,0.01
0.0147066,1e-05,0.0101478,0.01
0.0148226,1e-05,0.0101572,0.01
0.0149394,1e-05,0.010166,0.01
0.0150571,1e-05,0.0101739,0.01
0.0151758,1e-05,0.0101783,0.01
0.0152953,1e-05,0.0101834,0.01
0.0154158,1e-05,0.0101839,0.01
0.0155372,1e-05,0.010184,0.01
0.0156596,1e-05,0.010184,0.01
0.0157829,1e-05,0.010184,0.01
0.0159072,1e-05,0.010184,0.01
0.0160324,1e-05,0.010184,0.01
0.0161586,1e-05,0.010184,0.01
0.0162858,1e-05,0.010184,0.01
0.016414,1e-05,0.010184,0.01
0.0165431,1e-05,0.010184,0.01
0.0166733,1e-05,0.010184,0.01
0.0168044,1e-05,0.0101862,0.01
0.0169366,1e-05,0.0101908,0.01
0.0170698,1e-05,0.0101972,0.01
0.017204,1e-05,0.010205,0.01
0.0173393,1e-05,0.0102139,0.01
0.0174756,1e-05,0.0102235,0.01
0.017613,1e-05,0.0102334,0.01
0.0177514,1e-05,0.0102434,0.01
0.0178909,1e-05,0.0102531,0.01
0.0180315,1e-05,0.0102622,0.01
0.0181731,1e-05,0.0102681,0.01
0.0183159,1e-05,0.0102747,0.01
0.0184597,1e-05,0.0102793,0.01
0.0186046,1e-05,0.0102823,0.01
0.0187507,1e-05,0.0102824,0.01
0.0188979,1e-05,0.0102824,0.01
0.0190462,1e-05,0.0102824,0.01
0.0191957,1e-05,0.0102824,0.01
0.0193463,1e-05,0.0102824,0.01
0.0194981,1e-05,0.0102824,0.01
0.019651,1e-05,0.0102824,0.01
0.0198052,1e-05,0.0102824,0.01
0.0199605,1e-05,0.0102824,0.01
0.020117,1e-05,0.0102824,0.01
0.0202747,1e-05,0.0102827,0.01
0.0204336,1e-05,0.010287,0.01
0.0205937,1e-05,0.0102931,0.01
0.0207551,1e-05,0.0102988,0.01
0.0209176,1e-05,0.010306,0.01
0.0210815,1e-05,0.0103139,0.01
0.0212466,1e-05,0.0103223,0.01
0.0214129,1e-05,0.0103312,0.01
0.0215806,1e-05,0.0103398,0.01
0.0217495,1e-05,0.0103487,0.01
0.0219197,1e-05,0.0103567,0.01
0.0220912,1e-05,0.01036,0.01
0.0222641,1e-05,0.0103627,0.01
0.0224382,1e-05,0.0103654,0.01
0.0226137,1e-05,0.0103655,0.01
0.0227905,1e-05,0.0103655,0.01
0.0229687,1e-05,0.0103655,0.01
0.0231482,1e-05,0.0103655,0.01
0.0233291,1e-05,0.0103655,0.01
0.0235114,1e-05,0.0103655,0.01
0.023695,1e-05,0.0103655,0.01
0.0238801,1e-05,0.0103655,0.01
0.0240666,1e-05,0.0103655,0.01
0.0242545,1e-05,0.0103655,0.01
0.0244438,1e-05,0.0103655,0.01
0.0246346,1e-05,0.0103658,0.01
0.0248268,1e-05,0.0103664,0.01
0.0250205,1e-05,0.0103712,0.01
0.0252157,1e-05,0.0103759,0.01
0.0254123,1e-05,0.01038,0.01
0.0256104,1e-05,0.0103897,0.01
0.0258101,1e-05,0.0103982,0.01
0.0260112,1e-05,0.0104056,0.01
0.0262139,1e-05,0.0104075,0.01
0.0264181,1e-05,0.0104112,0.01
0.0266239,1e-05,0.0104126,0.01
0.0268312,1e-05,0.0104156,0.01
0.0270401,1e-05,0.0104183,0.01
0.0272505,1e-05,0.0104186,0.01
0.0274626,1e-05,0.0104186,0.01
0.0276763,1e-05,0.0104186,0.01
0.0278916,1e-05,0.0104186,0.01
0.0281085,1e-05,0.0104186,0.01
0.028327,1e-05,0.0104186,0.01
0.0285472,1e-05,0.0104186,0.01
0.0287691,1e-05,0.0104186,0.01
0.0289926,1e-05,0.0104186,0.01
0.0292178,1e-05,0.0104186,0.01
0.0294447,1e-05,0.0104212,0.01
0.0296734,1e-05,0.0104261,0.01
0.0299037,1e-05,0.0104329,0.01
0.0301358,1e-05,0.010441,0.01
0.0303696,1e-05,0.0104502,0.01
0.0306052,1e-05,0.0104602,0.01
0.0308425,1e-05,0.0104707,0.01
0.0310817,1e-05,0.0104813,0.01
0.0313226,1e-05,0.0104916,0.01
0.0315653,1e-05,0.0105013,0.01
0.0318099,1e-05,0.01051,0.01
0.0320562,1e-05,0.0105174,0.01
0.0323045,1e-05,0.0105232,0.01
0.0325546,1e-05,0.0105259,0.01
0.0328065,1e-05,0.010526,0.01
0.0330604,1e-05,0.010526,0.01
0.0333161,1e-05,0.010526,0.01
0.0335738,1e-05,0.010526,0.01
0.0338333,1e-05,0.010526,0.01
0.0340948,1e-05,0.010526,0.01
0.0343583,1e-05,0.010526,0.01
0.0346237,1e-05,0.010526,0.01
0.0348911,1e-05,0.010526,0.01
0.0351605,1e-05,0.010526,0.01
0.0354319,1e-05,0.0105263,0.01
0.0357053,1e-05,0.0105272,0.01
0.0359808,1e-05,0.0105291,0.01
0.0362582,1e-05,0.0105303,0.01
0.0365378,1e-05,0.0105315,0.01
0.0368194,1e-05,0.0105337,0.01
0.0371031,1e-05,0.0105363,0.01
0.0373889,1e-05,0.01054,0.01
0.0376769,1e-05,0.0105426,0.01
0.0379669,1e-05,0.0105459,0.01
0.0382591,1e-05,0.0105472,0.01
0.0385535,1e-05,0.01055,0.01
0.03885,1e-05,0.0105539,0.01
0.0391488,1e-05,0.010554,0.01
0.0394497,1e-05,0.0105541,0.01
0.0397528,1e-05,0.0105541,0.01
0.0400582,1e-05,0.0105541,0.01
0.0403658,1e-05,0.0105541,0.01
0.0406757,1e-05,0.0105541,0.01
0.0409879,1e-05,0.0105541,0.01
0.0413024,1e-05,0.0105541,0.01
0.0416191,1e-05,0.0105541,0.01
0.0419382,1e-05,0.0105541,0.01
0.0422597,1e-05,0.0105541,0.01
0.0425835,1e-05,0.0105541,0.01
0.0429096,1e-05,0.0105544,0.01
0.0432382,1e-05,0.0105556,0.01
0.0435691,1e-05,0.0105594,0.01
0.0439025,1e-05,0.0105633,0.01
0.0442383,1e-05,0.0105685,0.01
0.0445765,1e-05,0.0105734,0.01
0.0449173,1e-05,0.010578,0.01
0.0452605,1e-05,0.010585,0.01
0.0456062,1e-05,0.0105937,0.01
0.0459544,1e-05,0.0105971,0.01
0.0463051,1e-05,0.0105983,0.01
0.0466584,1e-05,0.0106029,0.01
0.0470142,1e-05,0.010603,0.01
0.0473727,1e-05,0.0106031,0.01
0.0477337,1e-05,0.0106031,0.01
0.0480973,1e-05,0.0106031,0.01
0.0484636,1e-05,0.0106031,0.01
0.0488325,1e-05,0.0106031,0.01
0.0492041,1e-05,0.0106031,0.01
0.0495784,1e-05,0.0106031,0.01
0.0499554,1e-05,0.0106031,0.01
0.050335,1e-05,0.0106031,0.01
0.0507174,1e-05,0.0106031,0.01
0.0511026,1e-05,0.0106045,0.01
0.0514905,1e-05,0.0106097,0.01
0.0518812,1e-05,0.0106166,0.01
0.0522748,1e-05,0.010625,0.01
0.0526711,1e-05,0.0106345,0.01
0.0530703,1e-05,0.0106448,0.01
0.0534723,1e-05,0.0106555,0.01
0.0538772,1e-05,0.0106663,0.01
0.054285,1e-05,0.0106768,0.01
0.0546957,1e-05,0.0106866,0.01
0.0551093,1e-05,0.0106955,0.01
0.0555259,1e-05,0.0107031,0.01
0.0559455,1e-05,0.010709,0.01
0.056368,1e-05,0.0107128,0.01
0.0567935,1e-05,0.0107136,0.01
0.0572221,1e-05,0.0107136,0.01
0.0576536,1e-05,0.0107136,0.01
0.0580883,1e-05,0.0107136,0.01
0.058526,1e-05,0.0107136,0.01
0.0589668,1e-05,0.0107136,0.01
0.0594107,1e-05,0.0107136,0.01
0.0598578,1e-05,0.0107136,0.01
0.060308,1e-05,0.0107136,0.01
0.0607613,1e-05,0.0107136,0.01
0.0612179,1e-05,0.0107141,0.01
0.0616777,1e-05,0.0107155,0.01
0.0621406,1e-05,0.0107185,0.01
0.0626069,1e-05,0.0107217,0.01
0.0630764,1e-05,0.0107244,0.01
0.0635492,1e-05,0.0107255,0.01
0.0640252,1e-05,0.0107267,0.01
0.0645047,1e-05,0.0107277,0.01
0.0649874,1e-05,0.0107288,0.01
0.0654735,1e-05,0.0107306,0.01
0.065963,1e-05,0.0107365,0.01
0.0664559,1e-05,0.010742,0.01
0.0669522,1e-05,0.010746,0.01
0.067452,1e-05,0.0107474,0.01
0.0679552,1e-05,0.0107475,0.01
0.0684619,1e-05,0.0107475,0.01
0.0689721,1e-05,0.0107475,0.01
0.0694858,1e-05,0.0107475,0.01
0.0700031,1e-05,0.0107475,0.01
0.0705239,1e-05,0.0107475,0.01
0.0710483,1e-05,0.0107475,0.01
0.0715763,1e-05,0.0107475,0.01
0.0721079,1e-05,0.0107475,0.01
0.0726432,1e-05,0.0107475,0.01
0.0731821,1e-05,0.0107476,0.01
0.0737247,1e-05,0.0107479,0.01
0.0742711,1e-05,0.0107482,0.01
0.0748211,1e-05,0.0107539,0.01
0.0753749,1e-05,0.010762,0.01
0.0759324,1e-05,0.0107715,0.01
0.0764938,1e-05,0.0107814,0.01
0.0770589,1e-05,0.0107904,0.01
0.0776279,1e-05,0.010798,0.01
0.0782007,1e-05,0.0108056,0.01
0.0787774,1e-05,0.0108117,0.01
0.0793579,1e-05,0.0108146,0.01
0.0799424,1e-05,0.0108162,0.01
0.0805308,1e-05,0.0108166,0.01
0.0811232,1e-05,0.0108167,0.01
0.0817195,1e-05,0.0108167,0.01
0.0823199,1e-05,0.0108167,0.01
0.0829242,1e-05,0.0108167,0.01
0.0835326,1e-05,0.0108167,0.01
0.084145,1e-05,0.0108167,0.01
0.0847616,1e-05,0.0108167,0.01
0.0853822,1e-05,0.0108167,0.01
0.0860069,1e-05,0.0108167,0.01
0.0866358,1e-05,0.0108167,0.01
0.0872688,1e-05,0.010817,0.01
0.0879061,1e-05,0.0108179,0.01
0.0885475,1e-05,0.0108183,0.01
0.0891931,1e-05,0.0108195,0.01
0.089843,1e-05,0.0108234,0.01
0.0904972,1e-05,0.0108277,0.01
0.0911557,1e-05,0.0108336,0.01
0.0918184,1e-05,0.0108405,0.01
0.0924855,1e-05,0.0108475,0.01
0.093157,1e-05,0.0108531,0.01
0.0938328,1e-05,0.0108604,0.01
0.0945131,1e-05,0.0108647,0.01
0.0951977,1e-05,0.0108674,0.01
0.0958868,1e-05,0.0108682,0.01
0.0965803,1e-05,0.0108687,0.01
0.0972783,1e-05,0.0108687,0.01
0.0979809,1e-05,0.0108687,0.01
0.0986879,1e-05,0.0108687,0.01
0.0993995,1e-05,0.0108687,0.01
0.100116,1e-05,0.0108687,0.01
0.100836,1e-05,0.0108687,0.01
0.101562,1e-05,0.0108687,0.01
0.102292,1e-05,0.0108687,0.01
0.103026,1e-05,0.0108687,0.01
0.103766,1e-05,0.0108687,0.01
0.10451,1e-05,0.0108688,0.01
0.105258,1e-05,0.010869,0.01
0.106012,1e-05,0.0108698,0.01
0.10677,1e-05,0.0108718,0.01
0.107533,1e-05,0.0108748,0.01
0.108301,1e-05,0.0108814,0.01
0.109073,1e-05,0.0108878,0.01
0.109851,1e-05,0.010895,0.01
0.110633,1e-05,0.0108998,0.01
0.11142,1e-05,0.0109026,0.01
0.112212,1e-05,0.010907,0.01
0.113009,1e-05,0.0109075,0.01
0.113811,1e-05,0.010911,0.01
0.114618,1e-05,0.0109118,0.01
0.11543,1e-05,0.0109118,0.01
0.116247,1e-05,0.0109118,0.01
0.117068,1e-05,0.0109118,0.01
0.117895,1e-05,0.0109118,0.01
0.118727,1e-05,0.0109118,0.01
0.119564,1e-05,0.0109118,0.01
0.120406,1e-05,0.0109118,0.01
0.121254,1e-05,0.0109118,0.01
0.122106,1e-05,0.0109118,0.01
0.122964,1e-05,0.0109119,0.01
0.123826,1e-05,0.0109124,0.01
0.124694,1e-05,0.0109128,0.01
0.125568,1e-05,0.010914,0.01
0.126446,1e-05,0.0109147,0.01
0.12733,1e-05,0.010921,0.01
0.128219,1e-05,0.0109282,0.01
0.129113,1e-05,0.0109331,0.01
0.130012,1e-05,0.0109414,0.01
0.130917,1e-05,0.0109498,0.01
0.131827,1e-05,0.0109554,0.01
0.132743,1e-05,0.0109598,0.01
0.133664,1e-05,0.0109616,0.01
0.13459,1e-05,0.0109651,0.01
0.135522,1e-05,0.0109652,0.01
0.136459,1e-05,0.0109652,0.01
0.137402,1e-05,0.0109652,0.01
0.13835,1e-05,0.0109652,0.01
0.139304,1e-05,0.0109652,0.01
0.140263,1e-05,0.0109652,0.01
0.141228,1e-05,0.0109652,0.01
0.142198,1e-05,0.0109652,0.01
0.143174,1e-05,0.0109652,0.01
0.144155,1e-05,0.0109652,0.01
0.145142,1e-05,0.0109655,0.01
0.146135,1e-05,0.0109665,0.01
0.147133,1e-05,0.0109678,0.01
0.148137,1e-05,0.0109692,0.01
0.149147,1e-05,0.0109726,0.01
0.150162,1e-05,0.0109762,0.01
0.151183,1e-05,0.0109787,0.01
0.152209,1e-05,0.0109825,0.01
0.153242,1e-05,0.0109904,0.01
0.15428,1e-05,0.0109987,0.01
0.155324,1e-05,0.0110077,0.01
0.156373,1e-05,0.0110155,0.01
0.157429,1e-05,0.0110217,0.01
0.15849,1e-05,0.0110243,0.01
0.159557,1e-05,0.0110254,0.01
0.16063,1e-05,0.0110254,0.01
0.161708,1e-05,0.0110254,0.01
0.162793,1e-05,0.0110254,0.01
0.163883,1e-05,0.0110254,0.01
0.164979,1e-05,0.0110254,0.01
0.166081,1e-05,0.0110254,0.01
0.167189,1e-05,0.0110254,0.01
0.168303,1e-05,0.0110254,0.01
0.169423,1e-05,0.0110254,0.01
0.170549,1e-05,0.0110282,0.01
0.17168,1e-05,0.0110335,0.01
0.172818,1e-05,0.0110405,0.01
0.173962,1e-05,0.011049,0.01
0.175111,1e-05,0.0110587,0.01
0.176267,1e-05,0.0110692,0.01
0.177428,1e-05,0.0110801,0.01
0.178596,1e-05,0.0110911,0.01
0.17977,1e-05,0.0111018,0.01
0.180949,1e-05,0.0111118,0.01
0.182135,1e-05,0.0111191,0.01
0.183327,1e-05,0.0111249,0.01
0.184524,1e-05,0.0111303,0.01
0.185728,1e-05,0.0111327,0.01
0.186938,1e-05,0.0111329,0.01
0.188154,1e-05,0.0111329,0.01
0.189376,1e-05,0.0111329,0.01
0.190604,1e-05,0.0111329,0.01
0.191838,1e-05,0.0111329,0.01
0.193079,1e-05,0.0111329,0.01
0.194325,1e-05,0.0111329,0.01
0.195577,1e-05,0.0111329,0.01
0.196836,1e-05,0.0111329,0.01
0.198101,1e-05,0.0111329,0.01
0.199372,1e-05,0.0111334,0.01
0.200649,1e-05,0.0111337,0.01
0.201932,1e-05,0.0111343,0.01
0.203221,1e-05,0.0111423,0.01
0.204516,1e-05,0.011149,0.01
0.205818,1e-05,0.011159,0.01
0.207126,1e-05,0.0111668,0.01
0.208439,1e-05,0.0111774,0.01
0.209759,1e-05,0.0111879,0.01
0.211085,1e-05,0.0111976,0.01
0.212418,1e-05,0.0112064,0.01
0.213756,1e-05,0.0112138,0.01
0.2151,1e-05,0.0112195,0.01
0.216451,1e-05,0.011223,0.01
0.217808,1e-05,0.0112238,0.01
0.219171,1e-05,0.0112238,0.01
0.22054,1e-05,0.0112238,0.01
0.221915,1e-05,0.0112238,0.01
0.223297,1e-05,0.0112238,0.01
0.224684,1e-05,0.0112238,0.01
0.226078,1e-05,0.0112238,0.01
0.227477,1e-05,0.0112238,0.01
0.228883,1e-05,0.0112238,0.01
0.230295,1e-05,0.0112238,0.01
0.231713,1e-05,0.0112242,0.01
0.233137,1e-05,0.0112253,0.01
0.234568,1e-05,0.0112319,0.01
0.236004,1e-05,0.0112339,0.01
0.237446,1e-05,0.0112345,0.01
0.238895,1e-05,0.0112357,0.01
0.24035,1e-05,0.0112434,0.01
0.24181,1e-05,0.0112541,0.01
0.243277,1e-05,0.0112646,0.01
0.24475,1e-05,0.0112744,0.01
0.246229,1e-05,0.0112801,0.01
0.247713,1e-05,0.0112815,0.01
0.249204,1e-05,0.0112816,0.01
0.250701,1e-05,0.0112819,0.01
0.252204,1.00144e-05,0.011282,0.01
0.253713,1.00287e-05,0.011282,0.01
0.255227,1.00431e-05,0.011282,0.01
0.256748,1.00575e-05,0.011282,0.01
0.258275,1.00719e-05,0.011282,0.01
0.259807,1.00862e-05,0.011282,0.01
0.261346,1.01006e-05,0.011282,0.01
0.26289,1.0115e-05,0.011282,0.01
0.26444,1.01294e-05,0.011282,0.01
0.265996,1.01437e-05,0.011282,0.01
0.267558,1.01581e-05,0.0112851,0.01
0.269126,1.01725e-05,0.0112906,0.01
0.2707,1.01868e-05,0.011298,0.01
0.272279,1.02012e-05,0.0113068,0.01
0.273864,1.02156e-05,0.0113168,0.01
0.275455,1.023e-05,0.0113255,0.01
0.277052,1.02443e-05,0.011335,0.01
0.278654,1.02628e-05,0.0113438,0.01
0.280262,1.02812e-05,0.0113516,0.01
0.281876,1.02996e-05,0.0113586,0.01
0.283495,1.0318e-05,0.0113657,0.01
0.28512,1.03365e-05,0.0113703,0.01
0.286751,1.03549e-05,0.0113749,0.01
0.288387,1.03733e-05,0.0113785,0.01
0.290029,1.03917e-05,0.0113792,0.01
0.291676,1.04102e-05,0.0113792,0.01
0.293329,1.04286e-05,0.0113792,0.01
0.294987,1.0447e-05,0.0113792,0.01
0.296651,1.04654e-05,0.0113792,0.01
0.29832,1.04839e-05,0.0113792,0.01
0.299995,1.05023e-05,0.0113792,0.01
0.301675,1.05207e-05,0.0113792,0.01
0.30336,1.05391e-05,0.0113792,0.01
0.305051,1.05576e-05,0.0113792,0.01
0.306747,1.0576e-05,0.0113795,0.01
0.308448,1.05944e-05,0.0113806,0.01
0.310154,1.06128e-05,0.0113816,0.01
0.311866,1.06313e-05,0.0113835,0.01
0.313583,1.06497e-05,0.0113871,0.01
0.315305,1.06681e-05,0.0113941,0.01
0.317032,1.06865e-05,0.0114017,0.01
0.318764,1.07069e-05,0.0114075,0.01
0.320501,1.07273e-05,0.0114115,0.01
0.322244,1.07477e-05,0.011418,0.01
0.323991,1.07681e-05,0.0114208,0.01
0.325743,1.07885e-05,0.0114228,0.01
0.3275,1.08089e-05,0.0114235,0.01
0.329262,1.08293e-05,0.0114253,0.01
0.331029,1.08497e-05,0.0114254,0.01
0.3328,1.08701e-05,0.0114254,0.01
0.334577,1.08905e-05,0.0114254,0.01
0.336358,1.09109e-05,0.0114254,0.01
0.338144,1.09313e-05,0.0114254,0.01
0.339934,1.09517e-05,0.0114254,0.01
0.341729,1.09721e-05,0.0114254,0.01
0.343529,1.09925e-05,0.0114254,0.01
0.345333,1.10129e-05,0.0114254,0.01
0.347141,1.10333e-05,0.0114254,0.01
0.348954,1.10537e-05,0.0114259,0.01
0.350772,1.10741e-05,0.0114283,0.01
0.352594,1.10945e-05,0.0114315,0.01
0.35442,1.11149e-05,0.0114348,0.01
0.35625,1.11353e-05,0.0114357,0.01
0.358085,1.11557e-05,0.011444,0.01
0.359924,1.11761e-05,0.0114528,0.01
0.361767,1.11984e-05,0.0114624,0.01
0.363614,1.12207e-05,0.0114694,0.01
0.365465,1.1243e-05,0.0114773,0.01
0.367321,1.12653e-05,0.0114796,0.01
0.36918,1.12876e-05,0.0114814,0.01
0.371043,1.131e-05,0.0114841,0.01
0.37291,1.13323e-05,0.0114879,0.01
0.374781,1.13546e-05,0.0114888,0.01
0.376655,1.13769e-05,0.0114888,0.01
0.378533,1.13992e-05,0.0114888,0.01
0.380415,1.14216e-05,0.0114888,0.01
0.382301,1.14439e-05,0.0114888,0.01
0.38419,1.14662e-05,0.0114888,0.01
0.386083,1.14885e-05,0.0114888,0.01
0.387979,1.15108e-05,0.0114888,0.01
0.389879,1.15331e-05,0.0114888,0.01
0.391782,1.15555e-05,0.0114888,0.01
0.393688,1.15778e-05,0.0114889,0.01
0.395598,1.16001e-05,0.0114908,0.01
0.39751,1.16224e-05,0.0114928,0.01
0.399426,1.16447e-05,0.0115016,0.01
0.401345,1.1667e-05,0.0115115,0.01
0.403268,1.16894e-05,0.0115236,0.01
0.405193,1.17117e-05,0.0115345,0.01
0.407121,1.17353e-05,0.0115474,0.01
0.409052,1.17589e-05,0.0115599,0.01
0.410986,1.17825e-05,0.0115717,0.01
0.412922,1.18061e-05,0.0115823,0.01
0.414862,1.18297e-05,0.0115913,0.01
0.416804,1.18533e-05,0.0115982,0.01
0.418748,1.18769e-05,0.0116025,0.01
0.420695,1.19006e-05,0.0116035,0.01
0.422645,1.19242e-05,0.0116035,0.01
0.424597,1.19478e-05,0.0116035,0.01
0.426552,1.19714e-05,0.0116035,0.01
0.428509,1.1995e-05,0.0116035,0.01
0.430468,1.20186e-05,0.0116035,0.01
0.432429,1.20422e-05,0.0116035,0.01
0.434392,1.20658e-05,0.0116035,0.01
0.436358,1.20894e-05,0.0116035,0.01
0.438326,1.2113e-05,0.0116035,0.01
0.440295,1.21366e-05,0.0116037,0.01
0.442267,1.21603e-05,0.011604,0.01
0.44424,1.21839e-05,0.0116054,0.01
0.446215,1.22075e-05,0.011609,0.01
0.448192,1.22311e-05,0.0116122,0.01
0.450171,1.22547e-05,0.0116166,0.01
0.452151,1.22783e-05,0.0116292,0.01
0.454132,1.23406e-05,0.0116428,0.01
0.456116,1.2403e-05,0.0116562,0.01
0.4581,1.24653e-05,0.0116689,0.01
0.460086,1.25277e-05,0.0116786,0.01
0.462073,1.259e-05,0.0116888,0.01
0.464062,1.26524e-05,0.0116948,0.01
0.466051,1.27147e-05,0.0116984,0.01
0.468042,1.27771e-05,0.0117003,0.01
0.470034,1.28394e-05,0.0117003,0.01
0.472027,1.29018e-05,0.0117003,0.01
0.474021,1.29641e-05,0.0117003,0.01
0.476015,1.30265e-05,0.0117003,0.01
0.478011,1.30888e-05,0.0117003,0.01
0.480007,1.31511e-05,0.0117003,0.01
0.482004,1.32135e-05,0.0117003,0.01
0.484001,1.32758e-05,0.0117003,0.01
0.485999,1.33382e-05,0.0117003,0.01
0.487997,1.34005e-05,0.0117044,0.01
0.489996,1.34629e-05,0.011712,0.01
0.491995,1.35252e-05,0.0117221,0.01
0.493995,1.35876e-05,0.0117344,0.01
0.495995,1.36499e-05,0.0117484,0.01
0.497995,1.37123e-05,0.0117636,0.01
0.499994,1.37746e-05,0.0117796,0.01
0.501994,1.38404e-05,0.0117957,0.01
0.503994,1.39062e-05,0.0118116,0.01
0.505994,1.3972e-05,0.0118265,0.01
0.507994,1.40378e-05,0.01184,0.01
0.509994,1.41036e-05,0.0118516,0.01
0.511993,1.41694e-05,0.0118609,0.01
0.513992,1.42352e-05,0.0118671,0.01
0.51599,1.4301e-05,0.0118691,0.01
0.517988,1.43668e-05,0.0118691,0.01
0.519985,1.44326e-05,0.0118691,0.01
0.521982,1.44983e-05,0.0118691,0.01
0.523978,1.45641e-05,0.0118691,0.01
0.525974,1.46299e-05,0.0118691,0.01
0.527968,1.46957e-05,0.0118691,0.01
0.529962,1.47615e-05,0.0118691,0.01
0.531955,1.48273e-05,0.0118691,0.01
0.533947,1.48931e-05,0.0118691,0.01
0.535938,1.49589e-05,0.0118731,0.01
0.537927,1.50247e-05,0.011881,0.01
0.539916,1.50905e-05,0.0118919,0.01
0.541903,1.51563e-05,0.0119052,0.01
0.543889,1.52221e-05,0.0119204,0.01
0.545873,1.52879e-05,0.0119369,0.01
0.547857,1.53537e-05,0.0119543,0.01
0.549838,1.54049e-05,0.0119721,0.01
0.551818,1.54562e-05,0.0119894,0.01
0.553797,1.55075e-05,0.0120058,0.01
0.555774,1.55587e-05,0.0120206,0.01
0.557749,1.561e-05,0.0120334,0.01
0.559722,1.56613e-05,0.0120434,0.01
0.561694,1.57125e-05,0.0120499,0.01
0.563663,1.57638e-05,0.0120517,0.01
0.565631,1.58151e-05,0.0120517,0.01
0.567596,1.58663e-05,0.0120517,0.01
0.56956,1.59176e-05,0.0120517,0.01
0.571521,1.59688e-05,0.0120517,0.01
0.57348,1.60201e-05,0.0120517,0.01
0.575437,1.60714e-05,0.0120517,0.01
0.577392,1.61226e-05,0.0120517,0.01
0.579344,1.61739e-05,0.0120517,0.01
0.581293,1.62252e-05,0.0120517,0.01
0.58324,1.62764e-05,0.012052,0.01
0.585185,1.63277e-05,0.0120523,0.01
0.587127,1.6379e-05,0.0120575,0.01
0.589066,1.64302e-05,0.0120703,0.01
0.591003,1.64815e-05,0.0120865,0.01
0.592936,1.65328e-05,0.0121043,0.01
0.594867,1.6584e-05,0.0121232,0.01
0.596795,1.66398e-05,0.0121425,0.01
0.59872,1.66955e-05,0.0121614,0.01
0.600642,1.67513e-05,0.0121793,0.01
0.602561,1.6807e-05,0.0121955,0.01
0.604477,1.68628e-05,0.0122094,0.01
0.60639,1.69185e-05,0.0122204,0.01
0.608299,1.69743e-05,0.0122275,0.01
0.610206,1.703e-05,0.0122296,0.01
0.612108,1.70857e-05,0.0122296,0.01
0.614008,1.71415e-05,0.0122296,0.01
0.615904,1.71972e-05,0.0122296,0.01
0.617796,1.7253e-05,0.0122296,0.01
0.619685,1.73087e-05,0.0122296,0.01
0.621571,1.73645e-05,0.0122296,0.01
0.623453,1.74202e-05,0.0122296,0.01
0.625331,1.7476e-05,0.0122296,0.01
0.627205,1.75317e-05,0.0122296,0.01
0.629076,1.75875e-05,0.0122298,0.01
0.630942,1.76432e-05,0.0122308,0.01
0.632805,1.7699e-05,0.0122377,0.01
0.634664,1.77547e-05,0.0122489,0.01
0.636519,1.78105e-05,0.0122665,0.01
0.63837,1.78662e-05,0.012286,0.01
0.640217,1.7922e-05,0.0123045,0.01
0.642059,1.80631e-05,0.0123185,0.01
0.643898,1.82043e-05,0.0123316,0.01
0.645732,1.83455e-05,0.0123421,0.01
0.647562,1.84867e-05,0.0123596,0.01
0.649388,1.86279e-05,0.0123747,0.01
0.65121,1.87691e-05,0.0123869,0.01
0.653027,1.89103e-05,0.0123957,0.01
0.654839,1.90515e-05,0.0123987,0.01
0.656648,1.91927e-05,0.0123987,0.01
0.658451,1.93339e-05,0.0123987,0.01
0.66025,1.9475e-05,0.0123987,0.01
0.662045,1.96162e-05,0.0123987,0.01
0.663835,1.97574e-05,0.0123987,0.01
0.66562,1.98986e-05,0.0123987,0.01
0.667401,2.00398e-05,0.0123987,0.01
0.669177,2.0181e-05,0.0123987,0.01
0.670948,2.03222e-05,0.0123987,0.01
0.672714,2.04634e-05,0.012405,0.01
0.674475,2.06046e-05,0.012417,0.01
0.676232,2.07457e-05,0.0124333,0.01
0.677983,2.08869e-05,0.0124533,0.01
0.67973,2.10281e-05,0.0124762,0.01
0.681471,2.11693e-05,0.0125013,0.01
0.683208,2.13105e-05,0.0125277,0.01
0.684939,2.15671e-05,0.0125544,0.01
0.686666,2.18237e-05,0.0125809,0.01
0.688387,2.20803e-05,0.0126062,0.01
0.690103,2.23369e-05,0.0126294,0.01
0.691814,2.25935e-05,0.0126497,0.01
0.69352,2.28501e-05,0.0126662,0.01
0.69522,2.31067e-05,0.0126777,0.01
0.696915,2.33632e-05,0.0126817,0.01
0.698605,2.36198e-05,0.0126817,0.01
0.700289,2.38764e-05,0.0126817,0.01
0.701969,2.4133e-05,0.0126817,0.01
0.703642,2.43896e-05,0.0126817,0.01
0.70531,2.46462e-05,0.0126817,0.01
0.706973,2.49028e-05,0.0126817,0.01
0.708631,2.51594e-05,0.0126817,0.01
0.710282,2.5416e-05,0.0126817,0.01
0.711929,2.56726e-05,0.0126817,0.01
0.713569,2.59292e-05,0.0126902,0.01
0.715204,2.61858e-05,0.0127059,0.01
0.716834,2.64424e-05,0.0127271,0.01
0.718458,2.66989e-05,0.012753,0.01
0.720076,2.69555e-05,0.0127826,0.01
0.721689,2.72121e-05,0.012815,0.01
0.723295,2.74687e-05,0.0128493,0.01
0.724896,2.78208e-05,0.0128843,0.01
0.726492,2.81728e-05,0.012919,0.01
0.728081,2.85249e-05,0.0129522,0.01
0.729665,2.8877e-05,0.0129828,0.01
0.731243,2.9229e-05,0.0130095,0.01
0.732816,2.95811e-05,0.0130312,0.01
0.734382,2.99331e-05,0.0130463,0.01
0.735942,3.02852e-05,0.0130516,0.01
0.737497,3.06373e-05,0.0130516,0.01
0.739046,3.09893e-05,0.0130516,0.01
0.740589,3.13414e-05,0.0130516,0.01
0.742126,3.16934e-05,0.0130516,0.01
0.743657,3.20455e-05,0.0130516,0.01
0.745182,3.23976e-05,0.0130516,0.01
0.746701,3.27496e-05,0.0130516,0.01
0.748214,3.31017e-05,0.0130516,0.01
0.749721,3.34537e-05,0.0130516,0.01
0.751222,3.38058e-05,0.0130626,0.01
0.752717,3.41579e-05,0.0130836,0.01
0.754206,3.45099e-05,0.0131122,0.01
0.755689,3.4862e-05,0.0131471,0.01
0.757166,3.5214e-05,0.0131871,0.01
0.758637,3.55661e-05,0.0132311,0.01
0.760102,3.59182e-05,0.0132777,0.01
0.761561,3.6091e-05,0.0133254,0.01
0.763014,3.62639e-05,0.0133723,0.01
0.76446,3.64368e-05,0.013417,0.01
0.765901,3.66096e-05,0.0134577,0.01
0.767335,3.67825e-05,0.0134932,0.01
0.768763,3.69554e-05,0.0135219,0.01
0.770185,3.71282e-05,0.0135246,0.01
0.771601,3.73011e-05,0.0135254,0.01
0.773011,3.7474e-05,0.0135254,0.01
0.774415,3.76468e-05,0.0135254,0.01
0.775813,3.78197e-05,0.0135254,0.01
0.777204,3.79926e-05,0.0135254,0.01
0.778589,3.81654e-05,0.0135254,0.01
0.779968,3.83383e-05,0.0135254,0.01
0.781341,3.85112e-05,0.0135254,0.01
0.782708,3.8684e-05,0.0135254,0.01
0.784069,3.88569e-05,0.0135254,0.01
0.785423,3.90298e-05,0.0135259,0.01
0.786771,3.92026e-05,0.0135274,0.01
0.788114,3.93755e-05,0.0135298,0.01
0.78945,3.95484e-05,0.0135524,0.01
0.790779,3.97212e-05,0.0135856,0.01
0.792103,3.98941e-05,0.0136131,0.01
0.79342,4.0067e-05,0.0136413,0.01
0.794731,4.02388e-05,0.0136802,0.01
0.796037,4.04107e-05,0.0137171,0.01
0.797335,4.05826e-05,0.0137475,0.01
0.798628,4.07544e-05,0.0137748,0.01
0.799915,4.09263e-05,0.0137958,0.01
0.801195,4.10982e-05,0.0138167,0.01
0.802469,4.127e-05,0.0138266,0.01
0.803738,4.14419e-05,0.0138281,0.01
0.804999,4.16138e-05,0.0138281,0.01
0.806255,4.17856e-05,0.0138281,0.01
0.807505,4.19575e-05,0.0138281,0.01
0.808748,4.21294e-05,0.0138281,0.01
0.809986,4.23012e-05,0.0138281,0.01
0.811217,4.24731e-05,0.0138281,0.01
0.812442,4.2645e-05,0.0138281,0.01
0.813661,4.28168e-05,0.0138281,0.01
0.814874,4.29887e-05,0.0138281,0.01
0.816081,4.31605e-05,0.0138332,0.01
0.817282,4.33324e-05,0.0138533,0.01
0.818477,4.35043e-05,0.0138849,0.01
0.819665,4.36761e-05,0.0139261,0.01
0.820848,4.3848e-05,0.013974,0.01
0.822024,4.40199e-05,0.0140112,0.01
0.823195,4.41917e-05,0.014065,0.01
0.824359,4.43848e-05,0.014112,0.01
0.825517,4.45778e-05,0.0141611,0.01
0.82667,4.47709e-05,0.0142076,0.01
0.827816,4.49639e-05,0.014254,0.01
0.828956,4.5157e-05,0.0142951,0.01
0.83009,4.535e-05,0.0143266,0.01
0.831219,4.55431e-05,0.0143459,0.01
0.832341,4.57361e-05,0.0143498,0.01
0.833458,4.59292e-05,0.0143498,0.01
0.834568,4.61222e-05,0.0143498,0.01
0.835672,4.63153e-05,0.0143498,0.01
0.836771,4.65083e-05,0.0143498,0.01
0.837864,4.67014e-05,0.0143498,0.01
0.838951,4.68944e-05,0.0143498,0.01
0.840031,4.70874e-05,0.0143498,0.01
0.841106,4.72805e-05,0.0143498,0.01
0.842176,4.74735e-05,0.0143498,0.01
0.843239,4.76666e-05,0.0143563,0.01
0.844296,4.78596e-05,0.0143739,0.01
0.845348,4.80527e-05,0.0143879,0.01
0.846394,4.82457e-05,0.014431,0.01
0.847434,4.84388e-05,0.0144893,0.01
0.848468,4.86318e-05,0.014553,0.01
0.849497,4.88249e-05,0.0146208,0.01
0.85052,4.90414e-05,0.0146875,0.01
0.851537,4.9258e-05,0.0147427,0.01
0.852548,4.94745e-05,0.0147893,0.01
0.853554,4.9691e-05,0.0148349,0.01
0.854554,4.99076e-05,0.0148772,0.01
0.855548,5.01241e-05,0.0149041,0.01
0.856537,5.03407e-05,0.0149252,0.01
0.85752,5.05572e-05,0.0149288,0.01
0.858498,5.07737e-05,0.0149288,0.01
0.859469,5.09903e-05,0.0149288,0.01
0.860436,5.12068e-05,0.0149288,0.01
0.861396,5.14233e-05,0.0149288,0.01
0.862351,5.16399e-05,0.0149288,0.01
0.863301,5.18564e-05,0.0149288,0.01
0.864245,5.2073e-05,0.0149288,0.01
0.865184,5.22895e-05,0.0149288,0.01
0.866117,5.2506e-05,0.0149288,0.01
0.867045,5.27226e-05,0.014942,0.01
0.867967,5.29391e-05,0.0149734,0.01
0.868884,5.31557e-05,0.0150192,0.01
0.869795,5.33722e-05,0.0150767,0.01
0.870701,5.35887e-05,0.0151435,0.01
0.871602,5.38053e-05,0.0152172,0.01
0.872497,5.40218e-05,0.0152953,0.01
0.873387,5.42572e-05,0.0153741,0.01
0.874272,5.44925e-05,0.015452,0.01
0.875151,5.47278e-05,0.0155257,0.01
0.876025,5.49631e-05,0.0155925,0.01
0.876894,5.51985e-05,0.0156494,0.01
0.877758,5.54338e-05,0.0156937,0.01
0.878616,5.56691e-05,0.0157216,0.01
0.879469,5.59044e-05,0.0157279,0.01
0.880317,5.61398e-05,0.0157279,0.01
0.88116,5.63751e-05,0.0157279,0.01
0.881998,5.66104e-05,0.0157279,0.01
0.88283,5.68458e-05,0.0157279,0.01
0.883658,5.70811e-05,0.0157279,0.01
0.88448,5.73164e-05,0.0157279,0.01
0.885298,5.75517e-05,0.0157279,0.01
0.88611,5.77871e-05,0.0157279,0.01
0.886918,5.80224e-05,0.0157279,0.01
0.88772,5.82577e-05,0.0157444,0.01
0.888517,5.8493e-05,0.0157822,0.01
0.88931,5.87284e-05,0.0158363,0.01
0.890097,5.89637e-05,0.015904,0.01
0.89088,5.9199e-05,0.0159824,0.01
0.891658,5.94344e-05,0.0160611,0.01
0.89243,5.96697e-05,0.0161512,0.01
0.893198,5.99415e-05,0.0162433,0.01
0.893962,6.02133e-05,0.0163339,0.01
0.89472,6.04851e-05,0.0164196,0.01
0.895473,6.0757e-05,0.0164972,0.01
0.896222,6.10288e-05,0.0165635,0.01
0.896966,6.13006e-05,0.0166152,0.01
0.897706,6.15724e-05,0.0166478,0.01
0.89844,6.18442e-05,0.0166553,0.01
0.89917,6.2116e-05,0.0166553,0.01
0.899896,6.23879e-05,0.0166553,0.01
0.900616,6.26597e-05,0.0166553,0.01
0.901332,6.29315e-05,0.0166553,0.01
0.902044,6.32033e-05,0.0166553,0.01
0.902751,6.34751e-05,0.0166553,0.01
0.903453,6.37469e-05,0.0166553,0.01
0.904151,6.40188e-05,0.0166553,0.01
0.904844,6.42906e-05,0.0166553,0.01
0.905533,6.45624e-05,0.0166729,0.01
0.906217,6.48342e-05,0.0167147,0.01
0.906897,6.5106e-05,0.0167755,0.01
0.907573,6.53779e-05,0.0168518,0.01
0.908244,6.56497e-05,0.0169408,0.01
0.90891,6.59215e-05,0.0170082,0.01
0.909573,6.61933e-05,0.0171094,0.01
0.910231,6.64818e-05,0.0172059,0.01
0.910885,6.67704e-05,0.0173106,0.01
0.911534,6.70589e-05,0.0174097,0.01
0.912179,6.73474e-05,0.0174994,0.01
0.91282,6.7636e-05,0.0175753,0.01
0.913457,6.79245e-05,0.0176335,0.01
0.914089,6.8213e-05,0.0176684,0.01
0.914717,6.85016e-05,0.0176751,0.01
0.915341,6.87901e-05,0.0176751,0.01
0.915961,6.90786e-05,0.0176751,0.01
0.916577,6.93672e-05,0.0176751,0.01
0.917189,6.96557e-05,0.0176751,0.01
0.917796,6.99442e-05,0.0176751,0.01
0.9184,7.02328e-05,0.0176751,0.01
0.919,7.05213e-05,0.0176751,0.01
0.919595,7.08098e-05,0.0176751,0.01
0.920187,7.10983e-05,0.0176751,0.01
0.920774,7.13869e-05,0.0176894,0.01
0.921358,7.16754e-05,0.0177333,0.01
0.921937,7.19639e-05,0.0178013,0.01
0.922513,7.22525e-05,0.017888,0.01
0.923085,7.2541e-05,0.0179844,0.01
0.923653,7.28295e-05,0.01804,0.01
0.924217,7.31181e-05,0.0180884,0.01
0.924777,7.34333e-05,0.018211,0.01
0.925334,7.37484e-05,0.0183323,0.01
0.925887,7.40636e-05,0.0184473,0.01
0.926436,7.43788e-05,0.0185513,0.01
0.926981,7.4694e-05,0.0186398,0.01
0.927522,7.50092e-05,0.0187076,0.01
0.92806,7.53243e-05,0.0187486,0.01
0.928594,7.56395e-05,0.0187566,0.01
0.929125,7.59547e-05,0.0187566,0.01
0.929652,7.62699e-05,0.0187566,0.01
0.930175,7.65851e-05,0.0187566,0.01
0.930694,7.69003e-05,0.0187566,0.01
0.93121,7.72154e-05,0.0187566,0.01
0.931723,7.75306e-05,0.0187566,0.01
0.932232,7.78458e-05,0.0187566,0.01
0.932737,7.8161e-05,0.0187566,0.01
0.933239,7.84762e-05,0.0187566,0.01
0.933738,7.87914e-05,0.0187793,0.01
0.934233,7.91065e-05,0.0188365,0.01
0.934724,7.94217e-05,0.0189208,0.01
0.935212,7.97369e-05,0.019027,0.01
0.935697,8.00521e-05,0.0191504,0.01
0.936178,8.03673e-05,0.0192868,0.01
0.936656,8.06825e-05,0.0194274,0.01
0.937131,8.10725e-05,0.0195753,0.01
0.937602,8.14626e-05,0.0197195,0.01
0.93807,8.18527e-05,0.0198451,0.01
0.938535,8.22428e-05,0.0199712,0.01
0.938997,8.26329e-05,0.0200801,0.01
0.939455,8.30229e-05,0.0201658,0.01
0.93991,8.3413e-05,0.0202214,0.01
0.940362,8.38031e-05,0.0202347,0.01
0.94081,8.41932e-05,0.0202347,0.01
0.941256,8.45833e-05,0.0202347,0.01
0.941698,8.49734e-05,0.0202347,0.01
0.942138,8.53634e-05,0.0202347,0.01
0.942574,8.57535e-05,0.0202347,0.01
0.943007,8.61436e-05,0.0202347,0.01
0.943437,8.65337e-05,0.0202347,0.01
0.943864,8.69238e-05,0.0202347,0.01
0.944287,8.73139e-05,0.0202347,0.01
0.944708,8.77039e-05,0.0202412,0.01
0.945126,8.8094e-05,0.0203089,0.01
0.945541,8.84841e-05,0.0203242,0.01
0.945953,8.88742e-05,0.0203586,0.01
0.946362,8.92643e-05,0.020403,0.01
0.946768,8.96543e-05,0.0204849,0.01
0.947171,9.00444e-05,0.0205447,0.01
0.947572,9.07713e-05,0.0206026,0.01
0.947969,9.14981e-05,0.0206219,0.01
0.948364,9.22249e-05,0.0206598,0.01
0.948755,9.29517e-05,0.0206911,0.01
0.949144,9.36786e-05,0.020815,0.01
0.949531,9.44054e-05,0.0209123,0.01
0.949914,9.51322e-05,0.020977,0.01
0.950295,9.58591e-05,0.0209939,0.01
0.950672,9.65859e-05,0.0209939,0.01
0.951048,9.73127e-05,0.0209939,0.01
0.95142,9.80396e-05,0.0209939,0.01
0.95179,9.87664e-05,0.0209939,0.01
0.952157,9.94932e-05,0.0209939,0.01
0.952521,0.00010022,0.0209939,0.01
0.952883,0.000100947,0.0209939,0.01
0.953242,0.000101674,0.0209939,0.01
0.953599,0.000102401,0.0209939,0.01
0.953953,0.000103127,0.021039,0.01
0.954304,0.000103854,0.0211344,0.01
0.954653,0.000104581,0.0212676,0.01
0.955,0.000105308,0.0214327,0.01
0.955343,0.000106035,0.0216235,0.01
0.955685,0.000106762,0.0218346,0.01
0.956023,0.000107488,0.0220592,0.01
0.95636,0.000108163,0.0222895,0.01
0.956694,0.000108839,0.0225172,0.01
0.957025,0.000109514,0.0227146,0.01
0.957354,0.000110189,0.0229126,0.01
0.957681,0.000110864,0.0230758,0.01
0.958005,0.000111539,0.023213,0.01
0.958327,0.000112214,0.0232647,0.01
0.958646,0.000112889,0.0232752,0.01
0.958964,0.000113565,0.0232752,0.01
0.959278,0.00011424,0.0232752,0.01
0.959591,0.000114915,0.0232752,0.01
0.959901,0.00011559,0.0232752,0.01
0.960209,0.000116265,0.0232752,0.01
0.960515,0.00011694,0.0232752,0.01
0.960818,0.000117615,0.0232752,0.01
0.961119,0.000118291,0.0232752,0.01
0.961418,0.000118966,0.0232752,0.01
0.961715,0.000119641,0.0233009,0.01
0.96201,0.000120316,0.0234098,0.01
0.962302,0.000120991,0.023567,0.01
0.962592,0.000121666,0.0237649,0.01
0.96288,0.000122341,0.0239968,0.01
0.963166,0.000123017,0.0242544,0.01
0.96345,0.000123692,0.0245307,0.01
0.963732,0.000124655,0.0248165,0.01
0.964011,0.000125618,0.0251005,0.01
0.964289,0.000126581,0.0253731,0.01
0.964564,0.000127544,0.025624,0.01
0.964838,0.000128507,0.0258113,0.01
0.965109,0.000129469,0.0259087,0.01
0.965379,0.000130432,0.0259348,0.01
0.965646,0.000131395,0.0259643,0.01
0.965911,0.000132358,0.0259643,0.01
0.966175,0.000133321,0.0259643,0.01
0.966436,0.000134284,0.0259643,0.01
0.966696,0.000135247,0.0259643,0.01
0.966953,0.00013621,0.0259643,0.01
0.967209,0.000137173,0.0259643,0.01
0.967463,0.000138136,0.0259643,0.01
0.967715,0.000139099,0.0259643,0.01
0.967965,0.000140062,0.0259643,0.01
0.968213,0.000141025,0.0260336,0.01
0.968459,0.000141988,0.0261895,0.01
0.968703,0.000142951,0.0264111,0.01
0.968946,0.000143914,0.0266877,0.01
0.969187,0.000144877,0.0270094,0.01
0.969425,0.00014584,0.0273665,0.01
0.969663,0.000146803,0.0277475,0.01
0.969898,0.000147924,0.0281402,0.01
0.970132,0.000149046,0.028532,0.01
0.970363,0.000150168,0.0288544,0.01
0.970593,0.000151289,0.0291816,0.01
0.970822,0.000152411,0.0294557,0.01
0.971048,0.000153532,0.0296943,0.01
0.971273,0.000154654,0.0298546,0.01
0.971497,0.000155776,0.0298945,0.01
0.971718,0.000156897,0.0298945,0.01
0.971938,0.000158019,0.0298945,0.01
0.972156,0.00015914,0.0298945,0.01
0.972373,0.000160262,0.0298945,0.01
0.972588,0.000161384,0.0298945,0.01
0.972801,0.000162505,0.0298945,0.01
0.973013,0.000163627,0.0298945,0.01
0.973223,0.000164748,0.0298945,0.01
0.973431,0.00016587,0.0298945,0.01
0.973638,0.000166992,0.0299914,0.01
0.973843,0.000168113,0.0302047,0.01
0.974047,0.000169235,0.0305038,0.01
0.974249,0.000170356,0.0308729,0.01
0.97445,0.000171478,0.0313011,0.01
0.974649,0.0001726,0.0317719,0.01
0.974847,0.000173721,0.0322795,0.01
0.975043,0.000174785,0.0328043,0.01
0.975238,0.00017585,0.033328,0.01
0.975431,0.000176914,0.0338314,0.01
0.975623,0.000177978,0.0342952,0.01
0.975813,0.000179042,0.0346969,0.01
0.976002,0.000180107,0.0350144,0.01
0.976189,0.000181171,0.0352174,0.01
0.976375,0.000182235,0.0352291,0.01
0.97656,0.0001833,0.0352291,0.01
0.976743,0.000184364,0.0352291,0.01
0.976925,0.000185428,0.0352291,0.01
0.977105,0.000186492,0.0352291,0.01
0.977284,0.000187557,0.0352291,0.01
0.977462,0.000188621,0.0352291,0.01
0.977638,0.000189685,0.0352291,0.01
0.977813,0.000190749,0.0352291,0.01
0.977986,0.000191814,0.0352291,0.01
0.978159,0.000192878,0.0352542,0.01
0.978329,0.000193942,0.035367,0.01
0.978499,0.000195006,0.0355215,0.01
0.978667,0.000196071,0.035762,0.01
0.978834,0.000197135,0.035955,0.01
0.979,0.000198199,0.036228,0.01
0.979165,0.000199263,0.0364934,0.01
0.979328,0.000201157,0.0370974,0.01
0.97949,0.000203051,0.0376905,0.01
0.979651,0.000204945,0.0379479,0.01
0.97981,0.000206839,0.0379913,0.01
0.979968,0.000208732,0.0381743,0.01
0.980125,0.000210626,0.0384544,0.01
0.980281,0.00021252,0.0384762,0.01
0.980436,0.000214414,0.0384793,0.01
0.980589,0.000216307,0.0384793,0.01
0.980742,0.000218201,0.0384793,0.01
0.980893,0.000220095,0.0384793,0.01
0.981043,0.000221989,0.0384793,0.01
0.981191,0.000223883,0.0384793,0.01
0.981339,0.000225776,0.0384793,0.01
0.981486,0.00022767,0.0384793,0.01
0.981631,0.000229564,0.0384793,0.01
0.981775,0.000231458,0.0384793,0.01
0.981918,0.000233351,0.0384836,0.01
0.98206,0.000235245,0.0384905,0.01
0.982201,0.000237139,0.0385123,0.01
0.982341,0.000239033,0.0386427,0.01
0.98248,0.000240927,0.0387635,0.01
0.982618,0.00024282,0.0388523,0.01
0.982754,0.000244714,0.0390523,0.01
0.98289,0.000247296,0.0394922,0.01
0.983025,0.000249877,0.0399602,0.01
0.983158,0.000252459,0.0403168,0.01
0.983291,0.00025504,0.0406006,0.01
0.983422,0.000257622,0.0412488,0.01
0.983552,0.000260203,0.0417557,0.01
0.983682,0.000262785,0.0420889,0.01
0.98381,0.000265367,0.0421567,0.01
0.983938,0.000267948,0.0421567,0.01
0.984064,0.00027053,0.0421567,0.01
0.98419,0.000273111,0.0421567,0.01
0.984314,0.000275693,0.0421567,0.01
0.984438,0.000278274,0.0421567,0.01
0.98456,0.000280856,0.0421567,0.01
0.984682,0.000283437,0.0421567,0.01
0.984802,0.000286019,0.0421567,0.01
0.984922,0.000288601,0.0421567,0.01
0.985041,0.000291182,0.0423839,0.01
0.985159,0.000293764,0.042797,0.01
0.985276,0.000296345,0.0434679,0.01
0.985392,0.000298927,0.0442158,0.01
0.985507,0.000301508,0.0450742,0.01
0.985621,0.00030409,0.0461714,0.01
0.985735,0.000306671,0.0474865,0.01
0.985847,0.000308436,0.0487551,0.01
0.985959,0.000310201,0.0501097,0.01
0.98607,0.000311966,0.0514659,0.01
0.98618,0.000313731,0.052602,0.01
0.986289,0.000315495,0.0536112,0.01
0.986397,0.00031726,0.0544228,0.01
0.986504,0.000319025,0.0549501,0.01
0.986611,0.00032079,0.0550727,0.01
0.986716,0.000322555,0.0550727,0.01
0.986821,0.00032432,0.0550727,0.01
0.986925,0.000326084,0.0550727,0.01
0.987029,0.000327849,0.0550727,0.01
0.987131,0.000329614,0.0550727,0.01
0.987233,0.000331379,0.0550727,0.01
0.987333,0.000333144,0.0550727,0.01
0.987434,0.000334908,0.0550727,0.01
0.987533,0.000336673,0.0550727,0.01
0.987631,0.000338438,0.0553128,0.01
0.987729,0.000340203,0.0559185,0.01
0.987826,0.000341968,0.0569179,0.01
0.987922,0.000343732,0.0582038,0.01
0.988018,0.000345497,0.059632,0.01
0.988112,0.000347262,0.0612071,0.01
0.988206,0.000349027,0.062981,0.01
0.9883,0.000350255,0.0649151,0.01
0.988392,0.000351483,0.0669009,0.01
0.988484,0.000352712,0.0687714,0.01
0.988575,0.00035394,0.0705435,0.01
0.988665,0.000355168,0.0715449,0.01
0.988755,0.000356397,0.0727434,0.01
0.988844,0.000357625,0.0731544,0.01
0.988932,0.000358853,0.073272,0.01
0.98902,0.000360082,0.073272,0.01
0.989107,0.00036131,0.073272,0.01
0.989193,0.000362538,0.073272,0.01
0.989278,0.000363767,0.073272,0.01
0.989363,0.000364995,0.073272,0.01
0.989448,0.000366223,0.073272,0.01
0.989531,0.000367452,0.073272,0.01
0.989614,0.00036868,0.073272,0.01
0.989696,0.000369908,0.073272,0.01
0.989778,0.000371137,0.0733424,0.01
0.989859,0.000372365,0.0734029,0.01
0.989939,0.000373593,0.0734257,0.01
0.990019,0.000374822,0.0742594,0.01
0.990098,0.00037605,0.0763027,0.01
0.990176,0.000377278,0.0786497,0.01
0.990254,0.000378507,0.0812072,0.01
0.990331,0.000379944,0.0838633,0.01
0.990408,0.000381382,0.0858921,0.01
0.990484,0.00038282,0.0874447,0.01
0.990559,0.000384258,0.0891035,0.01
0.990634,0.000385696,0.0910434,0.01
0.990708,0.000387134,0.0923408,0.01
0.990782,0.000388571,0.0930985,0.01
0.990855,0.000390009,0.0932084,0.01
0.990928,0.000391447,0.0932084,0.01
0.991,0.000392885,0.0932084,0.01
0.991071,0.000394323,0.0932084,0.01
0.991142,0.000395761,0.0932084,0.01
0.991212,0.000397198,0.0932084,0.01
0.991282,0.000398636,0.0932084,0.01
0.991351,0.000400074,0.0932084,0.01
0.991419,0.000401512,0.0932084,0.01
0.991487,0.00040295,0.0932084,0.01
0.991555,0.000404388,0.0932986,0.01
0.991622,0.000405826,0.0936236,0.01
0.991689,0.000407263,0.0945741,0.01
0.991754,0.000408701,0.0954721,0.01
0.99182,0.000410139,0.0984933,0.01
0.991885,0.000411577,0.101135,0.01
0.991949,0.000413015,0.104043,0.01
0.992013,0.000415474,0.107063,0.01
0.992077,0.000417934,0.10919,0.01
0.992139,0.000420393,0.110208,0.01
0.992202,0.000422853,0.112385,0.01
0.992264,0.000425312,0.115091,0.01
0.992325,0.000427772,0.117324,0.01
0.992386,0.000430231,0.118752,0.01
0.992447,0.000432691,0.118982,0.01
0.992507,0.00043515,0.118982,0.01
0.992566,0.00043761,0.118982,0.01
0.992625,0.000440069,0.118982,0.01
0.992684,0.000442529,0.118982,0.01
0.992742,0.000444989,0.118982,0.01
0.992799,0.000447448,0.118982,0.01
0.992857,0.000449908,0.118982,0.01
0.992913,0.000452367,0.118982,0.01
0.99297,0.000454827,0.118982,0.01
0.993026,0.000457286,0.11908,0.01
0.993081,0.000459746,0.119156,0.01
0.993136,0.000462205,0.119277,0.01
0.99319,0.000464665,0.119457,0.01
0.993245,0.000467124,0.120217,0.01
0.993298,0.000469584,0.121321,0.01
0.993352,0.000472043,0.122235,0.01
0.993404,0.000475193,0.123306,0.01
0.993457,0.000478343,0.124153,0.01
0.993509,0.000481493,0.125737,0.01
0.99356,0.000484643,0.129847,0.01
0.993612,0.000487793,0.133439,0.01
0.993662,0.000490943,0.136265,0.01
0.993713,0.000494094,0.138019,0.01
0.993763,0.000497244,0.138275,0.01
0.993812,0.000500394,0.138275,0.01
0.993862,0.000503544,0.138275,0.01
0.99391,0.000506694,0.138275,0.01
0.993959,0.000509844,0.138275,0.01
0.994007,0.000512994,0.138275,0.01
0.994055,0.000516144,0.138275,0.01
0.994102,0.000519294,0.138275,0.01
0.994149,0.000522444,0.138275,0.01
0.994195,0.000525594,0.138275,0.01
0.994242,0.000528744,0.138369,0.01
0.994287,0.000531894,0.138627,0.01
0.994333,0.000535044,0.140574,0.01
0.994378,0.000538194,0.142813,0.01
0.994423,0.000541344,0.145123,0.01
0.994467,0.000544494,0.146409,0.01
0.994511,0.000547644,0.147726,0.01
0.994555,0.000550702,0.149666,0.01
0.994598,0.00055376,0.154436,0.01
0.994641,0.000556818,0.160196,0.01
0.994684,0.000559876,0.166057,0.01
0.994726,0.000562934,0.171205,0.01
0.994768,0.000565992,0.175299,0.01
0.99481,0.00056905,0.177918,0.01
0.994851,0.000572108,0.178325,0.01
0.994892,0.000575166,0.178325,0.01
0.994933,0.000578224,0.178325,0.01
0.994973,0.000581282,0.178325,0.01
0.995013,0.00058434,0.178325,0.01
0.995053,0.000587398,0.178325,0.01
0.995092,0.000590456,0.178325,0.01
0.995131,0.000593514,0.178325,0.01
0.99517,0.000596572,0.178325,0.01
0.995208,0.000599629,0.178325,0.01
0.995247,0.000602687,0.178831,0.01
0.995284,0.000605745,0.181933,0.01
0.995322,0.000608803,0.187369,0.01
0.995359,0.000611861,0.194391,0.01
0.995396,0.000614919,0.202674,0.01
0.995433,0.000617977,0.21203,0.01
0.995469,0.000621035,0.2222,0.01
0.995505,0.0006244,0.232874,0.01
0.995541,0.000627764,0.243688,0.01
0.995577,0.000631129,0.254223,0.01
0.995612,0.000634494,0.264029,0.0125371
0.995647,0.000637858,0.272647,0.015839
0.995682,0.000641223,0.279579,0.0201438
0.995716,0.000644588,0.284067,0.0257529
0.99575,0.000647952,0.284893,0.0330308
0.995784,0.000651317,0.284893,0.0423788
0.995818,0.000654682,0.284893,0.0543499
0.995851,0.000658046,0.284893,0.0696655
0.995884,0.000661411,0.284893,0.0892362
0.995917,0.000664776,0.284893,0.114205
0.995949,0.00066814,0.284893,0.145998
0.995982,0.000671505,0.284893,0.186378
0.996014,0.000674869,0.284893,0.237496
0.996045,0.000678234,0.284893,0.301943
0.996077,0.000681599,0.287083,0.38277
0.996108,0.000684963,0.292858,0.484244
0.996139,0.000688328,0.301305,0.612325
0.99617,0.000691693,0.311942,0.774227
0.996201,0.000695057,0.324375,0.978343
0.996231,0.000698422,0.337551,1.2336
0.996261,0.000701787,0.350498,1.54727
0.996291,0.000704667,0.361977,1.88682
0.99632,0.000707547,0.37319,2.2724
0.99635,0.000710427,0.384445,2.69186
0.996379,0.000713307,0.397524,3.12501
0.996408,0.000716188,0.40862,3.5474
0.996436,0.000719068,0.417057,3.92923
0.996465,0.000721948,0.421935,4.24743
0.996493,0.000724828,0.422498,4.492
0.996521,0.000727708,0.422498,4.66683
0.996549,0.000730589,0.422498,4.78596
0.996576,0.000733469,0.422498,4.86444
0.996604,0.000736349,0.422498,4.91497
0.996631,0.000739229,0.422498,4.94699
0.996657,0.000742109,0.422498,4.96708
0.996684,0.00074499,0.422498,4.97961
0.996711,0.00074787,0.422498,4.98739
0.996737,0.00075075,0.422498,4.99221
0.996763,0.00075363,0.424925,4.99519
0.996789,0.00075651,0.431979,4.99704
0.996814,0.000759391,0.442494,4.9982
0.99684,0.000762271,0.455795,4.99892
0.996865,0.000765151,0.4713,4.99937
0.99689,0.000768031,0.48844,4.99964
0.996915,0.000770912,0.506556,4.9998
0.996939,0.00077324,0.524939,4.99988
0.996964,0.000775568,0.542891,4.99993
0.996988,0.000777896,0.556547,4.99996
0.997012,0.000780224,0.568421,4.99998
0.997036,0.000782553,0.580144,4.99999
0.99706,0.000784881,0.589789,4.99999
0.997083,0.000787209,0.595866,5
0.997106,0.000789537,0.596785,5
0.997129,0.000791866,0.596785,5
0.997152,0.000794194,0.596785,5
0.997175,0.000796522,0.596785,5
0.997198,0.00079885,0.596785,5
0.99722,0.000801178,0.596785,5
0.997242,0.000803507,0.596785,5
0.997264,0.000805835,0.596785,5
0.997286,0.000808163,0.596785,5
0.997308,0.000810491,0.596785,5
0.997329,0.00081282,0.597156,5
0.997351,0.000815148,0.600275,5
0.997372,0.000817476,0.605859,5
0.997393,0.000819804,0.613433,5
0.997414,0.000822132,0.625437,5
0.997434,0.000824461,0.638601,5
0.997455,0.000826789,0.655888,5
0.997475,0.000829138,0.672095,5
0.997495,0.000831487,0.68791,5
0.997515,0.000833836,0.702048,5
0.997535,0.000836185,0.714397,5
0.997555,0.000838534,0.724975,5
0.997574,0.000840883,0.731804,5
0.997594,0.000843233,0.734272,5
0.997613,0.000845582,0.73437,5
0.997632,0.000847931,0.73437,5
0.997651,0.00085028,0.73437,5
0.99767,0.000852629,0.73437,5
0.997688,0.000854978,0.73437,5
0.997707,0.000857327,0.73437,5
0.997725,0.000859676,0.73437,5
0.997743,0.000862025,0.73437,5
0.997761,0.000864374,0.73437,5
0.997779,0.000866723,0.73437,5
0.997797,0.000869073,0.735934,5
0.997814,0.000871422,0.742234,5
0.997832,0.000873771,0.751545,5
0.997849,0.00087612,0.761759,5
0.997866,0.000878469,0.769709,5
0.997883,0.000880818,0.773524,5
0.9979,0.000883167,0.777559,5
0.997917,0.000886746,0.778506,5
0.997934,0.000890325,0.782031,5
0.99795,0.000893903,0.78436,5
0.997967,0.000897482,0.786432,5
0.997983,0.000901061,0.787698,5
0.997999,0.000904639,0.788331,5
0.998015,0.000908218,0.789357,5
0.998031,0.000911797,0.789433,5
0.998047,0.000915376,0.789433,5
0.998062,0.000918954,0.789433,5
0.998078,0.000922533,0.789433,5
0.998093,0.000926112,0.789433,5
0.998108,0.00092969,0.789433,5
0.998123,0.000933269,0.789433,5
0.998138,0.000936848,0.789433,5
0.998153,0.000940427,0.789433,5
0.998168,0.000944005,0.789433,5
0.998183,0.000947584,0.789637,5
0.998197,0.000951163,0.790628,5
0.998212,0.000954741,0.792124,5
0.998226,0.00095832,0.796353,5
0.99824,0.000961899,0.80724,5
0.998254,0.000965478,0.820733,5
0.998268,0.000969056,0.834633,5
0.998282,0.000972913,0.847914,5
0.998296,0.000976769,0.860103,5
0.998309,0.000980626,0.87088,5
0.998323,0.000984482,0.880027,5
0.998336,0.000988339,0.887423,5
0.99835,0.000992195,0.892957,5
0.998363,0.000996052,0.89639,5
0.998376,0.000999908,0.896885,5
0.998389,0.00100376,0.896885,5
0.998402,0.00100762,0.896885,5
0.998415,0.00101148,0.896885,5
0.998427,0.00101533,0.896885,5
0.99844,0.00101919,0.896885,5
0.998452,0.00102305,0.896885,5
0.998465,0.0010269,0.896885,5
0.998477,0.00103076,0.896885,5
0.998489,0.00103462,0.896885,5
0.998501,0.00103847,0.898392,5
0.998513,0.00104233,0.902359,5
0.998525,0.00104619,0.907874,5
0.998537,0.00105004,0.914362,5
0.998549,0.0010539,0.921347,5
0.99856,0.00105776,0.928427,5
0.998572,0.00106161,0.935252,5
0.998583,0.00106542,0.941562,5
0.998594,0.00106923,0.947175,5
0.998606,0.00107304,0.95199,5
0.998617,0.00107685,0.955965,5
0.998628,0.00108066,0.959099,5
0.998639,0.00108447,0.961384,5
0.99865,0.00108828,0.962397,5
0.998661,0.00109209,0.96242,5
0.998671,0.0010959,0.96242,5
0.998682,0.00109971,0.96242,5
0.998693,0.00110352,0.96242,5
0.998703,0.00110733,0.96242,5
0.998713,0.00111114,0.96242,5
0.998724,0.00111495,0.96242,5
0.998734,0.00111875,0.96242,5
0.998744,0.00112256,0.96242,5
0.998754,0.00112637,0.96242,5
0.998764,0.00113018,0.962923,5
0.998774,0.00113399,0.964483,5
0.998784,0.0011378,0.966464,5
0.998793,0.00114161,0.969105,5
0.998803,0.00114542,0.971603,5
0.998813,0.00114923,0.973498,5
0.998822,0.00115304,0.975554,5
0.998832,0.00115726,0.977774,5
0.998841,0.00116148,0.979678,5
0.99885,0.0011657,0.980829,5
0.998859,0.00116991,0.981131,5
0.998869,0.00117413,0.9815,5
0.998878,0.00117835,0.981893,5
0.998887,0.00118257,0.982022,5
0.998896,0.00118679,0.98203,5
0.998904,0.00119101,0.98203,5
0.998913,0.00119522,0.98203,5
0.998922,0.00119944,0.98203,5
0.998931,0.00120366,0.98203,5
0.998939,0.00120788,0.98203,5
0.998948,0.0012121,0.98203,5
0.998956,0.00121632,0.98203,5
0.998964,0.00122054,0.98203,5
0.998973,0.00122475,0.98203,5
0.998981,0.00122897,0.98221,5
0.998989,0.00123319,0.982997,5
0.998997,0.00123741,0.983731,5
0.999005,0.00124163,0.984848,5
0.999013,0.00124585,0.98602,5
0.999021,0.00125006,0.987289,5
0.999029,0.00125428,0.988407,5
0.999037,0.00125882,0.989542,5
0.999044,0.00126336,0.990334,5
0.999052,0.0012679,0.991185,5
0.99906,0.00127243,0.991949,5
0.999067,0.00127697,0.992383,5
0.999075,0.00128151,0.992706,5
0.999082,0.00128605,0.992819,5
0.999089,0.00129058,0.992823,5
0.999097,0.00129512,0.992823,5
0.999104,0.00129966,0.992823,5
0.999111,0.0013042,0.992823,5
0.999118,0.00130873,0.992823,5
0.999125,0.00131327,0.992823,5
0.999132,0.00131781,0.992823,5
0.999139,0.00132235,0.992823,5
0.999146,0.00132688,0.992823,5
0.999153,0.00133142,0.992823,5
0.99916,0.00133596,0.992838,5
0.999167,0.0013405,0.992961,5
0.999173,0.00134503,0.993341,5
0.99918,0.00134957,0.993753,5
0.999186,0.00135411,0.994289,5
0.999193,0.00135865,0.994789,5
0.999199,0.00136318,0.99525,5
0.999206,0.00136756,0.99571,5
0.999212,0.00137193,0.996036,5
0.999219,0.0013763,0.996438,5
0.999225,0.00138067,0.996816,5
0.999231,0.00138504,0.997103,5
0.999237,0.00138941,0.99728,5
0.999243,0.00139379,0.99729,5
0.999249,0.00139816,0.997292,5
0.999255,0.00140253,0.997292,5
0.999261,0.0014069,0.997292,5
0.999267,0.00141127,0.997292,5
0.999273,0.00141564,0.997292,5
0.999279,0.00142002,0.997292,5
0.999285,0.00142439,0.997292,5
0.99929,0.00142876,0.997292,5
0.999296,0.00143313,0.997292,5
0.999302,0.0014375,0.997292,5
0.999307,0.00144187,0.997308,5
0.999313,0.00144625,0.997403,5
0.999318,0.00145062,0.997566,5
0.999324,0.00145499,0.997809,5
0.999329,0.00145936,0.998068,5
0.999335,0.00146373,0.998322,5
0.99934,0.0014681,0.998553,5
0.999345,0.00147246,0.99873,5
0.999351,0.00147681,0.998867,5
0.999356,0.00148117,0.998973,5
0.999361,0.00148552,0.999064,5
0.999366,0.00148987,0.999152,5
0.999371,0.00149423,0.999193,5
0.999376,0.00149858,0.999222,5
0.999381,0.00150293,0.999224,5
0.999386,0.00150428,0.999224,5
0.999391,0.00150562,0.999224,5
0.999396,0.00150695,0.999224,5
0.999401,0.00150829,0.999224,5
0.999406,0.00150962,0.999224,5
0.99941,0.00151095,0.999224,5
0.999415,0.00151228,0.999224,5
0.99942,0.0015136,0.999224,5
0.999425,0.00151492,0.999224,5
0.999429,0.00151624,0.999237,5
0.999434,0.00151756,0.999282,5
0.999438,0.00151887,0.999345,5
0.999443,0.00152018,0.999417,5
0.999447,0.00152149,0.999491,5
0.999452,0.0015228,0.999548,5
0.999456,0.0015241,0.999614,5
0.999461,0.00152548,0.999665,5
0.999465,0.00152687,0.999705,5
0.999469,0.00152825,0.999729,5
0.999473,0.00152962,0.999754,5
0.999478,0.001531,0.999777,5
0.999482,0.00153237,0.999788,5
0.999486,0.00153374,0.999793,5
0.99949,0.0015351,0.999793,5
0.999494,0.00153646,0.999793,5
0.999498,0.00153782,0.999793,5
0.999502,0.00153918,0.999793,5
0.999506,0.00154054,0.999793,5
0.99951,0.00154189,0.999793,5
0.999514,0.00154324,0.999793,5
0.999518,0.00154459,0.999793,5
0.999522,0.00154593,0.999793,5
0.999526,0.00154727,0.999793,5
0.99953,0.00154861,0.999793,5
0.999533,0.00154995,0.999794,5
0.999537,0.00155128,0.999799,5
0.999541,0.00155261,0.999811,5
0.999545,0.00155394,0.999833,5
0.999548,0.00155526,0.999857,5
0.999552,0.00155659,0.999874,5
0.999556,0.00155837,0.99989,5
0.999559,0.00156014,0.999904,5
0.999563,0.00156191,0.999917,5
0.999566,0.00156368,0.999927,5
0.99957,0.00156545,0.999935,5
0.999573,0.00156721,0.99994,5
0.999577,0.00156897,0.999942,5
0.99958,0.00157073,0.999942,5
0.999583,0.00157248,0.999942,5
0.999587,0.00157423,0.999942,5
0.99959,0.00157597,0.999942,5
0.999593,0.00157771,0.999942,5
0.999597,0.00157945,0.999942,5
0.9996,0.00158119,0.999942,5
0.999603,0.00158292,0.999942,5
0.999606,0.00158465,0.999942,5
0.999609,0.00158637,0.999942,5
0.999613,0.0015881,0.999943,5
0.999616,0.00158981,0.999946,5
0.999619,0.00159153,0.999951,5
0.999622,0.00159324,0.999956,5
0.999625,0.00159495,0.999962,5
0.999628,0.00159666,0.999967,5
0.999631,0.00159836,0.999972,5
0.999634,0.00160019,0.999977,5
0.999637,0.00160203,0.99998,5
0.99964,0.00160386,0.999983,5
0.999643,0.00160568,0.999985,5
0.999646,0.00160751,0.999987,5
0.999648,0.00160933,0.999988,5
0.999651,0.00161114,0.999988,5
0.999654,0.00161295,0.999988,5
0.999657,0.00161476,0.999988,5
0.99966,0.00161657,0.999988,5
0.999662,0.00161837,0.999988,5
0.999665,0.00162017,0.999988,5
0.999668,0.00162196,0.999988,5
0.99967,0.00162376,0.999988,5
0.999673,0.00162554,0.999988,5
0.999676,0.00162733,0.999988,5
0.999678,0.00162911,0.999988,5
0.999681,0.00163089,0.999988,5
0.999683,0.00163266,0.999989,5
0.999686,0.00163444,0.99999,5
0.999689,0.0016362,0.999991,5
0.999691,0.00163797,0.999991,5
0.999694,0.00163973,0.999992,5
0.999696,0.00164149,0.999993,5
0.999698,0.00164319,0.999994,5
0.999701,0.00164489,0.999995,5
0.999703,0.00164659,0.999995,5
0.999706,0.00164828,0.999996,5
0.999708,0.00164997,0.999996,5
0.99971,0.00165166,0.999996,5
0.999713,0.00165334,0.999997,5
0.999715,0.00165503,0.999997,5
0.999717,0.0016567,0.999997,5
0.99972,0.00165838,0.999997,5
0.999722,0.00166005,0.999997,5
0.999724,0.00166172,0.999997,5
0.999726,0.00166338,0.999997,5
0.999729,0.00166504,0.999997,5
0.999731,0.0016667,0.999997,5
0.999733,0.00166836,0.999997,5
0.999735,0.00167001,0.999997,5
0.999737,0.00167166,0.999997,5
0.999739,0.0016733,0.999997,5
0.999742,0.00167495,0.999997,5
0.999744,0.00167659,0.999997,5
0.999746,0.00167822,0.999998,5
0.999748,0.00167986,0.999998,5
0.99975,0.00168149,0.999998,5
0.999752,0.00168296,0.999999,5
0.999754,0.00168443,0.999999,5
0.999756,0.0016859,0.999999,5
0.999758,0.00168737,0.999999,5
0.99976,0.00168883,0.999999,5
0.999762,0.00169029,0.999999,5
0.999764,0.00169175,0.999999,5
0.999766,0.0016932,0.999999,5
0.999767,0.00169466,0.999999,5
0.999769,0.0016961,0.999999,5
0.999771,0.00169755,0.999999,5
0.999773,0.00169899,0.999999,5
0.999775,0.00170044,0.999999,5
0.999777,0.00170187,0.999999,5
0.999778,0.00170331,0.999999,5
0.99978,0.00170474,0.999999,5
0.999782,0.00170617,0.999999,5
0.999784,0.0017076,0.999999,5
0.999786,0.00170902,0.999999,5
0.999787,0.00171044,0.999999,5
0.999789,0.00171186,0.999999,5
0.999791,0.00171328,1,5
0.999792,0.00171469,1,5
0.999794,0.0017161,1,5
0.999796,0.00171739,1,5
0.999797,0.00171868,1,5
0.999799,0.00171997,1,5
0.999801,0.00172125,1,5
0.999802,0.00172253,1,5
0.999804,0.00172381,1,5
0.999806,0.00172508,1,5
0.999807,0.00172635,1,5
0.999809,0.00172762,1,5
0.99981,0.00172889,1,5
0.999812,0.00173016,1,5
0.999813,0.00173142,1,5
0.999815,0.00173268,1,5
0.999816,0.00173394,1,5
0.999818,0.0017352,1,5
0.999819,0.00173645,1,5
0.999821,0.0017377,1,5
0.999822,0.00173895,1,5
0.999824,0.00174019,1,5
0.999825,0.00174144,1,5
0.999827,0.00174268,1,5
0.999828,0.00174392,1,5
0.999829,0.00174515,1,5
0.999831,0.00174639,1,5
0.999832,0.00174544,1,5
0.999833,0.00174449,1,5
0.999835,0.00174354,1,5
0.999836,0.0017426,1,5
0.999837,0.00174166,1,5
0.999839,0.00174072,1,5
0.99984,0.00173978,1,5
0.999841,0.00173884,1,5
0.999843,0.00173791,1,5
0.999844,0.00173698,1,5
0.999845,0.00173605,1,5
0.999847,0.00173512,1,5
0.999848,0.00173419,1,5
0.999849,0.00173327,1,5
0.99985,0.00173234,1,5
0.999851,0.00173142,1,5
0.999853,0.0017305,1,5
0.999854,0.00172959,1,5
0.999855,0.00172867,1,5
0.999856,0.00172776,1,5
0.999857,0.00172685,1,5
0.999859,0.00172594,1,5
0.99986,0.00172503,1,5
0.999861,0.00172412,1,5
0.999862,0.00172462,1,5
0.999863,0.00172511,1,5
0.999864,0.00172561,1,5
0.999865,0.0017261,1,5
0.999866,0.00172659,1,5
0.999868,0.00172708,1,5
0.999869,0.00172757,1,5
0.99987,0.00172806,1,5
0.999871,0.00172854,1,5
0.999872,0.00172903,1,5
0.999873,0.00172952,1,5
0.999874,0.00173,1,5
0.999875,0.00173048,1,5
0.999876,0.00173097,1,5
0.999877,0.00173145,1,5
0.999878,0.00173193,1,5
0.999879,0.00173241,1,5
0.99988,0.00173289,1,5
0.999881,0.00173336,1,5
0.999882,0.00173384,1,5
0.999883,0.00173432,1,5
0.999884,0.00173479,1,5
0.999885,0.00173527,1,5
0.999886,0.00173574,1,5
0.999887,0.00173747,1,5
0.999888,0.00173919,1,5
0.999889,0.00174091,1,5
0.999889,0.00174263,1,5
0.99989,0.00174434,1,5
0.999891,0.00174605,1,5
0.999892,0.00174776,1,5
0.999893,0.00174947,1,5
0.999894,0.00175117,1,5
0.999895,0.00175287,1,5
0.999896,0.00175456,1,5
0.999897,0.00175625,1,5
0.999897,0.00175794,1,5
0.999898,0.00175963,1,5
0.999899,0.00176131,1,5
0.9999,0.00176299,1,5
0.999901,0.00176467,1,5
0.999902,0.00176634,1,5
0.999902,0.00176801,1,5
0.999903,0.00176968,1,5
0.999904,0.00177134,1,5
0.999905,0.001773,1,5
0.999906,0.00177466,1,5
0.999906,0.00177631,1,5
0.999907,0.00177703,1,5
0.999908,0.00177774,1,5
0.999909,0.00177846,1,5
0.999909,0.00177917,1,5
0.99991,0.00177988,1,5
0.999911,0.00178059,1,5
0.999912,0.00178129,1,5
0.999912,0.001782,1,5
0.999913,0.00178271,1,5
0.999914,0.00178341,1,5
0.999914,0.00178411,1,5
0.999915,0.00178481,1,5
0.999916,0.00178551,1,5
0.999917,0.00178621,1,5
0.999917,0.00178691,1,5
0.999918,0.0017876,1,5
0.999919,0.0017883,1,5
0.999919,0.00178899,1,5
0.99992,0.00178968,1,5
0.999921,0.00179037,1,5
0.999921,0.00179106,1,5
0.999922,0.00179175,1,5
0.999923,0.00179243,1,5
0.999923,0.00179312,1,5
0.999924,0.00179397,1,5
0.999925,0.00179482,1,5
0.999925,0.00179567,1,5
0.999926,0.00179652,1,5
0.999926,0.00179737,1,5
0.999927,0.00179821,1,5
0.999928,0.00179905,1,5
0.999928,0.0017999,1,5
0.999929,0.00180074,1,5
0.999929,0.00180158,1,5
0.99993,0.00180241,1,5
0.999931,0.00180325,1,5
0.999931,0.00180408,1,5
0.999932,0.00180491,1,5
0.999932,0.00180574,1,5
0.999933,0.00180657,1,5
0.999933,0.0018074,1,5
0.999934,0.00180823,1,5
0.999935,0.00180905,1,5
0.999935,0.00180987,1,5
0.999936,0.00181069,1,5
0.999936,0.00181151,1,5
0.999937,0.00181233,1,5
0.999937,0.00181315,1,5
0.999938,0.00181199,1,5
0.999938,0.00181084,1,5
0.999939,0.00180969,1,5
0.999939,0.00180854,1,5
0.99994,0.00180739,1,5
0.99994,0.00180624,1,5
0.999941,0.0018051,1,5
0.999941,0.00180396,1,5
0.999942,0.00180282,1,5
0.999942,0.00180169,1,5
0.999943,0.00180055,1,5
0.999943,0.00179942,1,5
0.999944,0.00179829,1,5
0.999944,0.00179717,1,5
0.999945,0.00179604,1,5
0.999945,0.00179492,1,5
0.999946,0.0017938,1,5
0.999946,0.00179268,1,5
0.999947,0.00179157,1,5
0.999947,0.00179045,1,5
0.999947,0.00178934,1,5
0.999948,0.00178823,1,5
0.999948,0.00178713,1,5
0.999949,0.00178602,1,5
0.999949,0.00178379,1,5
0.99995,0.00178156,1,5
0.99995,0.00177934,1,5
0.99995,0.00177712,1,5
0.999951,0.0017749,1,5
0.999951,0.00177269,1,5
0.999952,0.00177049,1,5
0.999952,0.00176829,1,5
0.999953,0.00176609,1,5
0.999953,0.0017639,1,5
0.999953,0.00176171,1,5
0.999954,0.00175953,1,5
0.999954,0.00175735,1,5
0.999955,0.00175518,1,5
0.999955,0.00175301,1,5
0.999955,0.00175084,1,5
0.999956,0.00174868,1,5
0.999956,0.00174653,1,5
0.999956,0.00174438,1,5
0.999957,0.00174223,1,5
0.999957,0.00174009,1,5
0.999958,0.00173795,1,5
0.999958,0.00173582,1,5
0.999958,0.00173369,1,5
0.999959,0.00173232,1,5
0.999959,0.00173096,1,5
0.999959,0.0017296,1,5
0.99996,0.00172824,1,5
0.99996,0.00172689,1,5
0.99996,0.00172554,1,5
0.999961,0.00172419,1,5
0.999961,0.00172284,1,5
0.999961,0.0017215,1,5
0.999962,0.00172016,1,5
0.999962,0.00171882,1,5
0.999962,0.00171749,1,5
0.999963,0.00171616,1,5
0.999963,0.00171483,1,5
0.999963,0.0017135,1,5
0.999964,0.00171218,1,5
0.999964,0.00171085,1,5
0.999964,0.00170953,1,5
0.999965,0.00170822,1,5
0.999965,0.0017069,1,5
0.999965,0.00170559,1,5
0.999966,0.00170429,1,5
0.999966,0.00170298,1,5
0.999966,0.00170168,1,5
0.999966,0.00169987,1,5
0.999967,0.00169806,1,5
0.999967,0.00169625,1,5
0.999967,0.00169445,1,5
0.999968,0.00169266,1,5
0.999968,0.00169087,1,5
0.999968,0.00168908,1,5
0.999968,0.00168729,1,5
0.999969,0.00168551,1,5
0.999969,0.00168373,1,5
0.999969,0.00168196,1,5
0.99997,0.00168019,1,5
0.99997,0.00167842,1,5
0.99997,0.00167666,1,5
0.99997,0.0016749,1,5
0.999971,0.00167314,1,5
0.999971,0.00167139,1,5
0.999971,0.00166964,1,5
0.999971,0.00166789,1,5
0.999972,0.00166615,1,5
0.999972,0.00166441,1,5
0.999972,0.00166267,1,5
0.999972,0.00166094,1,5
0.999973,0.00165921,1,5
0.999973,0.00165938,1,5
0.999973,0.00165954,1,5
0.999973,0.0016597,1,5
0.999974,0.00165986,1,5
0.999974,0.00166002,1,5
0.999974,0.00166018,1,5
0.999974,0.00166035,1,5
0.999975,0.00166051,1,5
0.999975,0.00166067,1,5
0.999975,0.00166083,1,5
0.999975,0.00166099,1,5
0.999975,0.00166114,1,5
0.999976,0.0016613,1,5
0.999976,0.00166146,1,5
0.999976,0.00166162,1,5
0.999976,0.00166178,1,5
0.999977,0.00166194,1,5
0.999977,0.00166209,1,5
0.999977,0.00166225,1,5
0.999977,0.00166241,1,5
0.999977,0.00166256,1,5
0.999978,0.00166272,1,5
0.999978,0.00166288,1,5
0.999978,0.00166303,1,5
0.999978,0.00166126,1,5
0.999978,0.00165949,1,5
0.999979,0.00165773,1,5
0.999979,0.00165596,1,5
0.999979,0.00165421,1,5
0.999979,0.00165245,1,5
0.999979,0.0016507,1,5
0.99998,0.00164895,1,5
0.99998,0.00164721,1,5
0.99998,0.00164547,1,5
0.99998,0.00164373,1,5
0.99998,0.001642,1,5
0.99998,0.00164027,1,5
0.999981,0.00163854,1,5
0.999981,0.00163682,1,5
0.999981,0.0016351,1,5
0.999981,0.00163338,1,5
0.999981,0.00163167,1,5
0.999982,0.00162996,1,5
0.999982,0.00162825,1,5
0.999982,0.00162655,1,5
0.999982,0.00162485,1,5
0.999982,0.00162316,1,5
0.999982,0.00162146,1,5
0.999983,0.00162104,1,5
0.999983,0.00162061,1,5
0.999983,0.00162018,1,5
0.999983,0.00161976,1,5
0.999983,0.00161933,1,5
0.999983,0.00161891,1,5
0.999984,0.00161849,1,5
0.999984,0.00161807,1,5
0.999984,0.00161764,1,5
0.999984,0.00161722,1,5
0.999984,0.0016168,1,5
0.999984,0.00161639,1,5
0.999984,0.00161597,1,5
0.999985,0.00161555,1,5
0.999985,0.00161513,1,5
0.999985,0.00161472,1,5
0.999985,0.0016143,1,5
0.999985,0.00161389,1,5
0.999985,0.00161348,1,5
0.999985,0.00161306,1,5
0.999986,0.00161265,1,5
0.999986,0.00161224,1,5
0.999986,0.00161183,1,5
0.999986,0.00161142,1,5
0.999986,0.00161093,1,5
0.999986,0.00161044,1,5
0.999986,0.00160994,1,5
0.999987,0.00160945,1,5
0.999987,0.00160896,1,5
0.999987,0.00160848,1,5
0.999987,0.00160799,1,5
0.999987,0.0016075,1,5
0.999987,0.00160702,1,5
0.999987,0.00160653,1,5
0.999987,0.00160605,1,5
0.999988,0.00160556,1,5
0.999988,0.00160508,1,5
0.999988,0.0016046,1,5
0.999988,0.00160412,1,5
0.999988,0.00160364,1,5
0.999988,0.00160316,1,5
0.999988,0.00160268,1,5
0.999988,0.00160221,1,5
0.999989,0.00160173,1,5
0.999989,0.00160126,1,5
0.999989,0.00160078,1,5
0.999989,0.00160031,1,5
0.999989,0.00159984,1,5
0.999989,0.00159657,0.999684,4.95
0.999989,0.0015933,0.999153,4.94998
0.999989,0.00159005,0.998895,4.94996
0.999989,0.00158679,0.998765,4.94994
0.99999,0.00158355,0.998607,4.94994
0.99999,0.00158031,0.998519,4.94993
0.99999,0.00157709,0.998494,4.94993
0.99999,0.00157386,0.998494,4.94992
0.99999,0.00157065,0.998494,4.94992
0.99999,0.00156744,0.998494,4.94992
0.99999,0.00156424,0.998494,4.94992
0.99999,0.00156104,0.998494,4.94992
0.99999,0.00155785,0.998494,4.94992
0.999991,0.00155467,0.998494,4.94992
0.999991,0.0015515,0.998494,4.94992
0.999991,0.00154833,0.998494,4.94992
0.999991,0.00154517,0.998494,4.94992
0.999991,0.00154202,0.998461,4.94992
0.999991,0.00153887,0.998067,4.94992
0.999991,0.00153573,0.99739,4.9499
0.999991,0.00153259,0.996595,4.94987
0.999991,0.00152947,0.995773,4.94983
0.999991,0.00152635,0.994987,4.94979
0.999991,0.00152323,0.994276,4.94975
0.999992,0.00152033,0.993662,4.94971
0.999992,0.00151744,0.993153,4.94968
0.999992,0.00151455,0.992747,4.94966
0.999992,0.00151167,0.992436,4.94964
0.999992,0.0015088,0.992226,4.94962
0.999992,0.00150593,0.99208,4.94961
0.999992,0.00150307,0.992052,4.9496
0.999992,0.00150021,0.992052,4.9496
0.999992,0.00149736,0.992052,4.9496
0.999992,0.00149451,0.992052,4.9496
0.999992,0.00149168,0.992052,4.9496
0.999993,0.00148884,0.992052,4.9496
0.999993,0.00148602,0.992052,4.9496
0.999993,0.0014832,0.992052,4.9496
0.999993,0.00148038,0.992052,4.9496
0.999993,0.00147757,0.992052,4.9496
0.999993,0.00147477,0.992052,4.9496
0.999993,0.00147197,0.992046,4.9496
0.999993,0.00146918,0.991956,4.9496
0.999993,0.00146639,0.991805,4.94959
0.999993,0.00146361,0.991625,4.94959
0.999993,0.00146084,0.991435,4.94958
0.999993,0.00145807,0.99125,4.94957
0.999994,0.00145531,0.991081,4.94956
0.999994,0.00145234,0.990933,4.94955
0.999994,0.00144938,0.990809,4.94954
0.999994,0.00144642,0.99071,4.94954
0.999994,0.00144347,0.990633,4.94953
0.999994,0.00144052,0.990577,4.94953
0.999994,0.00143758,0.990541,4.94952
0.999994,0.00143465,0.990531,4.94952
0.999994,0.00143172,0.990531,4.94952
0.999994,0.0014288,0.990531,4.94952
0.999994,0.00142589,0.990531,4.94952
0.999994,0.00142298,0.990531,4.94952
0.999994,0.00142008,0.990531,4.94952
0.999994,0.00141719,0.990531,4.94952
0.999995,0.0014143,0.990531,4.94952
0.999995,0.00141142,0.990531,4.94952
0.999995,0.00140854,0.990531,4.94952
0.999995,0.00140567,0.990531,4.94952
0.999995,0.00140281,0.990531,4.94952
0.999995,0.00139995,0.99052,4.94952
0.999995,0.0013971,0.990493,4.94952
0.999995,0.00139425,0.990454,4.94952
0.999995,0.00139141,0.990405,4.94952
0.999995,0.00138858,0.990364,4.94952
0.999995,0.00138575,0.990321,4.94951
0.999995,0.00138284,0.990282,4.94951
0.999995,0.00137995,0.990248,4.94951
0.999995,0.00137705,0.990229,4.94951
0.999995,0.00137417,0.990218,4.94951
0.999996,0.00137129,0.990207,4.94951
0.999996,0.00136841,0.990198,4.94951
0.999996,0.00136555,0.990197,4.94951
0.999996,0.00136269,0.990197,4.9495
0.999996,0.00135983,0.990197,4.9495
0.999996,0.00135698,0.990197,4.9495
0.999996,0.00135414,0.990197,4.9495
0.999996,0.0013513,0.990197,4.9495
0.999996,0.00134847,0.990197,4.9495
0.999996,0.00134565,0.990197,4.9495
0.999996,0.00134283,0.990197,4.9495
0.999996,0.00134002,0.990197,4.9495
0.999996,0.00133721,0.990197,4.9495
0.999996,0.00133441,0.990197,4.9495
0.999996,0.00133162,0.990196,4.9495
0.999996,0.00132883,0.990193,4.9495
0.999996,0.00132605,0.990187,4.9495
0.999996,0.00132327,0.990181,4.9495
0.999997,0.0013205,0.990175,4.9495
0.999997,0.00131774,0.990167,4.9495
0.999997,0.001315,0.990155,4.9495
0.999997,0.00131227,0.99015,4.9495
0.999997,0.00130954,0.990146,4.9495
0.999997,0.00130682,0.990143,4.9495
0.999997,0.0013041,0.990142,4.9495
0.999997,0.00130139,0.990142,4.9495
0.999997,0.00129869,0.990141,4.9495
0.999997,0.00129599,0.990141,4.9495
0.999997,0.0012933,0.990141,4.9495
0.999997,0.00129062,0.990141,4.9495
0.999997,0.00128794,0.990141,4.9495
0.999997,0.00128526,0.990141,4.9495
0.999997,0.00128259,0.990141,4.9495
0.999997,0.00127993,0.990141,4.9495
0.999997,0.00127727,0.990141,4.9495
0.999997,0.00127462,0.990141,4.9495
0.999997,0.00127197,0.990141,4.9495
0.999997,0.00126933,0.990141,4.9495
0.999997,0.0012667,0.990138,4.9495
0.999998,0.00126407,0.990137,4.9495
0.999998,0.00126145,0.990133,4.9495
0.999998,0.00125883,0.990132,4.9495
0.999998,0.00125622,0.990129,4.9495
0.999998,0.00125361,0.990124,4.9495
0.999998,0.0012511,0.990121,4.9495
0.999998,0.00124859,0.990119,4.9495
0.999998,0.00124609,0.990115,4.9495
0.999998,0.0012436,0.990113,4.9495
0.999998,0.00124111,0.990106,4.9495
0.999998,0.00123862,0.990102,4.9495
0.999998,0.00123614,0.9901,4.9495
0.999998,0.00123367,0.9901,4.9495
0.999998,0.0012312,0.9901,4.9495
0.999998,0.00122873,0.9901,4.9495
0.999998,0.00122628,0.9901,4.9495
0.999998,0.00122382,0.9901,4.9495
0.999998,0.00122137,0.9901,4.9495
0.999998,0.00121893,0.9901,4.9495
0.999998,0.00121649,0.9901,4.9495
0.999998,0.00121406,0.9901,4.9495
0.999998,0.00121163,0.9901,4.9495
0.999998,0.00120921,0.9901,4.9495
0.999998,0.00120679,0.990096,4.9495
0.999998,0.00120438,0.99009,4.9495
0.999999,0.00120197,0.990082,4.9495
0.999999,0.00119957,0.990074,4.9495
0.999999,0.00119717,0.990066,4.9495
0.999999,0.00119478,0.990059,4.9495
0.999999,0.00119211,0.990052,4.9495
0.999999,0.00118944,0.990046,4.9495
0.999999,0.00118678,0.990042,4.9495
0.999999,0.00118413,0.990039,4.9495
0.999999,0.00118148,0.990036,4.9495
0.999999,0.00117883,0.990034,4.9495
0.999999,0.0011762,0.990033,4.9495
0.999999,0.00117357,0.990033,4.9495
0.999999,0.00117094,0.990033,4.9495
0.999999,0.00116832,0.990033,4.9495
0.999999,0.00116571,0.990033,4.9495
0.999999,0.0011631,0.990033,4.9495
0.999999,0.0011605,0.990033,4.9495
0.999999,0.00115791,0.990033,4.9495
0.999999,0.00115532,0.990033,4.9495
0.999999,0.00115273,0.990033,4.9495
0.999999,0.00115015,0.990033,4.9495
0.999999,0.00114758,0.990033,4.9495
0.999999,0.00114501,0.990032,4.9495
0.999999,0.00114245,0.99003,4.9495
0.999999,0.0011399,0.990028,4.9495
0.999999,0.00113735,0.990025,4.9495
0.999999,0.00113481,0.990023,4.9495
0.999999,0.00113227,0.99002,4.9495
0.999999,0.00113044,0.990018,4.9495
0.999999,0.00112861,0.990016,4.9495
0.999999,0.00112679,0.990015,4.9495
1,0.00112497,0.990013,4.9495
1,0.00112315,0.990012,4.9495
1,0.00112134,0.990012,4.9495
1,0.00111953,0.990012,4.9495
1,0.00111773,0.990012,4.9495
1,0.00111593,0.990012,4.9495
1,0.00111413,0.990012,4.9495
1,0.00111234,0.990012,4.9495
1,0.00111055,0.990012,4.9495
1,0.00110876,0.990012,4.9495
1,0.00110698,0.990012,4.9495
1,0.0011052,0.990012,4.9495
1,0.00110342,0.990012,4.9495
1,0.00110165,0.990012,4.9495
1,0.00109988,0.990012,4.9495
1,0.00109812,0.990012,4.9495
1,0.00109636,0.990012,4.9495
1,0.0010946,0.990011,4.9495
1,0.00109284,0.99001,4.9495
1,0.00109109,0.990009,4.9495
1,0.00108934,0.990008,4.9495
0.995,0.00108705,0.990007,4.9495
0.990065,0.00108477,0.990007,4.9495
0.985193,0.00108249,0.990006,4.9495
0.980384,0.00108021,0.990006,4.9495
0.975636,0.00107794,0.990005,4.9495
0.970948,0.00107567,0.990005,4.9495
0.966319,0.00107341,0.990005,4.9495
0.961748,0.00107115,0.990005,4.9495
0.957233,0.0010689,0.990005,4.9495
0.952775,0.00106665,0.990005,4.9495
0.948371,0.00106441,0.990005,4.9495
0.944021,0.00106217,0.990005,4.9495
0.939723,0.00105994,0.990005,4.9495
0.935478,0.00105771,0.990005,4.9495
0.931283,0.00105549,0.990005,4.9495
0.927139,0.00105327,0.990005,4.9495
0.923044,0.00105105,0.990005,4.9495
0.918997,0.00104885,0.990005,4.9495
0.914997,0.00104664,0.990005,4.9495
0.911045,0.00104444,0.990005,4.9495
0.907138,0.00104225,0.990005,4.9495
0.903276,0.00104006,0.990005,4.9495
0.899459,0.00103787,0.990004,4.9495
0.895685,0.00103569,0.990004,4.9495
0.891954,0.00103337,0.990003,4.9495
0.888265,0.00103106,0.990003,4.9495
0.884618,0.00102875,0.990003,4.9495
0.881011,0.00102645,0.990003,4.9495
0.877445,0.00102415,0.990003,4.9495
0.873918,0.00102186,0.990002,4.9495
0.87043,0.00101958,0.990002,4.9495
0.86698,0.00101729,0.990002,4.9495
0.863568,0.00101502,0.990002,4.9495
0.860192,0.00101275,0.990002,4.9495
0.856854,0.00101048,0.990002,4.9495
0.853551,0.00100822,0.990002,4.9495
0.850283,0.00100596,0.990002,4.9495
0.84705,0.00100371,0.990002,4.9495
0.843851,0.00100147,0.990002,4.9495
0.840686,0.000999227,0.990002,4.9495
0.837554,0.000996991,0.990002,4.9495
0.834455,0.00099476,0.990002,4.9495
0.831388,0.000992534,0.990002,4.9495
0.828352,0.000990314,0.990002,4.9495
0.825348,0.000988098,0.990002,4.9495
0.822374,0.000985887,0.990002,4.9495
0.819431,0.000983681,0.990002,4.9495
0.816518,0.00098148,0.990002,4.9495
0.813634,0.000979336,0.990002,4.9495
0.810779,0.000977196,0.990002,4.9495
0.807952,0.000975061,0.990002,4.9495
0.805154,0.000972931,0.990002,4.9495
0.802383,0.000970806,0.990002,4.9495
0.79964,0.000968685,0.990002,4.9495
0.796923,0.000966569,0.990002,4.9495
0.794233,0.000964457,0.990002,4.9495
0.79157,0.00096235,0.990002,4.9495
0.788932,0.000960248,0.990002,4.9495
0.786319,0.00095815,0.990002,4.9495
0.783732,0.000956057,0.990002,4.9495
0.781169,0.000953968,0.990002,4.9495
0.778631,0.000951884,0.990002,4.9495
0.776117,0.000949805,0.990002,4.9495
0.773626,0.00094773,0.990002,4.9495
0.771159,0.00094566,0.990002,4.9495
0.768715,0.000943594,0.990002,4.9495
0.766294,0.000941533,0.990002,4.9495
0.763895,0.000939476,0.990002,4.9495
0.761518,0.000937424,0.990002,4.9495
0.759164,0.000935377,0.990002,4.9495
0.756831,0.000933333,0.990001,4.9495
0.754519,0.000931295,0.990001,4.9495
0.752228,0.000929429,0.990001,4.9495
0.749958,0.000927566,0.990001,4.9495
0.747708,0.000925708,0.990001,4.9495
0.745479,0.000923854,0.990001,4.9495
0.74327,0.000922003,0.990001,4.9495
0.74108,0.000920156,0.990001,4.94949
0.738909,0.000918313,0.990001,4.94949
0.736758,0.000916474,0.990001,4.94949
0.734626,0.000914639,0.990001,4.94949
0.732513,0.000912808,0.990001,4.94949
0.730418,0.00091098,0.990001,4.94949
0.728341,0.000909156,0.990001,4.94949
0.726282,0.000907336,0.990001,4.94949
0.724241,0.00090552,0.990001,4.94949
0.722217,0.000903707,0.990001,4.94949
0.720211,0.000901899,0.990001,4.94949
0.718222,0.000900094,0.990001,4.94949
0.71625,0.000898293,0.990001,4.94949
0.714295,0.000896495,0.990001,4.94949
0.712356,0.000894702,0.990001,4.94949
0.710434,0.000892912,0.990001,4.94949
0.708527,0.000891126,0.990001,4.94949
0.706637,0.000889343,0.990001,4.94949
0.704762,0.000887564,0.990001,4.94949
0.702903,0.000886119,0.990001,4.94949
0.701059,0.000884677,0.990001,4.94949
0.69923,0.000883237,0.990001,4.94949
0.697417,0.000881801,0.990001,4.94949
0.695618,0.000880367,0.990001,4.94949
0.693834,0.000878936,0.990001,4.94949
0.692064,0.000877508,0.990001,4.94949
0.690308,0.000876083,0.990001,4.94949
0.688567,0.00087466,0.990001,4.94949
0.68684,0.000873241,0.990001,4.94949
0.685126,0.000871824,0.990001,4.94949
0.683427,0.00087041,0.990001,4.94949
0.68174,0.000868999,0.990001,4.94949
0.680067,0.00086759,0.990001,4.94949
0.678408,0.000866185,0.990001,4.94949
0.676761,0.000864782,0.990001,4.94949
0.675127,0.000863382,0.990001,4.94949
0.673506,0.000861985,0.990001,4.94949
0.671898,0.000860591,0.990001,4.94949
0.670302,0.000859199,0.990001,4.94949
0.668719,0.00085781,0.990001,4.94949
0.667147,0.000856424,0.99,4.94949
0.665588,0.000855041,0.99,4.94949
0.664041,0.00085366,0.99,4.94949
0.662505,0.000852962,0.99,4.94672
0.660982,0.000852264,0.99,4.94651
0.659469,0.000851568,0.99,4.94649
0.657969,0.000850874,0.99,4.94649
0.656479,0.00085018,0.99,4.94649
0.655001,0.000849488,0.99,4.94649
0.653534,0.000848798,0.99,4.94649
0.652078,0.000848108,0.99,4.94649
0.650632,0.00084742,0.99,4.94649
0.649197,0.000846734,0.99,4.94649
0.647773,0.000846048,0.99,4.94649
0.64636,0.000845364,0.99,4.94649
0.644957,0.000844681,0.99,4.94649
0.643564,0.000844,0.99,4.94649
0.642181,0.000843319,0.99,4.94649
0.640809,0.00084264,0.99,4.94649
0.639446,0.000841963,0.99,4.94649
0.638093,0.000841286,0.99,4.94649
0.63675,0.000840611,0.99,4.94649
0.635417,0.000839938,0.99,4.94649
0.634093,0.000839265,0.99,4.94649
0.632779,0.000838594,0.99,4.94649
0.631474,0.000837924,0.99,4.94649
0.630178,0.000837255,0.99,4.94649
0.628892,0.000835378,0.99,4.94943
0.627614,0.000833506,0.99,4.94949
0.626346,0.000831637,0.99,4.94949
0.625087,0.000829773,0.99,4.94949
0.623836,0.000827913,0.99,4.94949
0.622594,0.000826057,0.99,4.94949
0.621361,0.000824205,0.99,4.94949
0.620136,0.000822357,0.99,4.94949
0.61892,0.000820514,0.99,4.94949
0.617713,0.000818674,0.99,4.94949
0.616513,0.000816839,0.99,4.94949
0.615322,0.000815008,0.99,4.94949
0.614139,0.000813181,0.99,4.94949
0.612964,0.000811358,0.99,4.94949
0.611797,0.000809539,0.99,4.94949
0.610638,0.000807724,0.99,4.94949
0.609487,0.000805913,0.99,4.94949
0.608344,0.000804107,0.99,4.94949
0.607208,0.000802304,0.99,4.94949
0.60608,0.000800505,0.99,4.94949
0.60496,0.000798711,0.99,4.94949
0.603847,0.00079692,0.99,4.94949
0.602742,0.000795134,0.99,4.94949
0.601643,0.000793351,0.99,4.94949
0.600553,0.000791393,0.99,4.94949
0.599469,0.000789439,0.99,4.94949
0.598392,0.00078749,0.99,4.94949
0.597323,0.000785546,0.99,4.94949
0.596261,0.000783607,0.99,4.94949
0.595205,0.000781673,0.99,4.94949
0.594157,0.000779743,0.99,4.94949
0.593115,0.000777818,0.99,4.94949
0.59208,0.000775898,0.99,4.94949
0.591052,0.000773983,0.99,4.94949
0.59003,0.000772072,0.99,4.94949
0.589015,0.000770166,0.99,4.94949
0.588007,0.000768265,0.99,4.94949
0.587005,0.000766368,0.99,4.94949
0.586009,0.000764476,0.99,4.94949
0.58502,0.000762589,0.99,4.94949
0.584037,0.000760707,0.99,4.94949
0.583061,0.000758829,0.99,4.94949
0.58209,0.000756956,0.99,4.94949
0.581126,0.000755087,0.99,4.94949
0.580168,0.000753223,0.99,4.94949
0.579215,0.000751364,0.99,4.94949
0.578269,0.000749509,0.99,4.94949
0.577329,0.000747659,0.99,4.94949
0.576394,0.000745876,0.99,4.94949
0.575466,0.000744098,0.99,4.94949
0.574543,0.000742324,0.99,4.94949
0.573626,0.000740555,0.99,4.94949
0.572714,0.00073879,0.99,4.94949
0.571808,0.000737029,0.99,4.94949
0.570908,0.000735272,0.99,4.94949
0.570013,0.000733519,0.99,4.94949
0.569124,0.00073177,0.99,4.94949
0.56824,0.000730026,0.99,4.94949
0.567362,0.000728286,0.99,4.94949
0.566489,0.00072655,0.99,4.94949
0.565621,0.000724818,0.99,4.94949
0.564758,0.00072309,0.99,4.94949
0.563901,0.000721366,0.99,4.94949
0.563049,0.000719647,0.99,4.94949
0.562202,0.000717931,0.99,4.94949
0.56136,0.00071622,0.99,4.94949
0.560523,0.000714513,0.99,4.94949
0.559691,0.000712809,0.99,4.94949
0.558864,0.00071111,0.99,4.94949
0.558042,0.000709415,0.99,4.94949
0.557225,0.000707724,0.99,4.94949
0.556413,0.000706037,0.99,4.94949
0.555605,0.000704531,0.99,4.94949
0.554802,0.000703029,0.99,4.94949
0.554004,0.000701529,0.99,4.94949
0.553211,0.000700033,0.99,4.94949
0.552422,0.000698541,0.99,4.94949
0.551638,0.000697051,0.99,4.94949
0.550859,0.000695564,0.99,4.94949
0.550084,0.000694081,0.99,4.94949
0.549313,0.000692601,0.99,4.94949
0.548547,0.000691124,0.99,4.94949
0.547786,0.00068965,0.99,4.94949
0.547029,0.00068818,0.99,4.94949
0.546276,0.000686712,0.99,4.94949
0.545527,0.000685248,0.99,4.94949
0.544783,0.000683787,0.99,4.94949
0.544043,0.000682329,0.99,4.94949
0.543307,0.000680874,0.99,4.94949
0.542576,0.000679422,0.99,4.94949
0.541849,0.000677973,0.99,4.94949
0.541125,0.000676528,0.99,4.94949
0.540406,0.000675085,0.99,4.94949
0.539691,0.000673646,0.99,4.94949
0.53898,0.000672209,0.99,4.94949
0.538273,0.000670776,0.99,4.94949
0.53757,0.00066956,0.99,4.94949
0.536871,0.000668347,0.99,4.94949
0.536176,0.000667137,0.99,4.94949
0.535484,0.000665928,0.99,4.94949
0.534797,0.000664723,0.99,4.94949
0.534113,0.000663519,0.99,4.94949
0.533433,0.000662318,0.99,4.94949
0.532757,0.00066112,0.99,4.94949
0.532085,0.000659923,0.99,4.94949
0.531416,0.00065873,0.99,4.94949
0.530751,0.000657538,0.99,4.94949
0.53009,0.000656349,0.99,4.94949
0.529432,0.000655162,0.99,4.94949
0.528778,0.000653978,0.99,4.94949
0.528128,0.000652796,0.99,4.94949
0.527481,0.000651616,0.99,4.94949
0.526837,0.000650439,0.99,4.94949
0.526197,0.000649264,0.99,4.94949
0.525561,0.000648091,0.99,4.94949
0.524928,0.000646921,0.99,4.94949
0.524298,0.000645753,0.99,4.94949
0.523672,0.000644587,0.99,4.94949
0.523049,0.000643424,0.99,4.94949
0.52243,0.000642263,0.99,4.94949
0.521814,0.000641256,0.99,4.9488
0.521201,0.00064025,0.99,4.94877
0.520591,0.000639247,0.99,4.94877
0.519985,0.000638246,0.99,4.94877
0.519382,0.000637246,0.99,4.94877
0.518782,0.000636249,0.99,4.94877
0.518185,0.000635253,0.99,4.94877
0.517592,0.000634259,0.99,4.94877
0.517001,0.000633268,0.99,4.94877
0.516414,0.000632278,0.99,4.94877
0.51583,0.00063129,0.99,4.94877
0.515249,0.000630304,0.99,4.94877
0.514671,0.00062932,0.99,4.94877
0.514095,0.000628338,0.99,4.94877
0.513523,0.000627358,0.99,4.94877
0.512954,0.000626379,0.99,4.94877
0.512388,0.000625403,0.99,4.94877
0.511825,0.000624428,0.99,4.94877
0.511265,0.000623456,0.99,4.94877
0.510708,0.000622485,0.99,4.94877
0.510153,0.000621516,0.99,4.94877
0.509602,0.000620549,0.99,4.94877
0.509053,0.000619584,0.99,4.94877
0.508507,0.000618621,0.99,4.94877
0.507964,0.000617411,0.99,4.94948
0.507423,0.000616204,0.99,4.94949
0.506886,0.000615,0.99,4.94949
0.506351,0.000613797,0.99,4.94949
0.505819,0.000612598,0.99,4.94949
0.50529,0.0006114,0.99,4.94949
0.504763,0.000610205,0.99,4.94949
0.504239,0.000609013,0.99,4.94949
0.503718,0.000607823,0.99,4.94949
0.503199,0.000606635,0.99,4.94949
0.502683,0.00060545,0.99,4.94949
0.50217,0.000604267,0.99,4.94949
0.501659,0.000603086,0.99,4.94949
0.50115,0.000601908,0.99,4.94949
0.500645,0.000600732,0.99,4.94949
0.500141,0.000599559,0.99,4.94949
0.499641,0.000598388,0.99,4.94949
0.499143,0.000597219,0.99,4.94949
0.498647,0.000596053,0.99,4.94949
0.498154,0.000594889,0.99,4.94949
0.497663,0.000593728,0.99,4.94949
0.497175,0.000592568,0.99,4.94949
0.496689,0.000591412,0.99,4.94949
0.496205,0.000590257,0.99,4.94949
0.495724,0.000589173,0.99,4.94949
0.495245,0.000588091,0.99,4.94949
0.494769,0.000587012,0.99,4.94949
0.494295,0.000585934,0.99,4.94949
0.493823,0.000584859,0.99,4.94949
0.493354,0.000583786,0.99,4.94949
0.492887,0.000582714,0.99,4.94949
0.492422,0.000581645,0.99,4.94949
0.491959,0.000580579,0.99,4.94949
0.491499,0.000579514,0.99,4.94949
0.491041,0.000578451,0.99,4.94949
0.490585,0.000577391,0.99,4.94949
0.490131,0.000576332,0.99,4.94949
0.48968,0.000575276,0.99,4.94949
0.489231,0.000574222,0.99,4.94949
0.488784,0.000573169,0.99,4.94949
0.488339,0.000572119,0.99,4.94949
0.487896,0.000571071,0.99,4.94949
0.487455,0.000570025,0.99,4.94949
0.487017,0.000568981,0.99,4.94949
0.48658,0.00056794,0.99,4.94949
0.486146,0.0005669,0.99,4.94949
0.485714,0.000565862,0.99,4.94949
0.485284,0.000564827,0.99,4.94949
0.484856,0.00056386,0.99,4.94897
0.484429,0.000562895,0.99,4.94896
0.484005,0.000561932,0.99,4.94896
0.483583,0.000560971,0.99,4.94896
0.483163,0.000560012,0.99,4.94896
0.482745,0.000559054,0.99,4.94896
0.482329,0.000558099,0.99,4.94896
0.481915,0.000557145,0.99,4.94896
0.481503,0.000556193,0.99,4.94896
0.481093,0.000555244,0.99,4.94896
0.480684,0.000554295,0.99,4.94896
0.480278,0.000553349,0.99,4.94896
0.479873,0.000552405,0.99,4.94896
0.479471,0.000551462,0.99,4.94896
0.47907,0.000550522,0.99,4.94896
0.478671,0.000549583,0.99,4.94896
0.478274,0.000548646,0.99,4.94896
0.477879,0.000547711,0.99,4.94896
0.477486,0.000546777,0.99,4.94896
0.477094,0.000545846,0.99,4.94896
0.476705,0.000544916,0.99,4.94896
0.476317,0.000543988,0.99,4.94896
0.475931,0.000543062,0.99,4.94896
0.475547,0.000542138,0.99,4.94896
0.475164,0.000541371,0.99,4.9466
0.474783,0.000540607,0.99,4.94642
0.474404,0.000539844,0.99,4.94641
0.474027,0.000539082,0.99,4.94641
0.473652,0.000538322,0.99,4.94641
0.473278,0.000537563,0.99,4.94641
0.472906,0.000536805,0.99,4.94641
0.472535,0.000536049,0.99,4.94641
0.472167,0.000535295,0.99,4.94641
0.4718,0.000534542,0.99,4.94641
0.471434,0.00053379,0.99,4.94641
0.471071,0.00053304,0.99,4.94641
0.470708,0.000532291,0.99,4.94641
0.470348,0.000531544,0.99,4.94641
0.469989,0.000530798,0.99,4.94641
0.469632,0.000530053,0.99,4.94641
0.469277,0.00052931,0.99,4.94641
0.468923,0.000528569,0.99,4.94641
0.46857,0.000527828,0.99,4.94641
0.46822,0.00052709,0.99,4.94641
0.467871,0.000526352,0.99,4.94641
0.467523,0.000525616,0.99,4.94641
0.467177,0.000524881,0.99,4.94641
0.466832,0.000524148,0.99,4.94641
0.466489,0.000523904,0.99,4.94224
0.466148,0.000523661,0.99,4.9416
0.465808,0.000523418,0.99,4.9415
0.46547,0.000523175,0.99,4.94148
0.465133,0.000522933,0.99,4.94148
0.464798,0.000522691,0.99,4.94148
0.464464,0.00052245,0.99,4.94148
0.464131,0.000522209,0.99,4.94148
0.4638,0.000521969,0.99,4.94148
0.463471,0.000521729,0.99,4.94148
0.463143,0.00052149,0.99,4.94148
0.462816,0.000521251,0.99,4.94148
0.462491,0.000521012,0.99,4.94148
0.462167,0.000520774,0.99,4.94148
0.461845,0.000520536,0.99,4.94148
0.461524,0.000520299,0.99,4.94148
0.461205,0.000520062,0.99,4.94148
0.460887,0.000519825,0.99,4.94148
0.46057,0.00051959,0.99,4.94148
0.460255,0.000519354,0.99,4.94148
0.459941,0.000519119,0.99,4.94148
0.459628,0.000518884,0.99,4.94148
0.459317,0.00051865,0.99,4.94148
0.459007,0.000518416,0.99,4.94148
0.458699,0.000518342,0.99,4.93991
0.458392,0.000518268,0.99,4.93963
0.458086,0.000518194,0.99,4.93958
0.457782,0.000518121,0.99,4.93957
0.457478,0.000518047,0.99,4.93957
0.457177,0.000517974,0.99,4.93956
0.456876,0.000517901,0.99,4.93956
0.456577,0.000517828,0.99,4.93956
0.456279,0.000517755,0.99,4.93956
0.455982,0.000517682,0.99,4.93956
0.455687,0.000517609,0.99,4.93956
0.455393,0.000517537,0.99,4.93956
0.4551,0.000517464,0.99,4.93956
0.454808,0.000517392,0.99,4.93956
0.454518,0.00051732,0.99,4.93956
0.454229,0.000517248,0.99,4.93956
0.453941,0.000517176,0.99,4.93956
0.453654,0.000517104,0.99,4.93956
0.453369,0.000517032,0.99,4.93956
0.453084,0.000516961,0.99,4.93956
0.452801,0.00051689,0.99,4.93956
0.45252,0.000516818,0.99,4.93956
0.452239,0.000516747,0.99,4.93956
0.45196,0.000516676,0.99,4.93956
0.451681,0.000515604,0.99,4.94928
0.451404,0.000514534,0.99,4.94949
0.451128,0.000513466,0.99,4.94949
0.450854,0.000512401,0.99,4.94949
0.45058,0.000511337,0.99,4.94949
0.450308,0.000510276,0.99,4.94949
0.450036,0.000509217,0.99,4.94949
0.449766,0.000508161,0.99,4.94949
0.449497,0.000507106,0.99,4.94949
0.449229,0.000506054,0.99,4.94949
0.448963,0.000505004,0.99,4.94949
0.448697,0.000503956,0.99,4.94949
0.448432,0.00050291,0.99,4.94949
0.448169,0.000501866,0.99,4.94949
0.447907,0.000500825,0.99,4.94949
0.447645,0.000499786,0.99,4.94949
0.447385,0.000498749,0.99,4.94949
0.447126,0.000497714,0.99,4.94949
0.446868,0.000496681,0.99,4.94949
0.446611,0.00049565,0.99,4.94949
0.446355,0.000494622,0.99,4.94949
0.446101,0.000493595,0.99,4.94949
0.445847,0.000492571,0.99,4.94949
0.445594,0.000491549,0.99,4.94949
0.445343,0.000490442,0.99,4.94949
0.445092,0.000489338,0.99,4.94949
0.444842,0.000488236,0.99,4.94949
0.444594,0.000487137,0.99,4.94949
0.444346,0.00048604,0.99,4.94949
0.4441,0.000484946,0.99,4.94949
0.443854,0.000483854,0.99,4.94949
0.44361,0.000482765,0.99,4.94949
0.443366,0.000481678,0.99,4.94949
0.443124,0.000480593,0.99,4.94949
0.442883,0.000479511,0.99,4.94949
0.442642,0.000478431,0.99,4.94949
0.442402,0.000477354,0.99,4.94949
0.442164,0.000476279,0.99,4.94949
0.441926,0.000475207,0.99,4.94949
0.44169,0.000474137,0.99,4.94949
0.441454,0.00047307,0.99,4.94949
0.441219,0.000472005,0.99,4.94949
0.440986,0.000470942,0.99,4.94949
0.440753,0.000469881,0.99,4.94949
0.440521,0.000468823,0.99,4.94949
0.44029,0.000467768,0.99,4.94949
0.44006,0.000466715,0.99,4.94949
0.439831,0.000465664,0.99,4.94949
0.439603,0.000464699,0.99,4.94949
0.439376,0.000463735,0.99,4.94949
0.43915,0.000462774,0.99,4.94949
0.438924,0.000461815,0.99,4.94949
0.4387,0.000460857,0.99,4.94949
0.438476,0.000459902,0.99,4.94949
0.438254,0.000458949,0.99,4.94949
0.438032,0.000457997,0.99,4.94949
0.437811,0.000457048,0.99,4.94949
0.437591,0.000456101,0.99,4.94949
0.437372,0.000455155,0.99,4.94949
0.437154,0.000454212,0.99,4.94949
0.436936,0.00045327,0.99,4.94949
0.43672,0.00045233,0.99,4.94949
0.436504,0.000451393,0.99,4.94949
0.43629,0.000450457,0.99,4.94949
0.436076,0.000449523,0.99,4.94949
0.435863,0.000448592,0.99,4.94949
0.43565,0.000447662,0.99,4.94949
0.435439,0.000446734,0.99,4.94949
0.435228,0.000445808,0.99,4.94949
0.435019,0.000444884,0.99,4.94949
0.43481,0.000443961,0.99,4.94949
0.434602,0.000443041,0.99,4.94949
0.434395,0.000442419,0.99,4.94459
0.434188,0.000441799,0.99,4.94402
0.433983,0.000441179,0.99,4.94395
0.433778,0.000440561,0.99,4.94394
0.433574,0.000439944,0.99,4.94394
0.433371,0.000439328,0.99,4.94394
0.433168,0.000438713,0.99,4.94394
0.432967,0.000438099,0.99,4.94394
0.432766,0.000437487,0.99,4.94394
0.432566,0.000436875,0.99,4.94394
0.432367,0.000436265,0.99,4.94394
0.432168,0.000435656,0.99,4.94394
0.431971,0.000435048,0.99,4.94394
0.431774,0.000434441,0.99,4.94394
0.431578,0.000433835,0.99,4.94394
0.431383,0.000433231,0.99,4.94394
0.431188,0.000432627,0.99,4.94394
0.430994,0.000432025,0.99,4.94394
0.430801,0.000431424,0.99,4.94394
0.430609,0.000430824,0.99,4.94394
0.430417,0.000430225,0.99,4.94394
0.430226,0.000429627,0.99,4.94394
0.430036,0.00042903,0.99,4.94394
0.429847,0.000428434,0.99,4.94394
0.429658,0.000427634,0.99,4.94834
0.429471,0.000426836,0.99,4.94852
0.429283,0.000426039,0.99,4.94852
0.429097,0.000425243,0.99,4.94853
0.428911,0.00042445,0.99,4.94853
0.428726,0.000423657,0.99,4.94853
0.428542,0.000422866,0.99,4.94853
0.428359,0.000422077,0.99,4.94853
0.428176,0.000421289,0.99,4.94853
0.427994,0.000420503,0.99,4.94853
0.427812,0.000419719,0.99,4.94853
0.427631,0.000418935,0.99,4.94853
0.427451,0.000418154,0.99,4.94853
0.427272,0.000417374,0.99,4.94853
0.427093,0.000416595,0.99,4.94853
0.426915,0.000415818,0.99,4.94853
0.426738,0.000415042,0.99,4.94853
0.426561,0.000414268,0.99,4.94853
0.426386,0.000413496,0.99,4.94853
0.42621,0.000412725,0.99,4.94853
0.426036,0.000411955,0.99,4.94853
0.425862,0.000411187,0.99,4.94853
0.425688,0.00041042,0.99,4.94853
0.425516,0.000409655,0.99,4.94853
0.425344,0.000409206,0.99,4.94227
0.425173,0.000408758,0.99,4.94126
0.425002,0.000408311,0.99,4.9411
0.424832,0.000407865,0.99,4.94108
0.424663,0.000407419,0.99,4.94107
0.424494,0.000406974,0.99,4.94107
0.424326,0.00040653,0.99,4.94107
0.424158,0.000406087,0.99,4.94107
0.423992,0.000405645,0.99,4.94107
0.423825,0.000405203,0.99,4.94107
0.42366,0.000404763,0.99,4.94107
0.423495,0.000404323,0.99,4.94107
0.423331,0.000403884,0.99,4.94107
0.423167,0.000403445,0.99,4.94107
0.423004,0.000403008,0.99,4.94107
0.422842,0.000402571,0.99,4.94107
0.42268,0.000402135,0.99,4.94107
0.422518,0.0004017,0.99,4.94107
0.422358,0.000401266,0.99,4.94107
0.422198,0.000400833,0.99,4.94107
0.422038,0.0004004,0.99,4.94107
0.42188,0.000399968,0.99,4.94107
0.421721,0.000399537,0.99,4.94107
0.421564,0.000399107,0.99,4.94107
0.421407,0.000398739,0.99,4.93979
0.42125,0.000398372,0.99,4.93955
0.421095,0.000398006,0.99,4.93951
0.420939,0.00039764,0.99,4.9395
0.420785,0.000397275,0.99,4.9395
0.42063,0.000396911,0.99,4.9395
0.420477,0.000396547,0.99,4.9395
0.420324,0.000396184,0.99,4.9395
0.420172,0.000395822,0.99,4.9395
0.42002,0.000395461,0.99,4.9395
0.419868,0.0003951,0.99,4.9395
0.419718,0.000394739,0.99,4.9395
0.419568,0.00039438,0.99,4.9395
0.419418,0.000394021,0.99,4.9395
0.419269,0.000393662,0.99,4.9395
0.419121,0.000393305,0.99,4.9395
0.418973,0.000392947,0.99,4.9395
0.418825,0.000392591,0.99,4.9395
0.418678,0.000392235,0.99,4.9395
0.418532,0.00039188,0.99,4.9395
0.418386,0.000391526,0.99,4.9395
0.418241,0.000391172,0.99,4.9395
0.418096,0.000390819,0.99,4.9395
0.417952,0.000390466,0.99,4.9395
0.417809,0.000389953,0.99,4.94098
0.417666,0.00038944,0.99,4.94121
0.417523,0.000388928,0.99,4.94125
0.417381,0.000388417,0.99,4.94126
0.41724,0.000387908,0.99,4.94126
0.417099,0.000387399,0.99,4.94126
0.416958,0.000386891,0.99,4.94126
0.416818,0.000386384,0.99,4.94126
0.416679,0.000385878,0.99,4.94126
0.41654,0.000385372,0.99,4.94126
0.416401,0.000384868,0.99,4.94126
0.416263,0.000384365,0.99,4.94126
0.416126,0.000383863,0.99,4.94126
0.415989,0.000383361,0.99,4.94126
0.415853,0.000382861,0.99,4.94126
0.415717,0.000382361,0.99,4.94126
0.415581,0.000381862,0.99,4.94126
0.415447,0.000381364,0.99,4.94126
0.415312,0.000380868,0.99,4.94126
0.415178,0.000380372,0.99,4.94126
0.415045,0.000379876,0.99,4.94126
0.414912,0.000379382,0.99,4.94126
0.414779,0.000378889,0.99,4.94126
0.414647,0.000378397,0.99,4.94126
0.414516,0.000377754,0.99,4.94406
0.414385,0.000377112,0.99,4.94437
0.414254,0.000376471,0.99,4.9444
0.414124,0.000375832,0.99,4.94441
0.413995,0.000375194,0.99,4.94441
0.413865,0.000374557,0.99,4.94441
0.413737,0.000373921,0.99,4.94441
0.413609,0.000373286,0.99,4.94441
0.413481,0.000372653,0.99,4.94441
0.413354,0.000372021,0.99,4.94441
0.413227,0.00037139,0.99,4.94441
0.4131,0.00037076,0.99,4.94441
0.412974,0.000370131,0.99,4.94441
0.412849,0.000369504,0.99,4.94441
0.412724,0.000368877,0.99,4.94441
0.412599,0.000368252,0.99,4.94441
0.412475,0.000367628,0.99,4.94441
0.412352,0.000367005,0.99,4.94441
0.412229,0.000366384,0.99,4.94441
0.412106,0.000365763,0.99,4.94441
0.411983,0.000365144,0.99,4.94441
0.411862,0.000364526,0.99,4.94441
0.41174,0.000363909,0.99,4.94441
0.411619,0.000363293,0.99,4.94441
0.411499,0.000362555,0.99,4.94939
0.411378,0.000361819,0.99,4.94949
0.411259,0.000361084,0.99,4.94949
0.411139,0.000360351,0.99,4.94949
0.411021,0.000359619,0.99,4.94949
0.410902,0.000358889,0.99,4.94949
0.410784,0.00035816,0.99,4.94949
0.410666,0.000357432,0.99,4.94949
0.410549,0.000356707,0.99,4.94949
0.410433,0.000355982,0.99,4.94949
0.410316,0.000355259,0.99,4.94949
0.4102,0.000354538,0.99,4.94949
0.410085,0.000353818,0.99,4.94949
0.40997,0.000353099,0.99,4.94949
0.409855,0.000352382,0.99,4.94949
0.409741,0.000351666,0.99,4.94949
0.409627,0.000350952,0.99,4.94949
0.409513,0.00035024,0.99,4.94949
0.4094,0.000349528,0.99,4.94949
0.409288,0.000348818,0.99,4.94949
0.409175,0.00034811,0.99,4.94949
0.409064,0.000347403,0.99,4.94949
0.408952,0.000346698,0.99,4.94949
0.408841,0.000345993,0.99,4.94949
0.40873,0.000345178,0.99,4.94949
0.40862,0.000344364,0.99,4.94949
0.40851,0.000343553,0.99,4.94949
0.408401,0.000342743,0.99,4.94949
0.408292,0.000341935,0.99,4.94949
0.408183,0.000341129,0.99,4.94949
0.408074,0.000340325,0.99,4.94949
0.407966,0.000339523,0.99,4.94949
0.407859,0.000338722,0.99,4.94949
0.407752,0.000337924,0.99,4.94949
0.407645,0.000337127,0.99,4.94949
0.407538,0.000336333,0.99,4.94949
0.407432,0.00033554,0.99,4.94949
0.407327,0.000334749,0.99,4.94949
0.407221,0.00033396,0.99,4.94949
0.407116,0.000333173,0.99,4.94949
0.407012,0.000332388,0.99,4.94949
0.406908,0.000331604,0.99,4.94949
0.406804,0.000330822,0.99,4.94949
0.4067,0.000330043,0.99,4.94949
0.406597,0.000329265,0.99,4.94949
0.406494,0.000328489,0.99,4.94949
0.406392,0.000327714,0.99,4.94949
0.40629,0.000326942,0.99,4.94949
0.406188,0.000326177,0.99,4.94949
0.406087,0.000325414,0.99,4.94949
0.405986,0.000324653,0.99,4.94949
0.405885,0.000323893,0.99,4.94949
0.405785,0.000323136,0.99,4.94949
0.405685,0.00032238,0.99,4.94949
0.405585,0.000321626,0.99,4.94949
0.405486,0.000320873,0.99,4.94949
0.405387,0.000320123,0.99,4.94949
0.405289,0.000319374,0.99,4.94949
0.405191,0.000318627,0.99,4.94949
0.405093,0.000317881,0.99,4.94949
0.404995,0.000317138,0.99,4.94949
0.404898,0.000316396,0.99,4.94949
0.404801,0.000315656,0.99,4.94949
0.404705,0.000314917,0.99,4.94949
0.404608,0.00031418,0.99,4.94949
0.404513,0.000313446,0.99,4.94949
0.404417,0.000312712,0.99,4.94949
0.404322,0.000311981,0.99,4.94949
0.404227,0.000311251,0.99,4.94949
0.404133,0.000310523,0.99,4.94949
0.404038,0.000309796,0.99,4.94949
0.403945,0.000309072,0.99,4.94949
0.403851,0.000308372,0.99,4.94949
0.403758,0.000307675,0.99,4.94949
0.403665,0.000306979,0.99,4.94949
0.403572,0.000306284,0.99,4.94949
0.40348,0.000305592,0.99,4.94949
0.403388,0.0003049,0.99,4.94949
0.403297,0.000304211,0.99,4.94949
0.403205,0.000303522,0.99,4.94949
0.403114,0.000302836,0.99,4.94949
0.403024,0.000302151,0.99,4.94949
0.402933,0.000301467,0.99,4.94949
0.402843,0.000300785,0.99,4.94949
0.402754,0.000300105,0.99,4.94949
0.402664,0.000299426,0.99,4.94949
0.402575,0.000298748,0.99,4.94949
0.402486,0.000298073,0.99,4.94949
0.402398,0.000297398,0.99,4.94949
0.40231,0.000296726,0.99,4.94949
0.402222,0.000296054,0.99,4.94949
0.402134,0.000295385,0.99,4.94949
0.402047,0.000294716,0.99,4.94949
0.40196,0.00029405,0.99,4.94949
0.401873,0.000293384,0.99,4.94949
0.401787,0.000292721,0.99,4.94949
0.401701,0.000291982,0.99,4.94949
0.401615,0.000291245,0.99,4.94949
0.401529,0.00029051,0.99,4.94949
0.401444,0.000289776,0.99,4.94949
0.401359,0.000289045,0.99,4.94949
0.401275,0.000288315,0.99,4.94949
0.40119,0.000287588,0.99,4.94949
0.401106,0.000286862,0.99,4.94949
0.401022,0.000286138,0.99,4.94949
0.400939,0.000285415,0.99,4.94949
0.400856,0.000284695,0.99,4.94949
0.400773,0.000283976,0.99,4.94949
0.40069,0.000283259,0.99,4.94949
0.400608,0.000282544,0.99,4.94949
0.400526,0.000281831,0.99,4.94949
0.400444,0.00028112,0.99,4.94949
0.400363,0.00028041,0.99,4.94949
0.400281,0.000279702,0.99,4.94949
0.4002,0.000278996,0.99,4.94949
0.40012,0.000278292,0.99,4.94949
0.400039,0.00027759,0.99,4.94949
0.399959,0.000276889,0.99,4.94949
